mode: atomic
github.com/corvusHold/guard/internal/applications/service/service.go:19.43,21.2 1 7
github.com/corvusHold/guard/internal/applications/service/service.go:23.101,25.16 2 4
github.com/corvusHold/guard/internal/applications/service/service.go:25.16,27.3 1 1
github.com/corvusHold/guard/internal/applications/service/service.go:28.2,40.32 2 3
github.com/corvusHold/guard/internal/applications/service/service.go:43.90,45.2 1 1
github.com/corvusHold/guard/internal/applications/service/service.go:47.125,49.2 1 0
github.com/corvusHold/guard/internal/applications/service/service.go:51.115,53.2 1 0
github.com/corvusHold/guard/internal/applications/service/service.go:55.67,57.2 1 2
github.com/corvusHold/guard/internal/auth/sso/domain/errors.go:10.45,12.2 1 0
github.com/corvusHold/guard/internal/auth/sso/domain/errors.go:19.45,21.2 1 0
github.com/corvusHold/guard/internal/auth/sso/domain/errors.go:30.45,32.2 1 0
github.com/corvusHold/guard/internal/auth/sso/domain/errors.go:39.43,41.2 1 0
github.com/corvusHold/guard/internal/auth/sso/domain/errors.go:46.41,48.2 1 0
github.com/corvusHold/guard/internal/auth/sso/domain/errors.go:55.51,57.2 1 0
github.com/corvusHold/guard/internal/auth/sso/domain/errors.go:65.45,67.2 1 0
github.com/corvusHold/guard/internal/auth/sso/domain/errors.go:74.42,76.2 1 0
github.com/corvusHold/guard/internal/auth/sso/domain/errors.go:94.45,95.18 1 0
github.com/corvusHold/guard/internal/auth/sso/domain/errors.go:96.33,97.125 1 0
github.com/corvusHold/guard/internal/auth/sso/domain/errors.go:98.37,99.115 1 0
github.com/corvusHold/guard/internal/auth/sso/domain/errors.go:100.10,101.59 1 0
github.com/corvusHold/guard/internal/auth/sso/domain/types.go:45.39,46.11 1 0
github.com/corvusHold/guard/internal/auth/sso/domain/types.go:47.75,48.14 1 0
github.com/corvusHold/guard/internal/auth/sso/domain/types.go:49.10,50.15 1 0
github.com/corvusHold/guard/internal/auth/sso/domain/types.go:297.52,306.2 1 9
github.com/corvusHold/guard/internal/auth/sso/domain/types.go:309.75,310.20 1 10
github.com/corvusHold/guard/internal/auth/sso/domain/types.go:310.20,312.3 1 8
github.com/corvusHold/guard/internal/auth/sso/domain/types.go:315.2,315.46 1 10
github.com/corvusHold/guard/internal/auth/sso/domain/types.go:315.46,316.28 1 51
github.com/corvusHold/guard/internal/auth/sso/domain/types.go:316.28,317.63 1 163
github.com/corvusHold/guard/internal/auth/sso/domain/types.go:317.63,319.5 1 12
github.com/corvusHold/guard/internal/auth/sso/domain/types.go:321.3,321.13 1 39
github.com/corvusHold/guard/internal/auth/sso/domain/types.go:325.2,325.43 1 10
github.com/corvusHold/guard/internal/auth/sso/domain/types.go:325.43,326.17 1 43
github.com/corvusHold/guard/internal/auth/sso/domain/types.go:326.17,328.4 1 34
github.com/corvusHold/guard/internal/auth/sso/domain/types.go:329.3,329.32 1 9
github.com/corvusHold/guard/internal/auth/sso/domain/types.go:329.32,331.4 1 8
github.com/corvusHold/guard/internal/auth/sso/domain/types.go:332.3,332.12 1 1
github.com/corvusHold/guard/internal/auth/sso/domain/types.go:336.2,336.50 1 10
github.com/corvusHold/guard/internal/auth/sso/domain/types.go:336.50,337.17 1 8
github.com/corvusHold/guard/internal/auth/sso/domain/types.go:337.17,339.4 1 5
github.com/corvusHold/guard/internal/auth/sso/domain/types.go:340.3,340.26 1 3
github.com/corvusHold/guard/internal/auth/sso/domain/types.go:341.17,342.12 1 1
github.com/corvusHold/guard/internal/auth/sso/domain/types.go:343.22,345.27 2 1
github.com/corvusHold/guard/internal/auth/sso/domain/types.go:345.27,346.35 1 3
github.com/corvusHold/guard/internal/auth/sso/domain/types.go:346.35,348.6 1 3
github.com/corvusHold/guard/internal/auth/sso/domain/types.go:350.4,350.17 1 1
github.com/corvusHold/guard/internal/auth/sso/domain/types.go:351.15,352.22 1 1
github.com/corvusHold/guard/internal/auth/sso/domain/types.go:353.11,354.14 1 0
github.com/corvusHold/guard/internal/auth/sso/domain/types.go:359.2,359.25 1 10
github.com/corvusHold/guard/internal/auth/sso/domain/types.go:359.25,360.39 1 9
github.com/corvusHold/guard/internal/auth/sso/domain/types.go:360.39,362.4 1 9
github.com/corvusHold/guard/internal/auth/sso/domain/types.go:364.2,364.29 1 10
github.com/corvusHold/guard/internal/auth/sso/domain/types.go:364.29,365.44 1 9
github.com/corvusHold/guard/internal/auth/sso/domain/types.go:365.44,367.4 1 8
github.com/corvusHold/guard/internal/auth/sso/domain/types.go:369.2,369.28 1 10
github.com/corvusHold/guard/internal/auth/sso/domain/types.go:369.28,370.43 1 10
github.com/corvusHold/guard/internal/auth/sso/domain/types.go:370.43,372.4 1 9
github.com/corvusHold/guard/internal/auth/sso/domain/types.go:374.2,374.24 1 10
github.com/corvusHold/guard/internal/auth/sso/domain/types.go:374.24,375.38 1 10
github.com/corvusHold/guard/internal/auth/sso/domain/types.go:375.38,377.4 1 9
github.com/corvusHold/guard/internal/auth/sso/domain/types.go:379.2,379.27 1 10
github.com/corvusHold/guard/internal/auth/sso/domain/types.go:379.27,380.41 1 10
github.com/corvusHold/guard/internal/auth/sso/domain/types.go:380.41,382.4 1 8
github.com/corvusHold/guard/internal/auth/sso/domain/types.go:384.2,384.30 1 10
github.com/corvusHold/guard/internal/auth/sso/domain/types.go:384.30,385.40 1 10
github.com/corvusHold/guard/internal/auth/sso/domain/types.go:385.40,387.4 1 8
github.com/corvusHold/guard/internal/auth/sso/domain/validation.go:12.46,13.16 1 0
github.com/corvusHold/guard/internal/auth/sso/domain/validation.go:13.16,15.3 1 0
github.com/corvusHold/guard/internal/auth/sso/domain/validation.go:17.2,18.14 2 0
github.com/corvusHold/guard/internal/auth/sso/domain/validation.go:18.14,20.3 1 0
github.com/corvusHold/guard/internal/auth/sso/domain/validation.go:21.2,21.20 1 0
github.com/corvusHold/guard/internal/auth/sso/domain/validation.go:21.20,23.3 1 0
github.com/corvusHold/guard/internal/auth/sso/domain/validation.go:24.2,24.12 1 0
github.com/corvusHold/guard/internal/auth/sso/domain/validation.go:28.39,29.18 1 0
github.com/corvusHold/guard/internal/auth/sso/domain/validation.go:29.18,31.3 1 0
github.com/corvusHold/guard/internal/auth/sso/domain/validation.go:32.2,33.16 2 0
github.com/corvusHold/guard/internal/auth/sso/domain/validation.go:33.16,35.3 1 0
github.com/corvusHold/guard/internal/auth/sso/domain/validation.go:36.2,36.57 1 0
github.com/corvusHold/guard/internal/auth/sso/domain/validation.go:36.57,38.3 1 0
github.com/corvusHold/guard/internal/auth/sso/domain/validation.go:39.2,39.12 1 0
github.com/corvusHold/guard/internal/auth/sso/domain/validation.go:43.40,45.35 1 0
github.com/corvusHold/guard/internal/auth/sso/domain/validation.go:45.35,47.3 1 0
github.com/corvusHold/guard/internal/auth/sso/domain/validation.go:48.2,48.22 1 0
github.com/corvusHold/guard/internal/auth/sso/domain/validation.go:48.22,50.3 1 0
github.com/corvusHold/guard/internal/auth/sso/domain/validation.go:51.2,51.12 1 0
github.com/corvusHold/guard/internal/auth/sso/domain/validation.go:55.46,57.21 2 0
github.com/corvusHold/guard/internal/auth/sso/domain/validation.go:57.21,59.3 1 0
github.com/corvusHold/guard/internal/auth/sso/domain/validation.go:60.2,60.34 1 0
github.com/corvusHold/guard/internal/auth/sso/domain/validation.go:65.71,66.30 1 0
github.com/corvusHold/guard/internal/auth/sso/domain/validation.go:66.30,68.3 1 0
github.com/corvusHold/guard/internal/auth/sso/domain/validation.go:70.2,71.18 2 0
github.com/corvusHold/guard/internal/auth/sso/domain/validation.go:71.18,73.3 1 0
github.com/corvusHold/guard/internal/auth/sso/domain/validation.go:75.2,75.41 1 0
github.com/corvusHold/guard/internal/auth/sso/domain/validation.go:75.41,76.41 1 0
github.com/corvusHold/guard/internal/auth/sso/domain/validation.go:76.41,78.4 1 0
github.com/corvusHold/guard/internal/auth/sso/domain/validation.go:81.2,81.14 1 0
github.com/corvusHold/guard/internal/auth/keys/keys.go:31.81,37.45 2 9
github.com/corvusHold/guard/internal/auth/keys/keys.go:37.45,40.3 2 1
github.com/corvusHold/guard/internal/auth/keys/keys.go:42.2,42.26 1 8
github.com/corvusHold/guard/internal/auth/keys/keys.go:42.26,44.3 1 1
github.com/corvusHold/guard/internal/auth/keys/keys.go:46.2,46.26 1 7
github.com/corvusHold/guard/internal/auth/keys/keys.go:46.26,48.17 2 1
github.com/corvusHold/guard/internal/auth/keys/keys.go:48.17,50.4 1 0
github.com/corvusHold/guard/internal/auth/keys/keys.go:51.3,52.17 2 1
github.com/corvusHold/guard/internal/auth/keys/keys.go:52.17,54.4 1 0
github.com/corvusHold/guard/internal/auth/keys/keys.go:55.3,56.31 2 1
github.com/corvusHold/guard/internal/auth/keys/keys.go:57.8,60.17 2 6
github.com/corvusHold/guard/internal/auth/keys/keys.go:60.17,62.4 1 0
github.com/corvusHold/guard/internal/auth/keys/keys.go:63.3,64.31 2 6
github.com/corvusHold/guard/internal/auth/keys/keys.go:68.2,70.15 2 7
github.com/corvusHold/guard/internal/auth/keys/keys.go:74.38,76.2 1 1
github.com/corvusHold/guard/internal/auth/keys/keys.go:79.39,81.2 1 9
github.com/corvusHold/guard/internal/auth/keys/keys.go:84.53,85.28 1 1
github.com/corvusHold/guard/internal/auth/keys/keys.go:85.28,87.3 1 0
github.com/corvusHold/guard/internal/auth/keys/keys.go:88.2,88.31 1 1
github.com/corvusHold/guard/internal/auth/keys/keys.go:94.63,95.51 1 1
github.com/corvusHold/guard/internal/auth/keys/keys.go:95.51,97.3 1 0
github.com/corvusHold/guard/internal/auth/keys/keys.go:99.2,99.24 1 1
github.com/corvusHold/guard/internal/auth/keys/keys.go:99.24,101.3 1 0
github.com/corvusHold/guard/internal/auth/keys/keys.go:102.2,102.29 1 1
github.com/corvusHold/guard/internal/auth/keys/keys.go:108.68,109.50 1 1
github.com/corvusHold/guard/internal/auth/keys/keys.go:109.50,111.3 1 0
github.com/corvusHold/guard/internal/auth/keys/keys.go:112.2,112.24 1 1
github.com/corvusHold/guard/internal/auth/keys/keys.go:112.24,114.3 1 1
github.com/corvusHold/guard/internal/auth/keys/keys.go:115.2,115.29 1 0
github.com/corvusHold/guard/internal/auth/keys/keys.go:119.34,121.2 1 11
github.com/corvusHold/guard/internal/auth/keys/keys.go:125.46,126.45 1 5
github.com/corvusHold/guard/internal/auth/keys/keys.go:126.45,128.3 1 2
github.com/corvusHold/guard/internal/auth/keys/keys.go:130.2,142.3 3 3
github.com/corvusHold/guard/internal/auth/keys/keys.go:146.47,148.17 2 3
github.com/corvusHold/guard/internal/auth/keys/keys.go:148.17,150.3 1 1
github.com/corvusHold/guard/internal/auth/keys/keys.go:151.2,151.27 1 2
github.com/corvusHold/guard/internal/auth/keys/keys.go:155.46,162.2 5 14
github.com/corvusHold/guard/internal/auth/keys/rotation.go:49.74,57.2 2 13
github.com/corvusHold/guard/internal/auth/keys/rotation.go:60.85,64.21 3 3
github.com/corvusHold/guard/internal/auth/keys/rotation.go:64.21,67.3 2 1
github.com/corvusHold/guard/internal/auth/keys/rotation.go:67.8,69.3 1 2
github.com/corvusHold/guard/internal/auth/keys/rotation.go:70.2,73.16 3 3
github.com/corvusHold/guard/internal/auth/keys/rotation.go:73.16,75.3 1 1
github.com/corvusHold/guard/internal/auth/keys/rotation.go:76.2,82.18 5 2
github.com/corvusHold/guard/internal/auth/keys/rotation.go:82.18,86.130 4 3
github.com/corvusHold/guard/internal/auth/keys/rotation.go:86.130,88.4 1 1
github.com/corvusHold/guard/internal/auth/keys/rotation.go:89.3,93.17 4 2
github.com/corvusHold/guard/internal/auth/keys/rotation.go:93.17,94.12 1 1
github.com/corvusHold/guard/internal/auth/keys/rotation.go:96.3,98.12 3 1
github.com/corvusHold/guard/internal/auth/keys/rotation.go:98.12,101.4 2 1
github.com/corvusHold/guard/internal/auth/keys/rotation.go:103.2,103.19 1 1
github.com/corvusHold/guard/internal/auth/keys/rotation.go:108.53,111.44 3 1
github.com/corvusHold/guard/internal/auth/keys/rotation.go:111.44,113.3 1 0
github.com/corvusHold/guard/internal/auth/keys/rotation.go:114.2,114.20 1 1
github.com/corvusHold/guard/internal/auth/keys/rotation.go:118.62,121.35 3 2
github.com/corvusHold/guard/internal/auth/keys/rotation.go:121.35,123.3 1 1
github.com/corvusHold/guard/internal/auth/keys/rotation.go:124.2,124.20 1 1
github.com/corvusHold/guard/internal/auth/keys/rotation.go:128.56,133.32 4 2
github.com/corvusHold/guard/internal/auth/keys/rotation.go:133.32,134.23 1 0
github.com/corvusHold/guard/internal/auth/keys/rotation.go:134.23,136.18 2 0
github.com/corvusHold/guard/internal/auth/keys/rotation.go:136.18,137.13 1 0
github.com/corvusHold/guard/internal/auth/keys/rotation.go:139.4,142.54 2 0
github.com/corvusHold/guard/internal/auth/keys/rotation.go:142.54,143.13 1 0
github.com/corvusHold/guard/internal/auth/keys/rotation.go:145.4,145.43 1 0
github.com/corvusHold/guard/internal/auth/keys/rotation.go:149.2,149.54 1 2
github.com/corvusHold/guard/internal/auth/keys/rotation.go:149.54,150.75 1 1
github.com/corvusHold/guard/internal/auth/keys/rotation.go:150.75,152.18 2 1
github.com/corvusHold/guard/internal/auth/keys/rotation.go:152.18,156.55 2 1
github.com/corvusHold/guard/internal/auth/keys/rotation.go:156.55,158.6 1 1
github.com/corvusHold/guard/internal/auth/keys/rotation.go:163.2,163.62 1 2
github.com/corvusHold/guard/internal/auth/keys/rotation.go:167.114,169.16 2 2
github.com/corvusHold/guard/internal/auth/keys/rotation.go:169.16,171.3 1 0
github.com/corvusHold/guard/internal/auth/keys/rotation.go:173.2,174.16 2 2
github.com/corvusHold/guard/internal/auth/keys/rotation.go:174.16,176.3 1 0
github.com/corvusHold/guard/internal/auth/keys/rotation.go:177.2,180.16 3 2
github.com/corvusHold/guard/internal/auth/keys/rotation.go:180.16,182.3 1 0
github.com/corvusHold/guard/internal/auth/keys/rotation.go:184.2,199.16 3 2
github.com/corvusHold/guard/internal/auth/keys/rotation.go:199.16,201.3 1 1
github.com/corvusHold/guard/internal/auth/keys/rotation.go:203.2,209.17 6 1
github.com/corvusHold/guard/internal/auth/keys/rotation.go:213.77,219.16 3 3
github.com/corvusHold/guard/internal/auth/keys/rotation.go:219.16,221.3 1 1
github.com/corvusHold/guard/internal/auth/keys/rotation.go:223.2,226.25 4 2
github.com/corvusHold/guard/internal/auth/keys/rotation.go:226.25,230.37 3 2
github.com/corvusHold/guard/internal/auth/keys/rotation.go:230.37,231.27 1 1
github.com/corvusHold/guard/internal/auth/keys/rotation.go:231.27,234.5 2 1
github.com/corvusHold/guard/internal/auth/keys/rotation.go:237.2,238.12 2 2
github.com/corvusHold/guard/internal/auth/keys/rotation.go:242.73,244.18 2 14
github.com/corvusHold/guard/internal/auth/keys/rotation.go:244.18,246.3 1 2
github.com/corvusHold/guard/internal/auth/keys/rotation.go:247.2,248.16 2 12
github.com/corvusHold/guard/internal/auth/keys/rotation.go:248.16,250.3 1 1
github.com/corvusHold/guard/internal/auth/keys/rotation.go:251.2,256.15 2 11
github.com/corvusHold/guard/internal/auth/keys/rotation.go:256.15,258.3 1 6
github.com/corvusHold/guard/internal/auth/keys/rotation.go:258.8,260.3 1 5
github.com/corvusHold/guard/internal/auth/keys/rotation.go:261.2,261.15 1 11
github.com/corvusHold/guard/internal/auth/issuer/issuer.go:22.72,24.16 2 3
github.com/corvusHold/guard/internal/auth/issuer/issuer.go:24.16,26.3 1 0
github.com/corvusHold/guard/internal/auth/issuer/issuer.go:28.2,29.16 2 3
github.com/corvusHold/guard/internal/auth/issuer/issuer.go:29.16,31.3 1 0
github.com/corvusHold/guard/internal/auth/issuer/issuer.go:33.2,33.27 1 3
github.com/corvusHold/guard/internal/auth/issuer/issuer.go:33.27,35.17 2 1
github.com/corvusHold/guard/internal/auth/issuer/issuer.go:35.17,37.62 2 1
github.com/corvusHold/guard/internal/auth/issuer/issuer.go:37.62,44.5 6 1
github.com/corvusHold/guard/internal/auth/issuer/issuer.go:48.2,49.18 2 2
github.com/corvusHold/guard/internal/auth/issuer/issuer.go:49.18,51.3 1 0
github.com/corvusHold/guard/internal/auth/issuer/issuer.go:52.2,52.37 1 2
github.com/corvusHold/guard/internal/auth/issuer/issuer.go:52.37,54.3 1 0
github.com/corvusHold/guard/internal/auth/issuer/issuer.go:56.2,57.16 2 2
github.com/corvusHold/guard/internal/auth/issuer/issuer.go:57.16,59.3 1 0
github.com/corvusHold/guard/internal/auth/issuer/issuer.go:60.2,63.43 4 2
github.com/corvusHold/guard/internal/auth/issuer/issuer.go:67.67,69.46 2 1
github.com/corvusHold/guard/internal/auth/issuer/issuer.go:69.46,71.3 1 0
github.com/corvusHold/guard/internal/auth/issuer/issuer.go:72.2,72.44 1 1
github.com/corvusHold/guard/internal/auth/issuer/issuer.go:76.68,78.15 2 1
github.com/corvusHold/guard/internal/auth/issuer/issuer.go:78.15,80.3 1 0
github.com/corvusHold/guard/internal/auth/issuer/issuer.go:81.2,81.39 1 1
github.com/corvusHold/guard/internal/auth/middleware/apikey.go:32.67,33.54 1 4
github.com/corvusHold/guard/internal/auth/middleware/apikey.go:33.54,34.37 1 4
github.com/corvusHold/guard/internal/auth/middleware/apikey.go:34.37,41.20 3 4
github.com/corvusHold/guard/internal/auth/middleware/apikey.go:41.20,43.46 2 2
github.com/corvusHold/guard/internal/auth/middleware/apikey.go:43.46,45.6 1 1
github.com/corvusHold/guard/internal/auth/middleware/apikey.go:48.4,48.20 1 4
github.com/corvusHold/guard/internal/auth/middleware/apikey.go:48.20,50.5 1 1
github.com/corvusHold/guard/internal/auth/middleware/apikey.go:52.4,53.18 2 3
github.com/corvusHold/guard/internal/auth/middleware/apikey.go:53.18,55.5 1 1
github.com/corvusHold/guard/internal/auth/middleware/apikey.go:58.4,62.18 4 2
github.com/corvusHold/guard/internal/auth/middleware/apikey.go:68.67,71.2 2 13
github.com/corvusHold/guard/internal/auth/middleware/apikey.go:74.60,76.9 2 2
github.com/corvusHold/guard/internal/auth/middleware/apikey.go:76.9,78.3 1 1
github.com/corvusHold/guard/internal/auth/middleware/apikey.go:79.2,79.27 1 1
github.com/corvusHold/guard/internal/auth/middleware/apikey.go:83.61,85.9 2 6
github.com/corvusHold/guard/internal/auth/middleware/apikey.go:85.9,87.3 1 1
github.com/corvusHold/guard/internal/auth/middleware/apikey.go:88.2,88.31 1 5
github.com/corvusHold/guard/internal/auth/middleware/apikey.go:88.31,89.29 1 6
github.com/corvusHold/guard/internal/auth/middleware/apikey.go:89.29,91.4 1 3
github.com/corvusHold/guard/internal/auth/middleware/apikey.go:93.2,93.14 1 2
github.com/corvusHold/guard/internal/auth/middleware/apikey.go:99.58,100.54 1 3
github.com/corvusHold/guard/internal/auth/middleware/apikey.go:100.54,101.37 1 3
github.com/corvusHold/guard/internal/auth/middleware/apikey.go:101.37,103.17 2 3
github.com/corvusHold/guard/internal/auth/middleware/apikey.go:103.17,105.5 1 1
github.com/corvusHold/guard/internal/auth/middleware/apikey.go:106.4,106.33 1 2
github.com/corvusHold/guard/internal/auth/middleware/apikey.go:106.33,107.54 1 2
github.com/corvusHold/guard/internal/auth/middleware/apikey.go:107.54,112.6 1 1
github.com/corvusHold/guard/internal/auth/middleware/apikey.go:114.4,114.18 1 1
github.com/corvusHold/guard/internal/auth/middleware/jwt.go:29.52,32.40 2 0
github.com/corvusHold/guard/internal/auth/middleware/jwt.go:32.40,34.3 1 0
github.com/corvusHold/guard/internal/auth/middleware/jwt.go:35.2,35.33 1 0
github.com/corvusHold/guard/internal/auth/middleware/jwt.go:35.33,37.3 1 0
github.com/corvusHold/guard/internal/auth/middleware/jwt.go:38.2,39.16 2 0
github.com/corvusHold/guard/internal/auth/middleware/jwt.go:39.16,41.3 1 0
github.com/corvusHold/guard/internal/auth/middleware/jwt.go:42.2,43.38 2 0
github.com/corvusHold/guard/internal/auth/middleware/jwt.go:46.73,47.54 1 5
github.com/corvusHold/guard/internal/auth/middleware/jwt.go:47.54,48.37 1 5
github.com/corvusHold/guard/internal/auth/middleware/jwt.go:48.37,52.18 2 6
github.com/corvusHold/guard/internal/auth/middleware/jwt.go:52.18,53.109 1 2
github.com/corvusHold/guard/internal/auth/middleware/jwt.go:53.109,55.6 1 1
github.com/corvusHold/guard/internal/auth/middleware/jwt.go:58.4,58.57 1 6
github.com/corvusHold/guard/internal/auth/middleware/jwt.go:58.57,60.5 1 1
github.com/corvusHold/guard/internal/auth/middleware/jwt.go:61.4,63.70 2 5
github.com/corvusHold/guard/internal/auth/middleware/jwt.go:63.70,64.61 1 4
github.com/corvusHold/guard/internal/auth/middleware/jwt.go:64.61,66.6 1 0
github.com/corvusHold/guard/internal/auth/middleware/jwt.go:67.5,67.24 1 4
github.com/corvusHold/guard/internal/auth/middleware/jwt.go:67.24,69.6 1 1
github.com/corvusHold/guard/internal/auth/middleware/jwt.go:70.5,70.25 1 3
github.com/corvusHold/guard/internal/auth/middleware/jwt.go:72.4,72.32 1 5
github.com/corvusHold/guard/internal/auth/middleware/jwt.go:72.32,74.5 1 2
github.com/corvusHold/guard/internal/auth/middleware/jwt.go:76.4,77.11 2 3
github.com/corvusHold/guard/internal/auth/middleware/jwt.go:77.11,79.5 1 0
github.com/corvusHold/guard/internal/auth/middleware/jwt.go:80.4,84.34 5 3
github.com/corvusHold/guard/internal/auth/middleware/jwt.go:84.34,86.5 1 1
github.com/corvusHold/guard/internal/auth/middleware/jwt.go:88.4,90.18 3 2
github.com/corvusHold/guard/internal/auth/middleware/jwt.go:96.61,98.16 2 7
github.com/corvusHold/guard/internal/auth/middleware/jwt.go:98.16,100.3 1 1
github.com/corvusHold/guard/internal/auth/middleware/jwt.go:101.2,102.18 2 6
github.com/corvusHold/guard/internal/auth/middleware/jwt.go:102.18,104.3 1 1
github.com/corvusHold/guard/internal/auth/middleware/jwt.go:105.2,105.20 1 5
github.com/corvusHold/guard/internal/auth/middleware/jwt.go:106.24,108.17 2 1
github.com/corvusHold/guard/internal/auth/middleware/jwt.go:108.17,110.4 1 0
github.com/corvusHold/guard/internal/auth/middleware/jwt.go:111.3,111.33 1 1
github.com/corvusHold/guard/internal/auth/middleware/jwt.go:112.21,114.17 2 2
github.com/corvusHold/guard/internal/auth/middleware/jwt.go:114.17,116.4 1 0
github.com/corvusHold/guard/internal/auth/middleware/jwt.go:117.3,118.10 2 2
github.com/corvusHold/guard/internal/auth/middleware/jwt.go:118.10,120.4 1 1
github.com/corvusHold/guard/internal/auth/middleware/jwt.go:121.3,121.31 1 1
github.com/corvusHold/guard/internal/auth/middleware/jwt.go:122.20,124.17 2 1
github.com/corvusHold/guard/internal/auth/middleware/jwt.go:124.17,126.4 1 0
github.com/corvusHold/guard/internal/auth/middleware/jwt.go:127.3,128.10 2 1
github.com/corvusHold/guard/internal/auth/middleware/jwt.go:128.10,130.4 1 0
github.com/corvusHold/guard/internal/auth/middleware/jwt.go:131.3,131.21 1 1
github.com/corvusHold/guard/internal/auth/middleware/jwt.go:132.10,133.122 1 1
github.com/corvusHold/guard/internal/auth/middleware/jwt.go:138.47,140.14 2 3
github.com/corvusHold/guard/internal/auth/middleware/jwt.go:140.14,142.3 1 1
github.com/corvusHold/guard/internal/auth/middleware/jwt.go:143.2,144.15 2 2
github.com/corvusHold/guard/internal/auth/middleware/jwt.go:148.49,150.14 2 3
github.com/corvusHold/guard/internal/auth/middleware/jwt.go:150.14,152.3 1 1
github.com/corvusHold/guard/internal/auth/middleware/jwt.go:153.2,154.15 2 2
github.com/corvusHold/guard/internal/auth/sso/state/state_manager.go:70.43,72.40 2 3
github.com/corvusHold/guard/internal/auth/sso/state/state_manager.go:72.40,74.3 1 0
github.com/corvusHold/guard/internal/auth/sso/state/state_manager.go:75.2,75.53 1 3
github.com/corvusHold/guard/internal/auth/sso/state/state_manager.go:86.112,87.21 1 0
github.com/corvusHold/guard/internal/auth/sso/state/state_manager.go:87.21,89.3 1 0
github.com/corvusHold/guard/internal/auth/sso/state/state_manager.go:90.2,90.21 1 0
github.com/corvusHold/guard/internal/auth/sso/state/state_manager.go:90.21,92.3 1 0
github.com/corvusHold/guard/internal/auth/sso/state/state_manager.go:93.2,97.3 1 0
github.com/corvusHold/guard/internal/auth/sso/state/state_manager.go:101.82,102.23 1 0
github.com/corvusHold/guard/internal/auth/sso/state/state_manager.go:102.23,104.3 1 0
github.com/corvusHold/guard/internal/auth/sso/state/state_manager.go:105.2,105.34 1 0
github.com/corvusHold/guard/internal/auth/sso/state/state_manager.go:105.34,107.3 1 0
github.com/corvusHold/guard/internal/auth/sso/state/state_manager.go:108.2,108.32 1 0
github.com/corvusHold/guard/internal/auth/sso/state/state_manager.go:108.32,110.3 1 0
github.com/corvusHold/guard/internal/auth/sso/state/state_manager.go:113.2,119.16 5 0
github.com/corvusHold/guard/internal/auth/sso/state/state_manager.go:119.16,121.3 1 0
github.com/corvusHold/guard/internal/auth/sso/state/state_manager.go:124.2,125.73 2 0
github.com/corvusHold/guard/internal/auth/sso/state/state_manager.go:125.73,127.3 1 0
github.com/corvusHold/guard/internal/auth/sso/state/state_manager.go:129.2,129.12 1 0
github.com/corvusHold/guard/internal/auth/sso/state/state_manager.go:133.94,134.22 1 0
github.com/corvusHold/guard/internal/auth/sso/state/state_manager.go:134.22,136.3 1 0
github.com/corvusHold/guard/internal/auth/sso/state/state_manager.go:138.2,140.22 3 0
github.com/corvusHold/guard/internal/auth/sso/state/state_manager.go:140.22,142.3 1 0
github.com/corvusHold/guard/internal/auth/sso/state/state_manager.go:143.2,143.16 1 0
github.com/corvusHold/guard/internal/auth/sso/state/state_manager.go:143.16,145.3 1 0
github.com/corvusHold/guard/internal/auth/sso/state/state_manager.go:147.2,148.53 2 0
github.com/corvusHold/guard/internal/auth/sso/state/state_manager.go:148.53,150.3 1 0
github.com/corvusHold/guard/internal/auth/sso/state/state_manager.go:153.2,153.39 1 0
github.com/corvusHold/guard/internal/auth/sso/state/state_manager.go:153.39,156.3 2 0
github.com/corvusHold/guard/internal/auth/sso/state/state_manager.go:158.2,158.20 1 0
github.com/corvusHold/guard/internal/auth/sso/state/state_manager.go:162.87,163.22 1 0
github.com/corvusHold/guard/internal/auth/sso/state/state_manager.go:163.22,165.3 1 0
github.com/corvusHold/guard/internal/auth/sso/state/state_manager.go:167.2,168.53 2 0
github.com/corvusHold/guard/internal/auth/sso/state/state_manager.go:168.53,170.3 1 0
github.com/corvusHold/guard/internal/auth/sso/state/state_manager.go:172.2,172.12 1 0
github.com/corvusHold/guard/internal/auth/sso/state/state_manager.go:177.98,178.22 1 0
github.com/corvusHold/guard/internal/auth/sso/state/state_manager.go:178.22,180.3 1 0
github.com/corvusHold/guard/internal/auth/sso/state/state_manager.go:182.2,196.39 4 0
github.com/corvusHold/guard/internal/auth/sso/state/state_manager.go:196.39,198.3 1 0
github.com/corvusHold/guard/internal/auth/sso/state/state_manager.go:199.2,199.16 1 0
github.com/corvusHold/guard/internal/auth/sso/state/state_manager.go:199.16,201.3 1 0
github.com/corvusHold/guard/internal/auth/sso/state/state_manager.go:204.2,205.9 2 0
github.com/corvusHold/guard/internal/auth/sso/state/state_manager.go:205.9,207.3 1 0
github.com/corvusHold/guard/internal/auth/sso/state/state_manager.go:209.2,210.61 2 0
github.com/corvusHold/guard/internal/auth/sso/state/state_manager.go:210.61,212.3 1 0
github.com/corvusHold/guard/internal/auth/sso/state/state_manager.go:215.2,215.39 1 0
github.com/corvusHold/guard/internal/auth/sso/state/state_manager.go:215.39,217.3 1 0
github.com/corvusHold/guard/internal/auth/sso/state/state_manager.go:219.2,219.20 1 0
github.com/corvusHold/guard/internal/auth/sso/provider/oidc.go:29.89,30.51 1 3
github.com/corvusHold/guard/internal/auth/sso/provider/oidc.go:30.51,32.3 1 0
github.com/corvusHold/guard/internal/auth/sso/provider/oidc.go:35.2,36.16 2 3
github.com/corvusHold/guard/internal/auth/sso/provider/oidc.go:36.16,38.3 1 0
github.com/corvusHold/guard/internal/auth/sso/provider/oidc.go:41.2,49.35 2 3
github.com/corvusHold/guard/internal/auth/sso/provider/oidc.go:49.35,51.3 1 1
github.com/corvusHold/guard/internal/auth/sso/provider/oidc.go:54.2,63.8 2 3
github.com/corvusHold/guard/internal/auth/sso/provider/oidc.go:67.51,69.2 1 1
github.com/corvusHold/guard/internal/auth/sso/provider/oidc.go:72.47,74.2 1 2
github.com/corvusHold/guard/internal/auth/sso/provider/oidc.go:77.54,78.19 1 10
github.com/corvusHold/guard/internal/auth/sso/provider/oidc.go:78.19,80.3 1 1
github.com/corvusHold/guard/internal/auth/sso/provider/oidc.go:81.2,81.25 1 9
github.com/corvusHold/guard/internal/auth/sso/provider/oidc.go:81.25,83.3 1 2
github.com/corvusHold/guard/internal/auth/sso/provider/oidc.go:84.2,84.27 1 7
github.com/corvusHold/guard/internal/auth/sso/provider/oidc.go:84.27,86.3 1 1
github.com/corvusHold/guard/internal/auth/sso/provider/oidc.go:87.2,87.31 1 6
github.com/corvusHold/guard/internal/auth/sso/provider/oidc.go:87.31,89.3 1 1
github.com/corvusHold/guard/internal/auth/sso/provider/oidc.go:90.2,90.12 1 5
github.com/corvusHold/guard/internal/auth/sso/provider/oidc.go:96.106,99.16 2 5
github.com/corvusHold/guard/internal/auth/sso/provider/oidc.go:99.16,101.3 1 0
github.com/corvusHold/guard/internal/auth/sso/provider/oidc.go:104.2,105.16 2 5
github.com/corvusHold/guard/internal/auth/sso/provider/oidc.go:105.16,107.3 1 0
github.com/corvusHold/guard/internal/auth/sso/provider/oidc.go:108.2,112.17 3 5
github.com/corvusHold/guard/internal/auth/sso/provider/oidc.go:112.17,114.17 2 4
github.com/corvusHold/guard/internal/auth/sso/provider/oidc.go:114.17,116.4 1 0
github.com/corvusHold/guard/internal/auth/sso/provider/oidc.go:120.2,127.21 2 5
github.com/corvusHold/guard/internal/auth/sso/provider/oidc.go:127.21,129.3 1 1
github.com/corvusHold/guard/internal/auth/sso/provider/oidc.go:130.2,130.26 1 5
github.com/corvusHold/guard/internal/auth/sso/provider/oidc.go:130.26,132.3 1 1
github.com/corvusHold/guard/internal/auth/sso/provider/oidc.go:135.2,136.26 2 5
github.com/corvusHold/guard/internal/auth/sso/provider/oidc.go:136.26,138.3 1 1
github.com/corvusHold/guard/internal/auth/sso/provider/oidc.go:141.2,152.8 5 5
github.com/corvusHold/guard/internal/auth/sso/provider/oidc.go:158.107,159.20 1 3
github.com/corvusHold/guard/internal/auth/sso/provider/oidc.go:159.20,161.3 1 1
github.com/corvusHold/guard/internal/auth/sso/provider/oidc.go:162.2,162.28 1 2
github.com/corvusHold/guard/internal/auth/sso/provider/oidc.go:162.28,164.3 1 1
github.com/corvusHold/guard/internal/auth/sso/provider/oidc.go:165.2,165.21 1 1
github.com/corvusHold/guard/internal/auth/sso/provider/oidc.go:165.21,167.3 1 1
github.com/corvusHold/guard/internal/auth/sso/provider/oidc.go:170.2,178.16 4 0
github.com/corvusHold/guard/internal/auth/sso/provider/oidc.go:178.16,180.3 1 0
github.com/corvusHold/guard/internal/auth/sso/provider/oidc.go:183.2,184.9 2 0
github.com/corvusHold/guard/internal/auth/sso/provider/oidc.go:184.9,186.3 1 0
github.com/corvusHold/guard/internal/auth/sso/provider/oidc.go:189.2,190.16 2 0
github.com/corvusHold/guard/internal/auth/sso/provider/oidc.go:190.16,192.3 1 0
github.com/corvusHold/guard/internal/auth/sso/provider/oidc.go:195.2,195.32 1 0
github.com/corvusHold/guard/internal/auth/sso/provider/oidc.go:195.32,197.3 1 0
github.com/corvusHold/guard/internal/auth/sso/provider/oidc.go:200.2,201.48 2 0
github.com/corvusHold/guard/internal/auth/sso/provider/oidc.go:201.48,203.3 1 0
github.com/corvusHold/guard/internal/auth/sso/provider/oidc.go:206.2,214.29 2 0
github.com/corvusHold/guard/internal/auth/sso/provider/oidc.go:214.29,216.3 1 0
github.com/corvusHold/guard/internal/auth/sso/provider/oidc.go:219.2,219.47 1 0
github.com/corvusHold/guard/internal/auth/sso/provider/oidc.go:219.47,221.3 1 0
github.com/corvusHold/guard/internal/auth/sso/provider/oidc.go:222.2,222.62 1 0
github.com/corvusHold/guard/internal/auth/sso/provider/oidc.go:222.62,224.3 1 0
github.com/corvusHold/guard/internal/auth/sso/provider/oidc.go:225.2,225.56 1 0
github.com/corvusHold/guard/internal/auth/sso/provider/oidc.go:225.56,227.3 1 0
github.com/corvusHold/guard/internal/auth/sso/provider/oidc.go:228.2,228.58 1 0
github.com/corvusHold/guard/internal/auth/sso/provider/oidc.go:228.58,230.3 1 0
github.com/corvusHold/guard/internal/auth/sso/provider/oidc.go:231.2,231.45 1 0
github.com/corvusHold/guard/internal/auth/sso/provider/oidc.go:231.45,233.3 1 0
github.com/corvusHold/guard/internal/auth/sso/provider/oidc.go:234.2,234.51 1 0
github.com/corvusHold/guard/internal/auth/sso/provider/oidc.go:234.51,236.3 1 0
github.com/corvusHold/guard/internal/auth/sso/provider/oidc.go:237.2,237.49 1 0
github.com/corvusHold/guard/internal/auth/sso/provider/oidc.go:237.49,239.3 1 0
github.com/corvusHold/guard/internal/auth/sso/provider/oidc.go:242.2,242.56 1 0
github.com/corvusHold/guard/internal/auth/sso/provider/oidc.go:242.56,244.28 2 0
github.com/corvusHold/guard/internal/auth/sso/provider/oidc.go:244.28,245.38 1 0
github.com/corvusHold/guard/internal/auth/sso/provider/oidc.go:245.38,247.5 1 0
github.com/corvusHold/guard/internal/auth/sso/provider/oidc.go:252.2,252.40 1 0
github.com/corvusHold/guard/internal/auth/sso/provider/oidc.go:252.40,254.3 1 0
github.com/corvusHold/guard/internal/auth/sso/provider/oidc.go:256.2,256.21 1 0
github.com/corvusHold/guard/internal/auth/sso/provider/oidc.go:260.83,278.2 4 0
github.com/corvusHold/guard/internal/auth/sso/provider/oidc.go:282.38,284.55 2 105
github.com/corvusHold/guard/internal/auth/sso/provider/oidc.go:284.55,286.3 1 0
github.com/corvusHold/guard/internal/auth/sso/provider/oidc.go:287.2,287.50 1 105
github.com/corvusHold/guard/internal/auth/sso/provider/oidc.go:292.38,294.55 2 108
github.com/corvusHold/guard/internal/auth/sso/provider/oidc.go:294.55,296.3 1 0
github.com/corvusHold/guard/internal/auth/sso/provider/oidc.go:297.2,297.50 1 108
github.com/corvusHold/guard/internal/auth/sso/provider/oidc.go:302.45,304.55 2 105
github.com/corvusHold/guard/internal/auth/sso/provider/oidc.go:304.55,306.3 1 0
github.com/corvusHold/guard/internal/auth/sso/provider/oidc.go:307.2,307.80 1 105
github.com/corvusHold/guard/internal/auth/sso/provider/oidc.go:312.52,316.2 3 8
github.com/corvusHold/guard/internal/auth/sso/provider/oidc.go:320.111,324.16 2 0
github.com/corvusHold/guard/internal/auth/sso/provider/oidc.go:324.16,326.3 1 0
github.com/corvusHold/guard/internal/auth/sso/provider/oidc.go:328.2,329.49 2 0
github.com/corvusHold/guard/internal/auth/sso/provider/oidc.go:329.49,331.3 1 0
github.com/corvusHold/guard/internal/auth/sso/provider/oidc.go:333.2,333.20 1 0
github.com/corvusHold/guard/internal/auth/sso/provider/oidc.go:337.59,339.2 1 1
github.com/corvusHold/guard/internal/auth/sso/provider/oidc.go:342.59,344.54 2 1
github.com/corvusHold/guard/internal/auth/sso/provider/oidc.go:344.54,346.3 1 0
github.com/corvusHold/guard/internal/auth/sso/provider/oidc.go:347.2,347.21 1 1
github.com/corvusHold/guard/internal/auth/sso/provider/saml.go:55.89,56.51 1 14
github.com/corvusHold/guard/internal/auth/sso/provider/saml.go:56.51,58.3 1 2
github.com/corvusHold/guard/internal/auth/sso/provider/saml.go:61.2,62.16 2 12
github.com/corvusHold/guard/internal/auth/sso/provider/saml.go:62.16,64.3 1 0
github.com/corvusHold/guard/internal/auth/sso/provider/saml.go:67.2,68.16 2 12
github.com/corvusHold/guard/internal/auth/sso/provider/saml.go:68.16,70.3 1 0
github.com/corvusHold/guard/internal/auth/sso/provider/saml.go:73.2,73.70 1 12
github.com/corvusHold/guard/internal/auth/sso/provider/saml.go:73.70,75.3 1 0
github.com/corvusHold/guard/internal/auth/sso/provider/saml.go:78.2,79.16 2 12
github.com/corvusHold/guard/internal/auth/sso/provider/saml.go:79.16,81.3 1 0
github.com/corvusHold/guard/internal/auth/sso/provider/saml.go:83.2,84.9 2 12
github.com/corvusHold/guard/internal/auth/sso/provider/saml.go:84.9,86.3 1 0
github.com/corvusHold/guard/internal/auth/sso/provider/saml.go:89.2,103.25 2 12
github.com/corvusHold/guard/internal/auth/sso/provider/saml.go:103.25,105.17 2 12
github.com/corvusHold/guard/internal/auth/sso/provider/saml.go:105.17,107.4 1 0
github.com/corvusHold/guard/internal/auth/sso/provider/saml.go:108.3,108.22 1 12
github.com/corvusHold/guard/internal/auth/sso/provider/saml.go:111.2,118.8 1 12
github.com/corvusHold/guard/internal/auth/sso/provider/saml.go:122.54,124.2 1 0
github.com/corvusHold/guard/internal/auth/sso/provider/saml.go:127.51,129.2 1 1
github.com/corvusHold/guard/internal/auth/sso/provider/saml.go:132.47,134.2 1 1
github.com/corvusHold/guard/internal/auth/sso/provider/saml.go:137.54,138.19 1 20
github.com/corvusHold/guard/internal/auth/sso/provider/saml.go:138.19,140.3 1 2
github.com/corvusHold/guard/internal/auth/sso/provider/saml.go:141.2,141.27 1 18
github.com/corvusHold/guard/internal/auth/sso/provider/saml.go:141.27,143.3 1 2
github.com/corvusHold/guard/internal/auth/sso/provider/saml.go:144.2,144.25 1 16
github.com/corvusHold/guard/internal/auth/sso/provider/saml.go:144.25,146.3 1 1
github.com/corvusHold/guard/internal/auth/sso/provider/saml.go:147.2,147.64 1 15
github.com/corvusHold/guard/internal/auth/sso/provider/saml.go:147.64,149.3 1 1
github.com/corvusHold/guard/internal/auth/sso/provider/saml.go:150.2,150.12 1 14
github.com/corvusHold/guard/internal/auth/sso/provider/saml.go:153.59,154.53 1 8
github.com/corvusHold/guard/internal/auth/sso/provider/saml.go:154.53,156.3 1 0
github.com/corvusHold/guard/internal/auth/sso/provider/saml.go:157.2,157.57 1 8
github.com/corvusHold/guard/internal/auth/sso/provider/saml.go:157.57,159.3 1 5
github.com/corvusHold/guard/internal/auth/sso/provider/saml.go:160.2,161.62 2 3
github.com/corvusHold/guard/internal/auth/sso/provider/saml.go:161.62,162.29 1 3
github.com/corvusHold/guard/internal/auth/sso/provider/saml.go:162.29,164.4 1 3
github.com/corvusHold/guard/internal/auth/sso/provider/saml.go:166.2,166.25 1 3
github.com/corvusHold/guard/internal/auth/sso/provider/saml.go:166.25,168.3 1 0
github.com/corvusHold/guard/internal/auth/sso/provider/saml.go:169.2,169.38 1 3
github.com/corvusHold/guard/internal/auth/sso/provider/saml.go:175.106,178.22 2 5
github.com/corvusHold/guard/internal/auth/sso/provider/saml.go:178.22,181.17 3 4
github.com/corvusHold/guard/internal/auth/sso/provider/saml.go:181.17,183.4 1 0
github.com/corvusHold/guard/internal/auth/sso/provider/saml.go:187.2,192.16 2 5
github.com/corvusHold/guard/internal/auth/sso/provider/saml.go:192.16,194.3 1 0
github.com/corvusHold/guard/internal/auth/sso/provider/saml.go:197.2,197.44 1 5
github.com/corvusHold/guard/internal/auth/sso/provider/saml.go:197.44,199.3 1 1
github.com/corvusHold/guard/internal/auth/sso/provider/saml.go:202.2,202.26 1 5
github.com/corvusHold/guard/internal/auth/sso/provider/saml.go:202.26,209.3 1 1
github.com/corvusHold/guard/internal/auth/sso/provider/saml.go:212.2,213.16 2 5
github.com/corvusHold/guard/internal/auth/sso/provider/saml.go:213.16,215.3 1 0
github.com/corvusHold/guard/internal/auth/sso/provider/saml.go:218.2,219.16 2 5
github.com/corvusHold/guard/internal/auth/sso/provider/saml.go:219.16,221.3 1 0
github.com/corvusHold/guard/internal/auth/sso/provider/saml.go:223.2,234.8 2 5
github.com/corvusHold/guard/internal/auth/sso/provider/saml.go:240.107,241.28 1 4
github.com/corvusHold/guard/internal/auth/sso/provider/saml.go:241.28,243.3 1 1
github.com/corvusHold/guard/internal/auth/sso/provider/saml.go:246.2,247.16 2 3
github.com/corvusHold/guard/internal/auth/sso/provider/saml.go:247.16,249.3 1 1
github.com/corvusHold/guard/internal/auth/sso/provider/saml.go:251.2,261.67 3 2
github.com/corvusHold/guard/internal/auth/sso/provider/saml.go:261.67,264.17 2 1
github.com/corvusHold/guard/internal/auth/sso/provider/saml.go:264.17,266.4 1 1
github.com/corvusHold/guard/internal/auth/sso/provider/saml.go:267.8,269.17 2 1
github.com/corvusHold/guard/internal/auth/sso/provider/saml.go:269.17,271.4 1 1
github.com/corvusHold/guard/internal/auth/sso/provider/saml.go:274.2,274.22 1 0
github.com/corvusHold/guard/internal/auth/sso/provider/saml.go:274.22,279.3 2 0
github.com/corvusHold/guard/internal/auth/sso/provider/saml.go:281.2,282.65 2 0
github.com/corvusHold/guard/internal/auth/sso/provider/saml.go:282.65,284.3 1 0
github.com/corvusHold/guard/internal/auth/sso/provider/saml.go:285.2,286.33 2 0
github.com/corvusHold/guard/internal/auth/sso/provider/saml.go:286.33,289.3 2 0
github.com/corvusHold/guard/internal/auth/sso/provider/saml.go:290.2,302.66 2 0
github.com/corvusHold/guard/internal/auth/sso/provider/saml.go:302.66,310.3 2 0
github.com/corvusHold/guard/internal/auth/sso/provider/saml.go:313.2,313.65 1 0
github.com/corvusHold/guard/internal/auth/sso/provider/saml.go:313.65,320.3 2 0
github.com/corvusHold/guard/internal/auth/sso/provider/saml.go:323.2,323.55 1 0
github.com/corvusHold/guard/internal/auth/sso/provider/saml.go:323.55,330.3 2 0
github.com/corvusHold/guard/internal/auth/sso/provider/saml.go:333.2,334.16 2 0
github.com/corvusHold/guard/internal/auth/sso/provider/saml.go:334.16,341.3 2 0
github.com/corvusHold/guard/internal/auth/sso/provider/saml.go:343.2,352.40 2 0
github.com/corvusHold/guard/internal/auth/sso/provider/saml.go:352.40,354.3 1 0
github.com/corvusHold/guard/internal/auth/sso/provider/saml.go:356.2,356.21 1 0
github.com/corvusHold/guard/internal/auth/sso/provider/saml.go:360.83,366.16 3 1
github.com/corvusHold/guard/internal/auth/sso/provider/saml.go:366.16,368.3 1 0
github.com/corvusHold/guard/internal/auth/sso/provider/saml.go:371.2,372.26 2 1
github.com/corvusHold/guard/internal/auth/sso/provider/saml.go:372.26,374.3 1 1
github.com/corvusHold/guard/internal/auth/sso/provider/saml.go:377.2,390.8 2 1
github.com/corvusHold/guard/internal/auth/sso/provider/saml.go:396.73,397.68 1 11
github.com/corvusHold/guard/internal/auth/sso/provider/saml.go:397.68,399.3 1 1
github.com/corvusHold/guard/internal/auth/sso/provider/saml.go:401.2,417.58 5 10
github.com/corvusHold/guard/internal/auth/sso/provider/saml.go:417.58,419.3 1 0
github.com/corvusHold/guard/internal/auth/sso/provider/saml.go:421.2,424.36 4 10
github.com/corvusHold/guard/internal/auth/sso/provider/saml.go:424.36,425.25 1 6
github.com/corvusHold/guard/internal/auth/sso/provider/saml.go:425.25,427.9 2 3
github.com/corvusHold/guard/internal/auth/sso/provider/saml.go:432.2,432.67 1 10
github.com/corvusHold/guard/internal/auth/sso/provider/saml.go:432.67,433.22 1 2
github.com/corvusHold/guard/internal/auth/sso/provider/saml.go:433.22,435.4 1 1
github.com/corvusHold/guard/internal/auth/sso/provider/saml.go:436.3,436.13 1 1
github.com/corvusHold/guard/internal/auth/sso/provider/saml.go:442.2,442.67 1 8
github.com/corvusHold/guard/internal/auth/sso/provider/saml.go:442.67,443.54 1 3
github.com/corvusHold/guard/internal/auth/sso/provider/saml.go:443.54,445.4 1 1
github.com/corvusHold/guard/internal/auth/sso/provider/saml.go:446.3,446.13 1 2
github.com/corvusHold/guard/internal/auth/sso/provider/saml.go:454.2,455.42 2 5
github.com/corvusHold/guard/internal/auth/sso/provider/saml.go:455.42,457.3 1 4
github.com/corvusHold/guard/internal/auth/sso/provider/saml.go:459.2,459.101 1 1
github.com/corvusHold/guard/internal/auth/sso/provider/saml.go:463.85,467.33 3 7
github.com/corvusHold/guard/internal/auth/sso/provider/saml.go:467.33,470.3 2 7
github.com/corvusHold/guard/internal/auth/sso/provider/saml.go:471.2,479.33 2 7
github.com/corvusHold/guard/internal/auth/sso/provider/saml.go:479.33,484.3 2 0
github.com/corvusHold/guard/internal/auth/sso/provider/saml.go:487.2,487.91 1 7
github.com/corvusHold/guard/internal/auth/sso/provider/saml.go:487.91,495.3 2 1
github.com/corvusHold/guard/internal/auth/sso/provider/saml.go:498.2,498.98 1 6
github.com/corvusHold/guard/internal/auth/sso/provider/saml.go:498.98,506.3 2 1
github.com/corvusHold/guard/internal/auth/sso/provider/saml.go:509.2,509.56 1 5
github.com/corvusHold/guard/internal/auth/sso/provider/saml.go:509.56,511.73 2 2
github.com/corvusHold/guard/internal/auth/sso/provider/saml.go:511.73,512.55 1 2
github.com/corvusHold/guard/internal/auth/sso/provider/saml.go:512.55,514.10 2 1
github.com/corvusHold/guard/internal/auth/sso/provider/saml.go:517.3,517.21 1 2
github.com/corvusHold/guard/internal/auth/sso/provider/saml.go:517.21,524.4 2 1
github.com/corvusHold/guard/internal/auth/sso/provider/saml.go:528.2,528.130 1 4
github.com/corvusHold/guard/internal/auth/sso/provider/saml.go:528.130,529.71 1 3
github.com/corvusHold/guard/internal/auth/sso/provider/saml.go:529.71,530.51 1 3
github.com/corvusHold/guard/internal/auth/sso/provider/saml.go:530.51,535.5 2 1
github.com/corvusHold/guard/internal/auth/sso/provider/saml.go:536.4,536.132 1 2
github.com/corvusHold/guard/internal/auth/sso/provider/saml.go:536.132,543.5 2 0
github.com/corvusHold/guard/internal/auth/sso/provider/saml.go:544.4,544.129 1 2
github.com/corvusHold/guard/internal/auth/sso/provider/saml.go:544.129,552.5 2 1
github.com/corvusHold/guard/internal/auth/sso/provider/saml.go:556.2,556.12 1 2
github.com/corvusHold/guard/internal/auth/sso/provider/saml.go:560.75,562.23 2 4
github.com/corvusHold/guard/internal/auth/sso/provider/saml.go:562.23,564.3 1 1
github.com/corvusHold/guard/internal/auth/sso/provider/saml.go:567.2,571.54 3 3
github.com/corvusHold/guard/internal/auth/sso/provider/saml.go:571.54,573.3 1 1
github.com/corvusHold/guard/internal/auth/sso/provider/saml.go:577.2,578.80 2 2
github.com/corvusHold/guard/internal/auth/sso/provider/saml.go:578.80,580.3 1 2
github.com/corvusHold/guard/internal/auth/sso/provider/saml.go:580.8,583.3 1 0
github.com/corvusHold/guard/internal/auth/sso/provider/saml.go:584.2,590.12 3 2
github.com/corvusHold/guard/internal/auth/sso/provider/saml.go:595.53,597.41 2 3
github.com/corvusHold/guard/internal/auth/sso/provider/saml.go:597.41,598.25 1 7
github.com/corvusHold/guard/internal/auth/sso/provider/saml.go:598.25,600.4 1 2
github.com/corvusHold/guard/internal/auth/sso/provider/saml.go:605.86,611.16 2 1
github.com/corvusHold/guard/internal/auth/sso/provider/saml.go:611.16,613.3 1 1
github.com/corvusHold/guard/internal/auth/sso/provider/saml.go:615.2,615.23 1 0
github.com/corvusHold/guard/internal/auth/sso/provider/saml.go:619.91,625.65 2 5
github.com/corvusHold/guard/internal/auth/sso/provider/saml.go:625.65,629.87 2 4
github.com/corvusHold/guard/internal/auth/sso/provider/saml.go:629.87,632.4 2 3
github.com/corvusHold/guard/internal/auth/sso/provider/saml.go:636.2,636.53 1 5
github.com/corvusHold/guard/internal/auth/sso/provider/saml.go:636.53,637.40 1 3
github.com/corvusHold/guard/internal/auth/sso/provider/saml.go:637.40,642.38 3 6
github.com/corvusHold/guard/internal/auth/sso/provider/saml.go:642.38,644.5 1 8
github.com/corvusHold/guard/internal/auth/sso/provider/saml.go:647.4,647.24 1 6
github.com/corvusHold/guard/internal/auth/sso/provider/saml.go:647.24,651.5 2 4
github.com/corvusHold/guard/internal/auth/sso/provider/saml.go:651.10,651.30 1 2
github.com/corvusHold/guard/internal/auth/sso/provider/saml.go:651.30,654.5 2 2
github.com/corvusHold/guard/internal/auth/sso/provider/saml.go:657.4,657.31 1 6
github.com/corvusHold/guard/internal/auth/sso/provider/saml.go:657.31,658.25 1 4
github.com/corvusHold/guard/internal/auth/sso/provider/saml.go:658.25,661.6 2 4
github.com/corvusHold/guard/internal/auth/sso/provider/saml.go:661.11,661.31 1 0
github.com/corvusHold/guard/internal/auth/sso/provider/saml.go:661.31,664.6 2 0
github.com/corvusHold/guard/internal/auth/sso/provider/saml.go:668.4,668.37 1 6
github.com/corvusHold/guard/internal/auth/sso/provider/saml.go:669.41,670.24 1 2
github.com/corvusHold/guard/internal/auth/sso/provider/saml.go:670.24,672.6 1 1
github.com/corvusHold/guard/internal/auth/sso/provider/saml.go:673.5,673.25 1 1
github.com/corvusHold/guard/internal/auth/sso/provider/saml.go:673.25,676.6 2 1
github.com/corvusHold/guard/internal/auth/sso/provider/saml.go:677.48,678.24 1 1
github.com/corvusHold/guard/internal/auth/sso/provider/saml.go:678.24,680.6 1 1
github.com/corvusHold/guard/internal/auth/sso/provider/saml.go:681.52,682.24 1 1
github.com/corvusHold/guard/internal/auth/sso/provider/saml.go:682.24,684.6 1 1
github.com/corvusHold/guard/internal/auth/sso/provider/saml.go:685.37,686.24 1 1
github.com/corvusHold/guard/internal/auth/sso/provider/saml.go:686.24,688.6 1 1
github.com/corvusHold/guard/internal/auth/sso/provider/saml.go:689.30,690.28 1 1
github.com/corvusHold/guard/internal/auth/sso/provider/saml.go:696.2,696.79 1 4
github.com/corvusHold/guard/internal/auth/sso/provider/saml.go:696.79,698.3 1 0
github.com/corvusHold/guard/internal/auth/sso/provider/saml.go:701.2,701.27 1 4
github.com/corvusHold/guard/internal/auth/sso/provider/saml.go:701.27,703.3 1 1
github.com/corvusHold/guard/internal/auth/sso/provider/saml.go:705.2,705.21 1 3
github.com/corvusHold/guard/internal/auth/sso/provider/saml.go:709.100,713.33 3 15
github.com/corvusHold/guard/internal/auth/sso/provider/saml.go:713.33,716.17 2 0
github.com/corvusHold/guard/internal/auth/sso/provider/saml.go:716.17,718.4 1 0
github.com/corvusHold/guard/internal/auth/sso/provider/saml.go:719.8,719.40 1 15
github.com/corvusHold/guard/internal/auth/sso/provider/saml.go:719.40,722.3 1 14
github.com/corvusHold/guard/internal/auth/sso/provider/saml.go:722.8,724.3 1 1
github.com/corvusHold/guard/internal/auth/sso/provider/saml.go:727.2,728.62 2 14
github.com/corvusHold/guard/internal/auth/sso/provider/saml.go:728.62,730.3 1 1
github.com/corvusHold/guard/internal/auth/sso/provider/saml.go:732.2,732.23 1 13
github.com/corvusHold/guard/internal/auth/sso/provider/saml.go:736.84,738.16 2 0
github.com/corvusHold/guard/internal/auth/sso/provider/saml.go:738.16,740.3 1 0
github.com/corvusHold/guard/internal/auth/sso/provider/saml.go:742.2,747.16 3 0
github.com/corvusHold/guard/internal/auth/sso/provider/saml.go:747.16,749.3 1 0
github.com/corvusHold/guard/internal/auth/sso/provider/saml.go:750.2,750.15 1 0
github.com/corvusHold/guard/internal/auth/sso/provider/saml.go:750.15,751.45 1 0
github.com/corvusHold/guard/internal/auth/sso/provider/saml.go:751.45,754.4 1 0
github.com/corvusHold/guard/internal/auth/sso/provider/saml.go:757.2,757.38 1 0
github.com/corvusHold/guard/internal/auth/sso/provider/saml.go:757.38,759.3 1 0
github.com/corvusHold/guard/internal/auth/sso/provider/saml.go:761.2,762.16 2 0
github.com/corvusHold/guard/internal/auth/sso/provider/saml.go:762.16,764.3 1 0
github.com/corvusHold/guard/internal/auth/sso/provider/saml.go:766.2,766.25 1 0
github.com/corvusHold/guard/internal/auth/sso/provider/saml.go:770.93,772.30 1 13
github.com/corvusHold/guard/internal/auth/sso/provider/saml.go:772.30,774.3 1 13
github.com/corvusHold/guard/internal/auth/sso/provider/saml.go:777.2,777.42 1 13
github.com/corvusHold/guard/internal/auth/sso/provider/saml.go:777.42,779.3 1 0
github.com/corvusHold/guard/internal/auth/sso/provider/saml.go:781.2,784.50 2 13
github.com/corvusHold/guard/internal/auth/sso/provider/saml.go:784.50,785.85 1 13
github.com/corvusHold/guard/internal/auth/sso/provider/saml.go:785.85,786.30 1 13
github.com/corvusHold/guard/internal/auth/sso/provider/saml.go:786.30,788.5 1 13
github.com/corvusHold/guard/internal/auth/sso/provider/saml.go:789.4,789.9 1 13
github.com/corvusHold/guard/internal/auth/sso/provider/saml.go:794.2,794.50 1 13
github.com/corvusHold/guard/internal/auth/sso/provider/saml.go:794.50,795.85 1 13
github.com/corvusHold/guard/internal/auth/sso/provider/saml.go:795.85,796.30 1 13
github.com/corvusHold/guard/internal/auth/sso/provider/saml.go:796.30,798.5 1 13
github.com/corvusHold/guard/internal/auth/sso/provider/saml.go:799.4,799.9 1 13
github.com/corvusHold/guard/internal/auth/sso/provider/saml.go:804.2,804.36 1 13
github.com/corvusHold/guard/internal/auth/sso/provider/saml.go:804.36,805.55 1 13
github.com/corvusHold/guard/internal/auth/sso/provider/saml.go:805.55,806.65 1 13
github.com/corvusHold/guard/internal/auth/sso/provider/saml.go:806.65,807.65 1 13
github.com/corvusHold/guard/internal/auth/sso/provider/saml.go:807.65,808.37 1 13
github.com/corvusHold/guard/internal/auth/sso/provider/saml.go:808.37,812.7 2 13
github.com/corvusHold/guard/internal/auth/sso/provider/saml.go:813.6,813.11 1 13
github.com/corvusHold/guard/internal/auth/sso/provider/saml.go:819.2,819.12 1 13
github.com/corvusHold/guard/internal/auth/sso/provider/saml.go:823.80,825.61 1 14
github.com/corvusHold/guard/internal/auth/sso/provider/saml.go:825.61,827.17 2 1
github.com/corvusHold/guard/internal/auth/sso/provider/saml.go:827.17,829.4 1 0
github.com/corvusHold/guard/internal/auth/sso/provider/saml.go:832.3,832.23 1 1
github.com/corvusHold/guard/internal/auth/sso/provider/saml.go:832.23,834.18 2 0
github.com/corvusHold/guard/internal/auth/sso/provider/saml.go:834.18,836.5 1 0
github.com/corvusHold/guard/internal/auth/sso/provider/saml.go:840.3,840.23 1 1
github.com/corvusHold/guard/internal/auth/sso/provider/saml.go:840.23,842.4 1 1
github.com/corvusHold/guard/internal/auth/sso/provider/saml.go:844.3,844.19 1 1
github.com/corvusHold/guard/internal/auth/sso/provider/saml.go:848.2,849.16 2 13
github.com/corvusHold/guard/internal/auth/sso/provider/saml.go:849.16,851.3 1 0
github.com/corvusHold/guard/internal/auth/sso/provider/saml.go:854.2,858.16 4 13
github.com/corvusHold/guard/internal/auth/sso/provider/saml.go:858.16,860.3 1 0
github.com/corvusHold/guard/internal/auth/sso/provider/saml.go:863.2,864.16 2 13
github.com/corvusHold/guard/internal/auth/sso/provider/saml.go:864.16,866.3 1 0
github.com/corvusHold/guard/internal/auth/sso/provider/saml.go:869.2,869.22 1 13
github.com/corvusHold/guard/internal/auth/sso/provider/saml.go:869.22,871.3 1 13
github.com/corvusHold/guard/internal/auth/sso/provider/saml.go:873.2,873.18 1 13
github.com/corvusHold/guard/internal/auth/sso/provider/saml.go:877.99,880.16 2 15
github.com/corvusHold/guard/internal/auth/sso/provider/saml.go:880.16,882.3 1 0
github.com/corvusHold/guard/internal/auth/sso/provider/saml.go:885.2,887.16 3 15
github.com/corvusHold/guard/internal/auth/sso/provider/saml.go:887.16,889.3 1 0
github.com/corvusHold/guard/internal/auth/sso/provider/saml.go:892.2,907.16 3 15
github.com/corvusHold/guard/internal/auth/sso/provider/saml.go:907.16,909.3 1 0
github.com/corvusHold/guard/internal/auth/sso/provider/saml.go:912.2,925.29 5 15
github.com/corvusHold/guard/internal/auth/sso/provider/saml.go:929.129,932.16 2 5
github.com/corvusHold/guard/internal/auth/sso/provider/saml.go:932.16,934.3 1 0
github.com/corvusHold/guard/internal/auth/sso/provider/saml.go:937.2,938.16 2 5
github.com/corvusHold/guard/internal/auth/sso/provider/saml.go:938.16,940.3 1 0
github.com/corvusHold/guard/internal/auth/sso/provider/saml.go:943.2,945.16 3 5
github.com/corvusHold/guard/internal/auth/sso/provider/saml.go:945.16,947.3 1 0
github.com/corvusHold/guard/internal/auth/sso/provider/saml.go:949.2,951.22 3 5
github.com/corvusHold/guard/internal/auth/sso/provider/saml.go:951.22,953.3 1 5
github.com/corvusHold/guard/internal/auth/sso/provider/saml.go:955.2,955.17 1 5
github.com/corvusHold/guard/internal/auth/sso/provider/saml.go:955.17,957.19 2 1
github.com/corvusHold/guard/internal/auth/sso/provider/saml.go:957.19,959.4 1 0
github.com/corvusHold/guard/internal/auth/sso/provider/saml.go:960.3,961.10 2 1
github.com/corvusHold/guard/internal/auth/sso/provider/saml.go:961.10,963.4 1 0
github.com/corvusHold/guard/internal/auth/sso/provider/saml.go:964.3,966.17 3 1
github.com/corvusHold/guard/internal/auth/sso/provider/saml.go:966.17,968.4 1 0
github.com/corvusHold/guard/internal/auth/sso/provider/saml.go:969.3,970.36 2 1
github.com/corvusHold/guard/internal/auth/sso/provider/saml.go:973.2,974.24 2 5
github.com/corvusHold/guard/internal/auth/sso/provider/saml.go:978.53,981.16 3 5
github.com/corvusHold/guard/internal/auth/sso/provider/saml.go:981.16,983.3 1 0
github.com/corvusHold/guard/internal/auth/sso/provider/saml.go:984.2,984.42 1 5
github.com/corvusHold/guard/internal/auth/sso/provider/saml.go:984.42,987.3 2 0
github.com/corvusHold/guard/internal/auth/sso/provider/saml.go:988.2,988.35 1 5
github.com/corvusHold/guard/internal/auth/sso/provider/saml.go:988.35,990.3 1 0
github.com/corvusHold/guard/internal/auth/sso/provider/saml.go:991.2,992.21 2 5
github.com/corvusHold/guard/internal/auth/sso/provider/saml.go:996.28,998.2 1 1
github.com/corvusHold/guard/internal/auth/sso/provider/saml.go:1002.89,1004.16 2 0
github.com/corvusHold/guard/internal/auth/sso/provider/saml.go:1004.16,1006.3 1 0
github.com/corvusHold/guard/internal/auth/sso/provider/saml.go:1007.2,1007.34 1 0
github.com/corvusHold/guard/internal/auth/sso/provider/saml.go:1012.126,1015.19 2 0
github.com/corvusHold/guard/internal/auth/sso/provider/saml.go:1015.19,1018.20 2 0
github.com/corvusHold/guard/internal/auth/sso/provider/saml.go:1018.20,1020.4 1 0
github.com/corvusHold/guard/internal/auth/sso/provider/saml.go:1024.2,1026.15 3 0
github.com/corvusHold/guard/internal/auth/sso/provider/saml.go:1026.15,1028.3 1 0
github.com/corvusHold/guard/internal/auth/sso/provider/saml.go:1029.2,1029.20 1 0
github.com/corvusHold/guard/internal/auth/sso/provider/saml.go:1029.20,1032.3 1 0
github.com/corvusHold/guard/internal/auth/sso/provider/saml.go:1034.2,1035.70 2 0
github.com/corvusHold/guard/internal/auth/sso/provider/saml.go:1035.70,1037.3 1 0
github.com/corvusHold/guard/internal/auth/sso/provider/saml.go:1040.2,1040.29 1 0
github.com/corvusHold/guard/internal/auth/sso/provider/saml.go:1040.29,1042.3 1 0
github.com/corvusHold/guard/internal/auth/sso/provider/saml.go:1045.2,1046.20 2 0
github.com/corvusHold/guard/internal/auth/sso/provider/saml.go:1046.20,1048.3 1 0
github.com/corvusHold/guard/internal/auth/sso/provider/saml.go:1050.2,1050.38 1 0
github.com/corvusHold/guard/internal/auth/sso/provider/saml.go:1054.82,1058.22 4 4
github.com/corvusHold/guard/internal/auth/sso/provider/saml.go:1058.22,1061.3 2 3
github.com/corvusHold/guard/internal/auth/sso/provider/saml.go:1062.2,1064.19 3 4
github.com/corvusHold/guard/internal/auth/sso/provider/saml.go:1068.92,1070.16 2 3
github.com/corvusHold/guard/internal/auth/sso/provider/saml.go:1070.16,1072.3 1 1
github.com/corvusHold/guard/internal/auth/sso/provider/saml.go:1073.2,1074.16 2 2
github.com/corvusHold/guard/internal/auth/sso/provider/saml.go:1074.16,1076.3 1 0
github.com/corvusHold/guard/internal/auth/sso/provider/saml.go:1077.2,1077.52 1 2
github.com/corvusHold/guard/internal/auth/sso/provider/saml.go:1081.87,1082.16 1 5
github.com/corvusHold/guard/internal/auth/sso/provider/saml.go:1083.30,1085.34 2 0
github.com/corvusHold/guard/internal/auth/sso/provider/saml.go:1086.32,1088.36 2 4
github.com/corvusHold/guard/internal/auth/sso/provider/saml.go:1089.32,1091.36 2 0
github.com/corvusHold/guard/internal/auth/sso/provider/saml.go:1092.10,1093.75 1 1
github.com/corvusHold/guard/internal/email/service/brevo.go:26.67,28.2 1 4
github.com/corvusHold/guard/internal/email/service/brevo.go:37.95,40.34 3 4
github.com/corvusHold/guard/internal/email/service/brevo.go:40.34,42.3 1 1
github.com/corvusHold/guard/internal/email/service/brevo.go:43.2,51.16 4 3
github.com/corvusHold/guard/internal/email/service/brevo.go:51.16,53.3 1 0
github.com/corvusHold/guard/internal/email/service/brevo.go:54.2,58.16 5 3
github.com/corvusHold/guard/internal/email/service/brevo.go:58.16,60.3 1 1
github.com/corvusHold/guard/internal/email/service/brevo.go:61.2,61.15 1 2
github.com/corvusHold/guard/internal/email/service/brevo.go:61.15,61.40 1 2
github.com/corvusHold/guard/internal/email/service/brevo.go:62.2,62.28 1 2
github.com/corvusHold/guard/internal/email/service/brevo.go:62.28,64.3 1 1
github.com/corvusHold/guard/internal/email/service/brevo.go:65.2,65.12 1 1
github.com/corvusHold/guard/internal/email/service/router.go:23.69,25.2 1 2
github.com/corvusHold/guard/internal/email/service/router.go:27.96,29.31 2 2
github.com/corvusHold/guard/internal/email/service/router.go:30.15,31.56 1 1
github.com/corvusHold/guard/internal/email/service/router.go:32.10,33.55 1 1
github.com/corvusHold/guard/internal/email/service/smtp.go:25.65,27.2 1 4
github.com/corvusHold/guard/internal/email/service/smtp.go:29.94,36.16 7 2
github.com/corvusHold/guard/internal/email/service/smtp.go:36.16,38.3 1 1
github.com/corvusHold/guard/internal/email/service/smtp.go:40.2,43.20 4 2
github.com/corvusHold/guard/internal/email/service/smtp.go:43.20,45.3 1 1
github.com/corvusHold/guard/internal/email/service/smtp.go:46.2,46.58 1 2
github.com/corvusHold/guard/internal/email/templates/engine.go:18.42,20.2 1 7
github.com/corvusHold/guard/internal/email/templates/engine.go:24.143,28.16 3 11
github.com/corvusHold/guard/internal/email/templates/engine.go:28.16,30.3 1 1
github.com/corvusHold/guard/internal/email/templates/engine.go:31.2,32.16 2 10
github.com/corvusHold/guard/internal/email/templates/engine.go:32.16,34.3 1 1
github.com/corvusHold/guard/internal/email/templates/engine.go:35.2,35.27 1 9
github.com/corvusHold/guard/internal/email/templates/engine.go:38.128,40.36 1 12
github.com/corvusHold/guard/internal/email/templates/engine.go:40.36,46.52 3 1
github.com/corvusHold/guard/internal/email/templates/engine.go:46.52,48.4 1 0
github.com/corvusHold/guard/internal/email/templates/engine.go:52.2,54.30 3 12
github.com/corvusHold/guard/internal/email/templates/engine.go:57.72,59.16 2 21
github.com/corvusHold/guard/internal/email/templates/engine.go:59.16,61.3 1 2
github.com/corvusHold/guard/internal/email/templates/engine.go:62.2,63.46 2 19
github.com/corvusHold/guard/internal/email/templates/engine.go:63.46,65.3 1 0
github.com/corvusHold/guard/internal/email/templates/engine.go:66.2,66.26 1 19
github.com/corvusHold/guard/internal/logger/logger.go:12.40,15.11 3 2
github.com/corvusHold/guard/internal/logger/logger.go:15.11,16.65 1 1
github.com/corvusHold/guard/internal/logger/logger.go:16.65,19.4 2 1
github.com/corvusHold/guard/internal/logger/logger.go:20.3,20.79 1 1
github.com/corvusHold/guard/internal/logger/logger.go:22.2,22.84 1 1
github.com/corvusHold/guard/internal/logger/logger.go:26.27,28.2 1 1
github.com/corvusHold/guard/internal/events/service/db.go:17.34,17.56 1 0
github.com/corvusHold/guard/internal/events/service/db.go:19.65,27.2 3 0
github.com/corvusHold/guard/internal/events/service/logger.go:14.26,14.46 1 0
github.com/corvusHold/guard/internal/events/service/logger.go:16.69,25.2 2 0
github.com/corvusHold/guard/internal/events/service/multi.go:16.48,18.2 1 5
github.com/corvusHold/guard/internal/events/service/multi.go:20.68,22.33 2 5
github.com/corvusHold/guard/internal/events/service/multi.go:22.33,23.62 1 7
github.com/corvusHold/guard/internal/events/service/multi.go:23.62,25.4 1 2
github.com/corvusHold/guard/internal/events/service/multi.go:27.2,27.17 1 5
github.com/corvusHold/guard/internal/events/service/multi.go:31.41,33.2 1 1
github.com/corvusHold/guard/internal/events/service/webhook.go:19.62,23.2 3 0
github.com/corvusHold/guard/internal/events/service/webhook.go:25.79,34.16 3 0
github.com/corvusHold/guard/internal/events/service/webhook.go:34.16,36.3 1 0
github.com/corvusHold/guard/internal/events/service/webhook.go:37.2,38.61 2 0
github.com/corvusHold/guard/internal/oauth/service/service.go:30.43,32.2 1 16
github.com/corvusHold/guard/internal/oauth/service/service.go:37.123,38.19 1 21
github.com/corvusHold/guard/internal/oauth/service/service.go:38.19,40.3 1 1
github.com/corvusHold/guard/internal/oauth/service/service.go:41.2,41.31 1 20
github.com/corvusHold/guard/internal/oauth/service/service.go:41.31,43.3 1 1
github.com/corvusHold/guard/internal/oauth/service/service.go:44.2,44.38 1 19
github.com/corvusHold/guard/internal/oauth/service/service.go:44.38,46.17 2 19
github.com/corvusHold/guard/internal/oauth/service/service.go:46.17,48.4 1 0
github.com/corvusHold/guard/internal/oauth/service/service.go:49.3,49.93 1 19
github.com/corvusHold/guard/internal/oauth/service/service.go:49.93,51.4 1 0
github.com/corvusHold/guard/internal/oauth/service/service.go:52.3,52.28 1 19
github.com/corvusHold/guard/internal/oauth/service/service.go:52.28,54.4 1 1
github.com/corvusHold/guard/internal/oauth/service/service.go:56.2,56.25 1 18
github.com/corvusHold/guard/internal/oauth/service/service.go:56.25,58.3 1 4
github.com/corvusHold/guard/internal/oauth/service/service.go:59.2,59.66 1 18
github.com/corvusHold/guard/internal/oauth/service/service.go:59.66,61.3 1 1
github.com/corvusHold/guard/internal/oauth/service/service.go:62.2,62.25 1 17
github.com/corvusHold/guard/internal/oauth/service/service.go:62.25,64.3 1 6
github.com/corvusHold/guard/internal/oauth/service/service.go:65.2,65.29 1 17
github.com/corvusHold/guard/internal/oauth/service/service.go:65.29,67.3 1 6
github.com/corvusHold/guard/internal/oauth/service/service.go:70.2,71.16 2 17
github.com/corvusHold/guard/internal/oauth/service/service.go:71.16,73.3 1 0
github.com/corvusHold/guard/internal/oauth/service/service.go:76.2,78.37 3 17
github.com/corvusHold/guard/internal/oauth/service/service.go:78.37,80.17 2 12
github.com/corvusHold/guard/internal/oauth/service/service.go:80.17,82.4 1 0
github.com/corvusHold/guard/internal/oauth/service/service.go:83.3,84.17 2 12
github.com/corvusHold/guard/internal/oauth/service/service.go:84.17,86.4 1 0
github.com/corvusHold/guard/internal/oauth/service/service.go:87.3,87.28 1 12
github.com/corvusHold/guard/internal/oauth/service/service.go:90.2,106.16 3 17
github.com/corvusHold/guard/internal/oauth/service/service.go:106.16,108.3 1 0
github.com/corvusHold/guard/internal/oauth/service/service.go:109.2,109.32 1 17
github.com/corvusHold/guard/internal/oauth/service/service.go:113.102,115.2 1 0
github.com/corvusHold/guard/internal/oauth/service/service.go:118.105,120.2 1 0
github.com/corvusHold/guard/internal/oauth/service/service.go:123.102,125.2 1 1
github.com/corvusHold/guard/internal/oauth/service/service.go:128.117,130.2 1 0
github.com/corvusHold/guard/internal/oauth/service/service.go:133.83,135.2 1 0
github.com/corvusHold/guard/internal/oauth/service/service.go:140.119,141.23 1 9
github.com/corvusHold/guard/internal/oauth/service/service.go:141.23,143.3 1 1
github.com/corvusHold/guard/internal/oauth/service/service.go:144.2,144.31 1 8
github.com/corvusHold/guard/internal/oauth/service/service.go:144.31,146.3 1 1
github.com/corvusHold/guard/internal/oauth/service/service.go:147.2,147.26 1 7
github.com/corvusHold/guard/internal/oauth/service/service.go:147.26,149.3 1 1
github.com/corvusHold/guard/internal/oauth/service/service.go:151.2,152.16 2 6
github.com/corvusHold/guard/internal/oauth/service/service.go:152.16,154.3 1 0
github.com/corvusHold/guard/internal/oauth/service/service.go:155.2,155.22 1 6
github.com/corvusHold/guard/internal/oauth/service/service.go:155.22,157.3 1 1
github.com/corvusHold/guard/internal/oauth/service/service.go:160.2,160.62 1 5
github.com/corvusHold/guard/internal/oauth/service/service.go:160.62,162.3 1 1
github.com/corvusHold/guard/internal/oauth/service/service.go:165.2,166.40 2 4
github.com/corvusHold/guard/internal/oauth/service/service.go:166.40,167.44 1 4
github.com/corvusHold/guard/internal/oauth/service/service.go:167.44,169.4 1 1
github.com/corvusHold/guard/internal/oauth/service/service.go:173.2,173.61 1 3
github.com/corvusHold/guard/internal/oauth/service/service.go:173.61,175.3 1 1
github.com/corvusHold/guard/internal/oauth/service/service.go:176.2,176.64 1 2
github.com/corvusHold/guard/internal/oauth/service/service.go:176.64,178.3 1 0
github.com/corvusHold/guard/internal/oauth/service/service.go:181.2,181.62 1 2
github.com/corvusHold/guard/internal/oauth/service/service.go:181.62,183.3 1 0
github.com/corvusHold/guard/internal/oauth/service/service.go:185.2,185.20 1 2
github.com/corvusHold/guard/internal/oauth/service/service.go:189.122,192.16 2 6
github.com/corvusHold/guard/internal/oauth/service/service.go:192.16,194.3 1 0
github.com/corvusHold/guard/internal/oauth/service/service.go:197.2,201.22 4 6
github.com/corvusHold/guard/internal/oauth/service/service.go:201.22,203.3 1 1
github.com/corvusHold/guard/internal/oauth/service/service.go:205.2,219.69 2 6
github.com/corvusHold/guard/internal/oauth/service/service.go:219.69,221.3 1 0
github.com/corvusHold/guard/internal/oauth/service/service.go:223.2,227.8 1 6
github.com/corvusHold/guard/internal/oauth/service/service.go:232.145,233.20 1 8
github.com/corvusHold/guard/internal/oauth/service/service.go:233.20,235.3 1 0
github.com/corvusHold/guard/internal/oauth/service/service.go:236.2,236.27 1 8
github.com/corvusHold/guard/internal/oauth/service/service.go:236.27,238.3 1 1
github.com/corvusHold/guard/internal/oauth/service/service.go:239.2,239.24 1 7
github.com/corvusHold/guard/internal/oauth/service/service.go:239.24,241.3 1 0
github.com/corvusHold/guard/internal/oauth/service/service.go:244.2,248.16 4 7
github.com/corvusHold/guard/internal/oauth/service/service.go:248.16,250.3 1 2
github.com/corvusHold/guard/internal/oauth/service/service.go:253.2,253.44 1 5
github.com/corvusHold/guard/internal/oauth/service/service.go:253.44,255.3 1 0
github.com/corvusHold/guard/internal/oauth/service/service.go:258.2,258.28 1 5
github.com/corvusHold/guard/internal/oauth/service/service.go:258.28,260.3 1 0
github.com/corvusHold/guard/internal/oauth/service/service.go:263.2,263.35 1 5
github.com/corvusHold/guard/internal/oauth/service/service.go:263.35,265.3 1 0
github.com/corvusHold/guard/internal/oauth/service/service.go:268.2,268.41 1 5
github.com/corvusHold/guard/internal/oauth/service/service.go:268.41,270.3 1 1
github.com/corvusHold/guard/internal/oauth/service/service.go:273.2,274.16 2 4
github.com/corvusHold/guard/internal/oauth/service/service.go:274.16,276.3 1 0
github.com/corvusHold/guard/internal/oauth/service/service.go:277.2,277.22 1 4
github.com/corvusHold/guard/internal/oauth/service/service.go:277.22,279.3 1 0
github.com/corvusHold/guard/internal/oauth/service/service.go:282.2,282.41 1 4
github.com/corvusHold/guard/internal/oauth/service/service.go:282.41,283.29 1 2
github.com/corvusHold/guard/internal/oauth/service/service.go:283.29,285.4 1 0
github.com/corvusHold/guard/internal/oauth/service/service.go:286.3,286.114 1 2
github.com/corvusHold/guard/internal/oauth/service/service.go:286.114,288.4 1 1
github.com/corvusHold/guard/internal/oauth/service/service.go:292.2,292.30 1 3
github.com/corvusHold/guard/internal/oauth/service/service.go:292.30,293.29 1 2
github.com/corvusHold/guard/internal/oauth/service/service.go:293.29,295.4 1 0
github.com/corvusHold/guard/internal/oauth/service/service.go:296.3,297.38 2 2
github.com/corvusHold/guard/internal/oauth/service/service.go:297.38,299.4 1 1
github.com/corvusHold/guard/internal/oauth/service/service.go:303.2,303.71 1 2
github.com/corvusHold/guard/internal/oauth/service/service.go:303.71,305.3 1 0
github.com/corvusHold/guard/internal/oauth/service/service.go:307.2,307.26 1 2
github.com/corvusHold/guard/internal/oauth/service/service.go:311.118,312.42 1 7
github.com/corvusHold/guard/internal/oauth/service/service.go:312.42,314.3 1 1
github.com/corvusHold/guard/internal/oauth/service/service.go:316.2,317.16 2 6
github.com/corvusHold/guard/internal/oauth/service/service.go:317.16,319.3 1 1
github.com/corvusHold/guard/internal/oauth/service/service.go:320.2,320.22 1 5
github.com/corvusHold/guard/internal/oauth/service/service.go:320.22,322.3 1 1
github.com/corvusHold/guard/internal/oauth/service/service.go:324.2,324.41 1 4
github.com/corvusHold/guard/internal/oauth/service/service.go:324.41,326.3 1 1
github.com/corvusHold/guard/internal/oauth/service/service.go:328.2,328.62 1 3
github.com/corvusHold/guard/internal/oauth/service/service.go:328.62,330.3 1 1
github.com/corvusHold/guard/internal/oauth/service/service.go:332.2,332.109 1 2
github.com/corvusHold/guard/internal/oauth/service/service.go:332.109,334.3 1 1
github.com/corvusHold/guard/internal/oauth/service/service.go:336.2,336.20 1 1
github.com/corvusHold/guard/internal/oauth/service/service.go:341.41,343.40 2 18
github.com/corvusHold/guard/internal/oauth/service/service.go:343.40,345.3 1 0
github.com/corvusHold/guard/internal/oauth/service/service.go:346.2,346.61 1 18
github.com/corvusHold/guard/internal/oauth/service/service.go:349.45,351.40 2 13
github.com/corvusHold/guard/internal/oauth/service/service.go:351.40,353.3 1 0
github.com/corvusHold/guard/internal/oauth/service/service.go:354.2,354.62 1 13
github.com/corvusHold/guard/internal/oauth/service/service.go:357.50,359.40 2 7
github.com/corvusHold/guard/internal/oauth/service/service.go:359.40,361.3 1 0
github.com/corvusHold/guard/internal/oauth/service/service.go:362.2,362.53 1 7
github.com/corvusHold/guard/internal/oauth/service/service.go:365.51,368.2 2 4
github.com/corvusHold/guard/internal/oauth/service/service.go:370.41,371.17 1 12
github.com/corvusHold/guard/internal/oauth/service/service.go:371.17,373.3 1 2
github.com/corvusHold/guard/internal/oauth/service/service.go:374.2,374.30 1 10
github.com/corvusHold/guard/internal/oauth/service/service.go:377.50,378.24 1 13
github.com/corvusHold/guard/internal/oauth/service/service.go:378.24,379.13 1 16
github.com/corvusHold/guard/internal/oauth/service/service.go:379.13,381.4 1 9
github.com/corvusHold/guard/internal/oauth/service/service.go:383.2,383.14 1 4
github.com/corvusHold/guard/internal/oauth/service/service.go:386.63,387.31 1 7
github.com/corvusHold/guard/internal/oauth/service/service.go:387.31,388.15 1 7
github.com/corvusHold/guard/internal/oauth/service/service.go:388.15,390.4 1 5
github.com/corvusHold/guard/internal/oauth/service/service.go:392.2,392.14 1 2
github.com/corvusHold/guard/internal/oauth/service/service.go:397.118,399.16 2 4
github.com/corvusHold/guard/internal/oauth/service/service.go:399.16,401.3 1 2
github.com/corvusHold/guard/internal/oauth/service/service.go:402.2,402.31 1 2
github.com/corvusHold/guard/internal/oauth/service/service.go:402.31,403.43 1 2
github.com/corvusHold/guard/internal/oauth/service/service.go:403.43,405.4 1 1
github.com/corvusHold/guard/internal/oauth/service/service.go:407.2,407.13 1 1
github.com/corvusHold/guard/internal/oauth/service/service.go:411.120,414.2 2 1
github.com/corvusHold/guard/internal/oauth/service/service.go:417.105,419.2 1 1
github.com/corvusHold/guard/internal/oauth/controller/http.go:43.139,51.2 1 0
github.com/corvusHold/guard/internal/oauth/controller/http.go:54.86,58.2 3 0
github.com/corvusHold/guard/internal/oauth/controller/http.go:61.57,67.2 5 0
github.com/corvusHold/guard/internal/oauth/controller/http.go:70.56,72.21 2 0
github.com/corvusHold/guard/internal/oauth/controller/http.go:72.21,74.3 1 0
github.com/corvusHold/guard/internal/oauth/controller/http.go:75.2,75.22 1 0
github.com/corvusHold/guard/internal/oauth/controller/http.go:75.22,77.3 1 0
github.com/corvusHold/guard/internal/oauth/controller/http.go:78.2,81.52 4 0
github.com/corvusHold/guard/internal/oauth/controller/http.go:110.57,112.37 2 0
github.com/corvusHold/guard/internal/oauth/controller/http.go:112.37,114.3 1 0
github.com/corvusHold/guard/internal/oauth/controller/http.go:115.2,115.41 1 0
github.com/corvusHold/guard/internal/oauth/controller/http.go:115.41,117.3 1 0
github.com/corvusHold/guard/internal/oauth/controller/http.go:119.2,120.16 2 0
github.com/corvusHold/guard/internal/oauth/controller/http.go:120.16,122.3 1 0
github.com/corvusHold/guard/internal/oauth/controller/http.go:123.2,135.16 3 0
github.com/corvusHold/guard/internal/oauth/controller/http.go:135.16,137.3 1 0
github.com/corvusHold/guard/internal/oauth/controller/http.go:139.2,142.4 1 0
github.com/corvusHold/guard/internal/oauth/controller/http.go:155.56,157.16 2 0
github.com/corvusHold/guard/internal/oauth/controller/http.go:157.16,159.3 1 0
github.com/corvusHold/guard/internal/oauth/controller/http.go:161.2,162.16 2 0
github.com/corvusHold/guard/internal/oauth/controller/http.go:162.16,164.3 1 0
github.com/corvusHold/guard/internal/oauth/controller/http.go:166.2,166.74 1 0
github.com/corvusHold/guard/internal/oauth/controller/http.go:181.54,183.16 2 0
github.com/corvusHold/guard/internal/oauth/controller/http.go:183.16,185.3 1 0
github.com/corvusHold/guard/internal/oauth/controller/http.go:186.2,187.16 2 0
github.com/corvusHold/guard/internal/oauth/controller/http.go:187.16,189.3 1 0
github.com/corvusHold/guard/internal/oauth/controller/http.go:191.2,192.16 2 0
github.com/corvusHold/guard/internal/oauth/controller/http.go:192.16,194.3 1 0
github.com/corvusHold/guard/internal/oauth/controller/http.go:196.2,196.38 1 0
github.com/corvusHold/guard/internal/oauth/controller/http.go:219.57,221.16 2 0
github.com/corvusHold/guard/internal/oauth/controller/http.go:221.16,223.3 1 0
github.com/corvusHold/guard/internal/oauth/controller/http.go:224.2,225.16 2 0
github.com/corvusHold/guard/internal/oauth/controller/http.go:225.16,227.3 1 0
github.com/corvusHold/guard/internal/oauth/controller/http.go:229.2,230.37 2 0
github.com/corvusHold/guard/internal/oauth/controller/http.go:230.37,232.3 1 0
github.com/corvusHold/guard/internal/oauth/controller/http.go:234.2,241.17 1 0
github.com/corvusHold/guard/internal/oauth/controller/http.go:241.17,243.3 1 0
github.com/corvusHold/guard/internal/oauth/controller/http.go:245.2,245.70 1 0
github.com/corvusHold/guard/internal/oauth/controller/http.go:258.57,260.16 2 0
github.com/corvusHold/guard/internal/oauth/controller/http.go:260.16,262.3 1 0
github.com/corvusHold/guard/internal/oauth/controller/http.go:263.2,264.16 2 0
github.com/corvusHold/guard/internal/oauth/controller/http.go:264.16,266.3 1 0
github.com/corvusHold/guard/internal/oauth/controller/http.go:268.2,268.80 1 0
github.com/corvusHold/guard/internal/oauth/controller/http.go:268.80,270.3 1 0
github.com/corvusHold/guard/internal/oauth/controller/http.go:272.2,272.42 1 0
github.com/corvusHold/guard/internal/oauth/controller/http.go:295.54,308.16 3 0
github.com/corvusHold/guard/internal/oauth/controller/http.go:308.16,310.122 1 0
github.com/corvusHold/guard/internal/oauth/controller/http.go:310.122,312.4 1 0
github.com/corvusHold/guard/internal/oauth/controller/http.go:314.3,314.88 1 0
github.com/corvusHold/guard/internal/oauth/controller/http.go:318.2,319.20 2 0
github.com/corvusHold/guard/internal/oauth/controller/http.go:319.20,323.3 2 0
github.com/corvusHold/guard/internal/oauth/controller/http.go:324.2,324.33 1 0
github.com/corvusHold/guard/internal/oauth/controller/http.go:324.33,332.3 1 0
github.com/corvusHold/guard/internal/oauth/controller/http.go:334.2,338.22 4 0
github.com/corvusHold/guard/internal/oauth/controller/http.go:338.22,340.3 1 0
github.com/corvusHold/guard/internal/oauth/controller/http.go:343.2,343.84 1 0
github.com/corvusHold/guard/internal/oauth/controller/http.go:343.84,345.17 2 0
github.com/corvusHold/guard/internal/oauth/controller/http.go:345.17,347.4 1 0
github.com/corvusHold/guard/internal/oauth/controller/http.go:348.3,349.17 2 0
github.com/corvusHold/guard/internal/oauth/controller/http.go:349.17,351.4 1 0
github.com/corvusHold/guard/internal/oauth/controller/http.go:352.3,354.25 3 0
github.com/corvusHold/guard/internal/oauth/controller/http.go:354.25,356.4 1 0
github.com/corvusHold/guard/internal/oauth/controller/http.go:357.3,358.50 2 0
github.com/corvusHold/guard/internal/oauth/controller/http.go:361.2,362.27 2 0
github.com/corvusHold/guard/internal/oauth/controller/http.go:362.27,364.10 2 0
github.com/corvusHold/guard/internal/oauth/controller/http.go:364.10,366.4 1 0
github.com/corvusHold/guard/internal/oauth/controller/http.go:367.3,367.87 1 0
github.com/corvusHold/guard/internal/oauth/controller/http.go:371.2,373.28 2 0
github.com/corvusHold/guard/internal/oauth/controller/http.go:373.28,386.3 1 0
github.com/corvusHold/guard/internal/oauth/controller/http.go:388.2,404.4 1 0
github.com/corvusHold/guard/internal/oauth/controller/http.go:437.62,439.37 2 0
github.com/corvusHold/guard/internal/oauth/controller/http.go:439.37,441.3 1 0
github.com/corvusHold/guard/internal/oauth/controller/http.go:443.2,443.19 1 0
github.com/corvusHold/guard/internal/oauth/controller/http.go:443.19,445.25 1 0
github.com/corvusHold/guard/internal/oauth/controller/http.go:445.25,447.4 1 0
github.com/corvusHold/guard/internal/oauth/controller/http.go:449.3,450.17 2 0
github.com/corvusHold/guard/internal/oauth/controller/http.go:450.17,452.4 1 0
github.com/corvusHold/guard/internal/oauth/controller/http.go:453.3,454.43 2 0
github.com/corvusHold/guard/internal/oauth/controller/http.go:454.43,455.30 1 0
github.com/corvusHold/guard/internal/oauth/controller/http.go:455.30,457.10 2 0
github.com/corvusHold/guard/internal/oauth/controller/http.go:460.3,460.16 1 0
github.com/corvusHold/guard/internal/oauth/controller/http.go:460.16,462.4 1 0
github.com/corvusHold/guard/internal/oauth/controller/http.go:463.3,463.102 1 0
github.com/corvusHold/guard/internal/oauth/controller/http.go:466.2,467.20 2 0
github.com/corvusHold/guard/internal/oauth/controller/http.go:467.20,469.3 1 0
github.com/corvusHold/guard/internal/oauth/controller/http.go:471.2,472.16 2 0
github.com/corvusHold/guard/internal/oauth/controller/http.go:472.16,474.3 1 0
github.com/corvusHold/guard/internal/oauth/controller/http.go:475.2,476.42 2 0
github.com/corvusHold/guard/internal/oauth/controller/http.go:476.42,477.29 1 0
github.com/corvusHold/guard/internal/oauth/controller/http.go:477.29,479.9 2 0
github.com/corvusHold/guard/internal/oauth/controller/http.go:482.2,482.15 1 0
github.com/corvusHold/guard/internal/oauth/controller/http.go:482.15,484.3 1 0
github.com/corvusHold/guard/internal/oauth/controller/http.go:485.2,485.33 1 0
github.com/corvusHold/guard/internal/oauth/controller/http.go:485.33,493.3 1 0
github.com/corvusHold/guard/internal/oauth/controller/http.go:496.2,496.75 1 0
github.com/corvusHold/guard/internal/oauth/controller/http.go:496.75,498.3 1 0
github.com/corvusHold/guard/internal/oauth/controller/http.go:500.2,515.85 2 0
github.com/corvusHold/guard/internal/oauth/controller/http.go:515.85,517.141 2 0
github.com/corvusHold/guard/internal/oauth/controller/http.go:517.141,519.4 1 0
github.com/corvusHold/guard/internal/oauth/controller/http.go:520.3,520.85 1 0
github.com/corvusHold/guard/internal/oauth/controller/http.go:524.2,525.16 2 0
github.com/corvusHold/guard/internal/oauth/controller/http.go:525.16,527.3 1 0
github.com/corvusHold/guard/internal/oauth/controller/http.go:530.2,531.22 2 0
github.com/corvusHold/guard/internal/oauth/controller/http.go:531.22,533.3 1 0
github.com/corvusHold/guard/internal/oauth/controller/http.go:534.2,538.16 3 0
github.com/corvusHold/guard/internal/oauth/controller/http.go:538.16,540.3 1 0
github.com/corvusHold/guard/internal/oauth/controller/http.go:541.2,543.24 3 0
github.com/corvusHold/guard/internal/oauth/controller/http.go:543.24,545.3 1 0
github.com/corvusHold/guard/internal/oauth/controller/http.go:546.2,548.59 2 0
github.com/corvusHold/guard/internal/oauth/controller/http.go:561.56,563.17 2 0
github.com/corvusHold/guard/internal/oauth/controller/http.go:563.17,568.3 1 0
github.com/corvusHold/guard/internal/oauth/controller/http.go:570.2,571.25 2 0
github.com/corvusHold/guard/internal/oauth/controller/http.go:571.25,573.3 1 0
github.com/corvusHold/guard/internal/oauth/controller/http.go:576.2,576.86 1 0
github.com/corvusHold/guard/internal/oauth/controller/http.go:576.86,580.3 1 0
github.com/corvusHold/guard/internal/oauth/controller/http.go:582.2,582.65 1 0
github.com/corvusHold/guard/internal/oauth/controller/http.go:602.50,608.19 3 0
github.com/corvusHold/guard/internal/oauth/controller/http.go:609.28,610.61 1 0
github.com/corvusHold/guard/internal/oauth/controller/http.go:611.28,612.61 1 0
github.com/corvusHold/guard/internal/oauth/controller/http.go:613.23,614.56 1 0
github.com/corvusHold/guard/internal/oauth/controller/http.go:615.10,619.5 1 0
github.com/corvusHold/guard/internal/oauth/controller/http.go:623.98,625.20 1 0
github.com/corvusHold/guard/internal/oauth/controller/http.go:625.20,627.3 1 0
github.com/corvusHold/guard/internal/oauth/controller/http.go:628.2,628.24 1 0
github.com/corvusHold/guard/internal/oauth/controller/http.go:628.24,630.3 1 0
github.com/corvusHold/guard/internal/oauth/controller/http.go:632.2,642.16 3 0
github.com/corvusHold/guard/internal/oauth/controller/http.go:642.16,647.3 1 0
github.com/corvusHold/guard/internal/oauth/controller/http.go:650.2,656.16 2 0
github.com/corvusHold/guard/internal/oauth/controller/http.go:656.16,661.3 1 0
github.com/corvusHold/guard/internal/oauth/controller/http.go:663.2,674.52 3 0
github.com/corvusHold/guard/internal/oauth/controller/http.go:674.52,676.17 2 0
github.com/corvusHold/guard/internal/oauth/controller/http.go:676.17,678.4 1 0
github.com/corvusHold/guard/internal/oauth/controller/http.go:681.2,681.36 1 0
github.com/corvusHold/guard/internal/oauth/controller/http.go:684.98,685.20 1 0
github.com/corvusHold/guard/internal/oauth/controller/http.go:685.20,687.3 1 0
github.com/corvusHold/guard/internal/oauth/controller/http.go:688.2,688.24 1 0
github.com/corvusHold/guard/internal/oauth/controller/http.go:688.24,690.3 1 0
github.com/corvusHold/guard/internal/oauth/controller/http.go:692.2,693.16 2 0
github.com/corvusHold/guard/internal/oauth/controller/http.go:693.16,698.3 1 0
github.com/corvusHold/guard/internal/oauth/controller/http.go:700.2,702.22 3 0
github.com/corvusHold/guard/internal/oauth/controller/http.go:702.22,704.3 1 0
github.com/corvusHold/guard/internal/oauth/controller/http.go:704.8,706.28 1 0
github.com/corvusHold/guard/internal/oauth/controller/http.go:706.28,707.40 1 0
github.com/corvusHold/guard/internal/oauth/controller/http.go:707.40,712.5 1 0
github.com/corvusHold/guard/internal/oauth/controller/http.go:717.2,734.16 6 0
github.com/corvusHold/guard/internal/oauth/controller/http.go:734.16,739.3 1 0
github.com/corvusHold/guard/internal/oauth/controller/http.go:741.2,746.4 1 0
github.com/corvusHold/guard/internal/oauth/controller/http.go:749.93,750.20 1 0
github.com/corvusHold/guard/internal/oauth/controller/http.go:750.20,752.3 1 0
github.com/corvusHold/guard/internal/oauth/controller/http.go:753.2,753.24 1 0
github.com/corvusHold/guard/internal/oauth/controller/http.go:753.24,755.3 1 0
github.com/corvusHold/guard/internal/oauth/controller/http.go:757.2,758.24 2 0
github.com/corvusHold/guard/internal/oauth/controller/http.go:758.24,763.3 1 0
github.com/corvusHold/guard/internal/oauth/controller/http.go:766.2,766.20 1 0
github.com/corvusHold/guard/internal/oauth/controller/http.go:766.20,768.17 2 0
github.com/corvusHold/guard/internal/oauth/controller/http.go:768.17,773.4 1 0
github.com/corvusHold/guard/internal/oauth/controller/http.go:777.2,782.16 2 0
github.com/corvusHold/guard/internal/oauth/controller/http.go:782.16,787.3 1 0
github.com/corvusHold/guard/internal/oauth/controller/http.go:789.2,796.4 2 0
github.com/corvusHold/guard/internal/oauth/controller/http.go:800.136,812.17 4 0
github.com/corvusHold/guard/internal/oauth/controller/http.go:812.17,814.3 1 0
github.com/corvusHold/guard/internal/oauth/controller/http.go:817.2,817.92 1 0
github.com/corvusHold/guard/internal/oauth/controller/http.go:817.92,819.17 2 0
github.com/corvusHold/guard/internal/oauth/controller/http.go:819.17,820.50 1 0
github.com/corvusHold/guard/internal/oauth/controller/http.go:820.50,824.5 3 0
github.com/corvusHold/guard/internal/oauth/controller/http.go:825.4,825.48 1 0
github.com/corvusHold/guard/internal/oauth/controller/http.go:825.48,828.5 2 0
github.com/corvusHold/guard/internal/oauth/controller/http.go:832.2,832.44 1 0
github.com/corvusHold/guard/internal/oauth/controller/http.go:836.93,837.49 1 0
github.com/corvusHold/guard/internal/oauth/controller/http.go:837.49,839.3 1 0
github.com/corvusHold/guard/internal/oauth/controller/http.go:840.2,842.56 3 0
github.com/corvusHold/guard/internal/oauth/controller/http.go:847.90,850.40 2 0
github.com/corvusHold/guard/internal/oauth/controller/http.go:850.40,853.9 3 0
github.com/corvusHold/guard/internal/oauth/controller/http.go:853.9,855.4 1 0
github.com/corvusHold/guard/internal/oauth/controller/http.go:859.2,860.38 2 0
github.com/corvusHold/guard/internal/oauth/controller/http.go:860.38,862.9 2 0
github.com/corvusHold/guard/internal/oauth/controller/http.go:862.9,864.4 1 0
github.com/corvusHold/guard/internal/oauth/controller/http.go:867.2,867.34 1 0
github.com/corvusHold/guard/internal/oauth/controller/http.go:870.106,873.41 2 0
github.com/corvusHold/guard/internal/oauth/controller/http.go:873.41,875.3 1 0
github.com/corvusHold/guard/internal/oauth/controller/http.go:876.2,876.76 1 0
github.com/corvusHold/guard/internal/oauth/controller/http.go:876.76,878.3 1 0
github.com/corvusHold/guard/internal/oauth/controller/http.go:879.2,879.59 1 0
github.com/corvusHold/guard/internal/oauth/controller/http.go:882.59,885.28 3 3
github.com/corvusHold/guard/internal/oauth/controller/http.go:885.28,887.3 1 3
github.com/corvusHold/guard/internal/oauth/controller/http.go:888.2,889.19 2 3
github.com/corvusHold/guard/internal/oauth/controller/http.go:889.19,891.3 1 1
github.com/corvusHold/guard/internal/oauth/controller/http.go:892.2,897.41 6 3
github.com/corvusHold/guard/internal/oauth/controller/http.go:900.57,901.38 1 0
github.com/corvusHold/guard/internal/oauth/controller/http.go:901.38,903.3 1 0
github.com/corvusHold/guard/internal/oauth/controller/http.go:904.2,904.52 1 0
github.com/corvusHold/guard/internal/oauth/controller/http.go:907.55,908.36 1 0
github.com/corvusHold/guard/internal/oauth/controller/http.go:908.36,910.3 1 0
github.com/corvusHold/guard/internal/oauth/controller/http.go:911.2,911.50 1 0
github.com/corvusHold/guard/internal/oauth/controller/http.go:914.57,917.39 2 0
github.com/corvusHold/guard/internal/oauth/controller/http.go:917.39,919.17 2 0
github.com/corvusHold/guard/internal/oauth/controller/http.go:919.17,921.23 2 0
github.com/corvusHold/guard/internal/oauth/controller/http.go:921.23,925.35 3 0
github.com/corvusHold/guard/internal/oauth/controller/http.go:925.35,927.6 1 0
github.com/corvusHold/guard/internal/oauth/controller/http.go:928.5,928.21 1 0
github.com/corvusHold/guard/internal/oauth/controller/http.go:932.2,932.15 1 0
github.com/corvusHold/guard/internal/oauth/controller/http.go:935.97,937.16 2 0
github.com/corvusHold/guard/internal/oauth/controller/http.go:937.16,939.3 1 0
github.com/corvusHold/guard/internal/oauth/controller/http.go:940.2,943.17 4 0
github.com/corvusHold/guard/internal/oauth/controller/http.go:943.17,945.3 1 0
github.com/corvusHold/guard/internal/oauth/controller/http.go:946.2,947.49 2 0
github.com/corvusHold/guard/internal/oauth/controller/http.go:954.89,960.2 5 0
github.com/corvusHold/guard/internal/oauth/controller/http.go:963.103,965.16 2 0
github.com/corvusHold/guard/internal/oauth/controller/http.go:965.16,967.3 1 0
github.com/corvusHold/guard/internal/oauth/controller/http.go:968.2,969.21 2 0
github.com/corvusHold/guard/internal/oauth/controller/http.go:969.21,971.3 1 0
github.com/corvusHold/guard/internal/oauth/controller/http.go:972.2,976.16 3 0
github.com/corvusHold/guard/internal/oauth/controller/http.go:976.16,978.3 1 0
github.com/corvusHold/guard/internal/oauth/controller/http.go:979.2,979.59 1 0
github.com/corvusHold/guard/internal/oauth/controller/http.go:979.59,981.3 1 0
github.com/corvusHold/guard/internal/oauth/controller/http.go:984.2,988.53 4 0
github.com/corvusHold/guard/internal/oauth/controller/http.go:991.56,992.27 1 0
github.com/corvusHold/guard/internal/oauth/controller/http.go:992.27,993.17 1 0
github.com/corvusHold/guard/internal/oauth/controller/http.go:993.17,995.4 1 0
github.com/corvusHold/guard/internal/oauth/controller/http.go:997.2,997.14 1 0
github.com/corvusHold/guard/internal/oauth/controller/http.go:1000.47,1003.2 2 2
github.com/corvusHold/guard/internal/oauth/controller/http.go:1005.113,1010.38 5 1
github.com/corvusHold/guard/internal/oauth/controller/http.go:1010.38,1014.3 3 0
github.com/corvusHold/guard/internal/oauth/controller/http.go:1015.2,1019.27 5 1
github.com/corvusHold/guard/internal/oauth/controller/http.go:1019.27,1025.3 5 1
github.com/corvusHold/guard/internal/oauth/controller/http.go:1026.2,1041.19 16 1
github.com/corvusHold/guard/internal/oauth/controller/http.go:1044.63,1050.2 5 9
github.com/corvusHold/guard/internal/platform/validation/errors.go:16.41,18.55 2 2
github.com/corvusHold/guard/internal/platform/validation/errors.go:18.55,19.28 1 1
github.com/corvusHold/guard/internal/platform/validation/errors.go:19.28,22.4 2 2
github.com/corvusHold/guard/internal/platform/validation/errors.go:24.2,24.22 1 2
github.com/corvusHold/guard/internal/platform/validation/errors.go:24.22,26.3 1 1
github.com/corvusHold/guard/internal/platform/validation/errors.go:27.2,27.62 1 1
github.com/corvusHold/guard/internal/platform/validation/validator.go:10.58,12.2 1 2
github.com/corvusHold/guard/internal/platform/validation/validator.go:15.27,18.2 2 2
github.com/corvusHold/guard/internal/tenants/repository/sqlc.go:16.44,18.2 1 0
github.com/corvusHold/guard/internal/tenants/repository/sqlc.go:20.40,25.2 4 0
github.com/corvusHold/guard/internal/tenants/repository/sqlc.go:27.44,28.14 1 0
github.com/corvusHold/guard/internal/tenants/repository/sqlc.go:28.14,30.3 1 0
github.com/corvusHold/guard/internal/tenants/repository/sqlc.go:31.2,31.21 1 0
github.com/corvusHold/guard/internal/tenants/repository/sqlc.go:34.114,40.2 1 0
github.com/corvusHold/guard/internal/tenants/repository/sqlc.go:42.88,44.2 1 0
github.com/corvusHold/guard/internal/tenants/repository/sqlc.go:46.89,48.2 1 0
github.com/corvusHold/guard/internal/tenants/repository/sqlc.go:50.78,52.2 1 0
github.com/corvusHold/guard/internal/tenants/repository/sqlc.go:54.127,61.16 2 0
github.com/corvusHold/guard/internal/tenants/repository/sqlc.go:61.16,63.3 1 0
github.com/corvusHold/guard/internal/tenants/repository/sqlc.go:64.2,68.16 2 0
github.com/corvusHold/guard/internal/tenants/repository/sqlc.go:68.16,70.3 1 0
github.com/corvusHold/guard/internal/tenants/repository/sqlc.go:71.2,71.26 1 0
github.com/corvusHold/guard/internal/tenants/repository/sqlc.go:74.133,80.16 2 0
github.com/corvusHold/guard/internal/tenants/repository/sqlc.go:80.16,82.3 1 0
github.com/corvusHold/guard/internal/tenants/repository/sqlc.go:83.2,84.16 2 0
github.com/corvusHold/guard/internal/tenants/repository/sqlc.go:84.16,86.3 1 0
github.com/corvusHold/guard/internal/tenants/repository/sqlc.go:87.2,87.26 1 0
github.com/corvusHold/guard/internal/tenants/repository/sqlc.go:90.107,92.16 2 0
github.com/corvusHold/guard/internal/tenants/repository/sqlc.go:92.16,94.3 1 0
github.com/corvusHold/guard/internal/tenants/repository/sqlc.go:95.2,96.27 2 0
github.com/corvusHold/guard/internal/tenants/repository/sqlc.go:96.27,98.3 1 0
github.com/corvusHold/guard/internal/tenants/repository/sqlc.go:99.2,99.17 1 0
github.com/corvusHold/guard/internal/tenants/repository/sqlc.go:102.101,107.2 1 0
github.com/corvusHold/guard/internal/tenants/controller/http.go:26.42,28.2 1 2
github.com/corvusHold/guard/internal/tenants/controller/http.go:31.78,34.2 2 1
github.com/corvusHold/guard/internal/tenants/controller/http.go:36.45,39.2 2 0
github.com/corvusHold/guard/internal/tenants/controller/http.go:41.48,50.2 8 0
github.com/corvusHold/guard/internal/tenants/controller/http.go:66.41,67.14 1 12
github.com/corvusHold/guard/internal/tenants/controller/http.go:67.14,69.3 1 6
github.com/corvusHold/guard/internal/tenants/controller/http.go:70.2,70.36 1 6
github.com/corvusHold/guard/internal/tenants/controller/http.go:73.48,74.14 1 11
github.com/corvusHold/guard/internal/tenants/controller/http.go:74.14,76.3 1 1
github.com/corvusHold/guard/internal/tenants/controller/http.go:77.2,77.42 1 10
github.com/corvusHold/guard/internal/tenants/controller/http.go:90.57,92.37 2 5
github.com/corvusHold/guard/internal/tenants/controller/http.go:92.37,94.3 1 1
github.com/corvusHold/guard/internal/tenants/controller/http.go:95.2,95.41 1 4
github.com/corvusHold/guard/internal/tenants/controller/http.go:95.41,97.3 1 1
github.com/corvusHold/guard/internal/tenants/controller/http.go:98.2,99.60 2 3
github.com/corvusHold/guard/internal/tenants/controller/http.go:99.60,101.17 2 1
github.com/corvusHold/guard/internal/tenants/controller/http.go:101.17,103.4 1 1
github.com/corvusHold/guard/internal/tenants/controller/http.go:104.3,104.18 1 0
github.com/corvusHold/guard/internal/tenants/controller/http.go:106.2,107.16 2 2
github.com/corvusHold/guard/internal/tenants/controller/http.go:107.16,109.3 1 1
github.com/corvusHold/guard/internal/tenants/controller/http.go:111.2,111.30 1 1
github.com/corvusHold/guard/internal/tenants/controller/http.go:111.30,113.86 2 1
github.com/corvusHold/guard/internal/tenants/controller/http.go:113.86,115.4 1 1
github.com/corvusHold/guard/internal/tenants/controller/http.go:117.2,124.4 1 1
github.com/corvusHold/guard/internal/tenants/controller/http.go:137.58,140.16 3 2
github.com/corvusHold/guard/internal/tenants/controller/http.go:140.16,142.3 1 1
github.com/corvusHold/guard/internal/tenants/controller/http.go:143.2,144.16 2 1
github.com/corvusHold/guard/internal/tenants/controller/http.go:144.16,146.3 1 1
github.com/corvusHold/guard/internal/tenants/controller/http.go:147.2,154.4 1 0
github.com/corvusHold/guard/internal/tenants/controller/http.go:167.60,169.16 2 3
github.com/corvusHold/guard/internal/tenants/controller/http.go:169.16,171.3 1 1
github.com/corvusHold/guard/internal/tenants/controller/http.go:172.2,173.16 2 2
github.com/corvusHold/guard/internal/tenants/controller/http.go:173.16,175.3 1 1
github.com/corvusHold/guard/internal/tenants/controller/http.go:176.2,183.4 1 1
github.com/corvusHold/guard/internal/tenants/controller/http.go:194.61,197.16 3 3
github.com/corvusHold/guard/internal/tenants/controller/http.go:197.16,199.3 1 1
github.com/corvusHold/guard/internal/tenants/controller/http.go:200.2,200.68 1 2
github.com/corvusHold/guard/internal/tenants/controller/http.go:200.68,202.3 1 1
github.com/corvusHold/guard/internal/tenants/controller/http.go:203.2,203.42 1 1
github.com/corvusHold/guard/internal/tenants/controller/http.go:215.63,218.16 3 3
github.com/corvusHold/guard/internal/tenants/controller/http.go:218.16,220.3 1 1
github.com/corvusHold/guard/internal/tenants/controller/http.go:221.2,222.16 2 2
github.com/corvusHold/guard/internal/tenants/controller/http.go:222.16,224.3 1 1
github.com/corvusHold/guard/internal/tenants/controller/http.go:225.2,226.32 2 1
github.com/corvusHold/guard/internal/tenants/controller/http.go:226.32,235.3 1 1
github.com/corvusHold/guard/internal/tenants/controller/http.go:236.2,236.37 1 1
github.com/corvusHold/guard/internal/tenants/controller/http.go:254.63,257.16 3 4
github.com/corvusHold/guard/internal/tenants/controller/http.go:257.16,259.3 1 0
github.com/corvusHold/guard/internal/tenants/controller/http.go:260.2,261.37 2 4
github.com/corvusHold/guard/internal/tenants/controller/http.go:261.37,263.3 1 1
github.com/corvusHold/guard/internal/tenants/controller/http.go:264.2,265.60 2 3
github.com/corvusHold/guard/internal/tenants/controller/http.go:265.60,267.17 2 3
github.com/corvusHold/guard/internal/tenants/controller/http.go:267.17,269.4 1 1
github.com/corvusHold/guard/internal/tenants/controller/http.go:270.3,270.18 1 2
github.com/corvusHold/guard/internal/tenants/controller/http.go:272.2,272.80 1 2
github.com/corvusHold/guard/internal/tenants/controller/http.go:272.80,274.3 1 1
github.com/corvusHold/guard/internal/tenants/controller/http.go:275.2,275.42 1 1
github.com/corvusHold/guard/internal/tenants/controller/http.go:305.56,308.35 2 2
github.com/corvusHold/guard/internal/tenants/controller/http.go:308.35,311.43 2 1
github.com/corvusHold/guard/internal/tenants/controller/http.go:311.43,312.45 1 1
github.com/corvusHold/guard/internal/tenants/controller/http.go:312.45,314.5 1 0
github.com/corvusHold/guard/internal/tenants/controller/http.go:316.3,316.41 1 1
github.com/corvusHold/guard/internal/tenants/controller/http.go:316.41,317.45 1 1
github.com/corvusHold/guard/internal/tenants/controller/http.go:317.45,319.5 1 0
github.com/corvusHold/guard/internal/tenants/controller/http.go:321.3,321.48 1 1
github.com/corvusHold/guard/internal/tenants/controller/http.go:321.48,322.46 1 1
github.com/corvusHold/guard/internal/tenants/controller/http.go:322.46,324.5 1 0
github.com/corvusHold/guard/internal/tenants/controller/http.go:328.2,334.16 2 2
github.com/corvusHold/guard/internal/tenants/controller/http.go:334.16,336.3 1 1
github.com/corvusHold/guard/internal/tenants/controller/http.go:337.2,338.32 2 1
github.com/corvusHold/guard/internal/tenants/controller/http.go:338.32,347.3 1 1
github.com/corvusHold/guard/internal/tenants/controller/http.go:348.2,354.4 1 1
github.com/corvusHold/guard/internal/tenants/controller/http.go:368.61,371.16 3 3
github.com/corvusHold/guard/internal/tenants/controller/http.go:371.16,373.3 1 1
github.com/corvusHold/guard/internal/tenants/controller/http.go:375.2,376.35 2 2
github.com/corvusHold/guard/internal/tenants/controller/http.go:376.35,378.41 1 1
github.com/corvusHold/guard/internal/tenants/controller/http.go:378.41,379.45 1 1
github.com/corvusHold/guard/internal/tenants/controller/http.go:379.45,381.5 1 0
github.com/corvusHold/guard/internal/tenants/controller/http.go:383.3,383.48 1 1
github.com/corvusHold/guard/internal/tenants/controller/http.go:383.48,384.46 1 1
github.com/corvusHold/guard/internal/tenants/controller/http.go:384.46,386.5 1 0
github.com/corvusHold/guard/internal/tenants/controller/http.go:390.2,394.16 2 2
github.com/corvusHold/guard/internal/tenants/controller/http.go:394.16,396.3 1 1
github.com/corvusHold/guard/internal/tenants/controller/http.go:397.2,398.32 2 1
github.com/corvusHold/guard/internal/tenants/controller/http.go:398.32,407.3 1 1
github.com/corvusHold/guard/internal/tenants/controller/http.go:408.2,414.4 1 1
github.com/corvusHold/guard/internal/tenants/service/service.go:17.49,19.2 1 16
github.com/corvusHold/guard/internal/tenants/service/service.go:21.106,22.16 1 5
github.com/corvusHold/guard/internal/tenants/service/service.go:22.16,24.3 1 1
github.com/corvusHold/guard/internal/tenants/service/service.go:26.2,26.55 1 4
github.com/corvusHold/guard/internal/tenants/service/service.go:26.55,28.3 1 1
github.com/corvusHold/guard/internal/tenants/service/service.go:28.8,28.43 1 3
github.com/corvusHold/guard/internal/tenants/service/service.go:28.43,30.3 1 1
github.com/corvusHold/guard/internal/tenants/service/service.go:33.2,33.27 1 2
github.com/corvusHold/guard/internal/tenants/service/service.go:33.27,34.65 1 1
github.com/corvusHold/guard/internal/tenants/service/service.go:34.65,36.4 1 1
github.com/corvusHold/guard/internal/tenants/service/service.go:39.2,42.27 2 1
github.com/corvusHold/guard/internal/tenants/service/service.go:42.27,44.51 2 0
github.com/corvusHold/guard/internal/tenants/service/service.go:44.51,46.4 1 0
github.com/corvusHold/guard/internal/tenants/service/service.go:47.3,47.19 1 0
github.com/corvusHold/guard/internal/tenants/service/service.go:47.19,49.4 1 0
github.com/corvusHold/guard/internal/tenants/service/service.go:52.2,52.69 1 1
github.com/corvusHold/guard/internal/tenants/service/service.go:52.69,54.3 1 1
github.com/corvusHold/guard/internal/tenants/service/service.go:55.2,55.32 1 0
github.com/corvusHold/guard/internal/tenants/service/service.go:58.129,59.47 1 3
github.com/corvusHold/guard/internal/tenants/service/service.go:59.47,61.3 1 2
github.com/corvusHold/guard/internal/tenants/service/service.go:62.2,62.20 1 3
github.com/corvusHold/guard/internal/tenants/service/service.go:62.20,64.3 1 2
github.com/corvusHold/guard/internal/tenants/service/service.go:65.2,69.16 4 3
github.com/corvusHold/guard/internal/tenants/service/service.go:69.16,71.3 1 1
github.com/corvusHold/guard/internal/tenants/service/service.go:72.2,73.35 2 2
github.com/corvusHold/guard/internal/tenants/service/service.go:73.35,75.3 1 1
github.com/corvusHold/guard/internal/tenants/service/service.go:76.2,82.8 1 2
github.com/corvusHold/guard/internal/tenants/service/service.go:85.100,87.2 1 0
github.com/corvusHold/guard/internal/tenants/service/service.go:89.103,91.16 2 4
github.com/corvusHold/guard/internal/tenants/service/service.go:91.16,93.3 1 1
github.com/corvusHold/guard/internal/tenants/service/service.go:94.2,94.30 1 3
github.com/corvusHold/guard/internal/tenants/service/service.go:94.30,95.56 1 2
github.com/corvusHold/guard/internal/tenants/service/service.go:95.56,97.4 1 2
github.com/corvusHold/guard/internal/tenants/service/service.go:99.2,99.19 1 1
github.com/corvusHold/guard/internal/tenants/service/service.go:102.94,104.21 1 4
github.com/corvusHold/guard/internal/tenants/service/service.go:104.21,105.59 1 3
github.com/corvusHold/guard/internal/tenants/service/service.go:105.59,107.4 1 1
github.com/corvusHold/guard/internal/tenants/service/service.go:109.3,110.51 2 2
github.com/corvusHold/guard/internal/tenants/service/service.go:110.51,112.4 1 0
github.com/corvusHold/guard/internal/tenants/service/service.go:113.3,113.19 1 2
github.com/corvusHold/guard/internal/tenants/service/service.go:113.19,115.4 1 1
github.com/corvusHold/guard/internal/tenants/service/service.go:116.3,116.22 1 1
github.com/corvusHold/guard/internal/tenants/service/service.go:116.22,118.4 1 1
github.com/corvusHold/guard/internal/tenants/service/service.go:120.2,120.47 1 1
github.com/corvusHold/guard/internal/tenants/service/service.go:123.81,125.2 1 1
github.com/corvusHold/guard/internal/tenants/service/service.go:127.82,129.2 1 1
github.com/corvusHold/guard/internal/tenants/service/service.go:131.71,133.2 1 0
github.com/corvusHold/guard/internal/tenants/service/service.go:135.97,136.47 1 5
github.com/corvusHold/guard/internal/tenants/service/service.go:136.47,138.3 1 4
github.com/corvusHold/guard/internal/tenants/service/service.go:139.2,139.20 1 5
github.com/corvusHold/guard/internal/tenants/service/service.go:139.20,141.3 1 4
github.com/corvusHold/guard/internal/tenants/service/service.go:142.2,142.63 1 5
github.com/corvusHold/guard/internal/tenants/service/service.go:142.63,144.3 1 2
github.com/corvusHold/guard/internal/tenants/service/service.go:145.2,149.16 4 5
github.com/corvusHold/guard/internal/tenants/service/service.go:149.16,151.3 1 1
github.com/corvusHold/guard/internal/tenants/service/service.go:152.2,153.35 2 4
github.com/corvusHold/guard/internal/tenants/service/service.go:153.35,155.3 1 2
github.com/corvusHold/guard/internal/tenants/service/service.go:156.2,162.8 1 4
github.com/corvusHold/guard/internal/version/version.go:9.22,10.15 1 2
github.com/corvusHold/guard/internal/version/version.go:10.15,12.3 1 1
github.com/corvusHold/guard/internal/version/version.go:13.2,13.12 1 1
github.com/corvusHold/guard/internal/webhooks/service/service.go:22.43,24.2 1 6
github.com/corvusHold/guard/internal/webhooks/service/service.go:26.104,39.2 3 1
github.com/corvusHold/guard/internal/webhooks/service/service.go:41.92,43.2 1 1
github.com/corvusHold/guard/internal/webhooks/service/service.go:45.91,47.2 1 1
github.com/corvusHold/guard/internal/webhooks/service/service.go:49.141,51.2 1 1
github.com/corvusHold/guard/internal/webhooks/service/service.go:53.77,55.2 1 2
github.com/corvusHold/guard/internal/webhooks/service/service.go:58.118,60.16 2 3
github.com/corvusHold/guard/internal/webhooks/service/service.go:60.16,62.3 1 1
github.com/corvusHold/guard/internal/webhooks/service/service.go:63.2,64.16 2 2
github.com/corvusHold/guard/internal/webhooks/service/service.go:64.16,66.3 1 1
github.com/corvusHold/guard/internal/webhooks/service/service.go:67.2,68.30 2 1
github.com/corvusHold/guard/internal/webhooks/service/service.go:68.30,79.55 2 2
github.com/corvusHold/guard/internal/webhooks/service/service.go:79.55,81.23 2 1
github.com/corvusHold/guard/internal/webhooks/service/service.go:81.23,83.5 1 1
github.com/corvusHold/guard/internal/webhooks/service/service.go:86.2,86.17 1 1
github.com/corvusHold/guard/internal/webhooks/service/service.go:96.53,100.2 3 13
github.com/corvusHold/guard/internal/webhooks/service/service.go:104.39,107.2 2 4
github.com/corvusHold/guard/internal/webhooks/service/worker.go:31.48,34.82 2 1
github.com/corvusHold/guard/internal/webhooks/service/worker.go:34.82,36.18 2 0
github.com/corvusHold/guard/internal/webhooks/service/worker.go:36.18,38.5 1 0
github.com/corvusHold/guard/internal/webhooks/service/worker.go:39.4,40.18 2 0
github.com/corvusHold/guard/internal/webhooks/service/worker.go:40.18,42.5 1 0
github.com/corvusHold/guard/internal/webhooks/service/worker.go:43.4,43.27 1 0
github.com/corvusHold/guard/internal/webhooks/service/worker.go:43.27,44.27 1 0
github.com/corvusHold/guard/internal/webhooks/service/worker.go:44.27,46.6 1 0
github.com/corvusHold/guard/internal/webhooks/service/worker.go:49.4,49.21 1 0
github.com/corvusHold/guard/internal/webhooks/service/worker.go:49.21,51.5 1 0
github.com/corvusHold/guard/internal/webhooks/service/worker.go:52.4,52.87 1 0
github.com/corvusHold/guard/internal/webhooks/service/worker.go:58.2,67.3 2 1
github.com/corvusHold/guard/internal/webhooks/service/worker.go:71.34,72.137 1 4
github.com/corvusHold/guard/internal/webhooks/service/worker.go:72.137,74.3 1 3
github.com/corvusHold/guard/internal/webhooks/service/worker.go:76.2,76.46 1 1
github.com/corvusHold/guard/internal/webhooks/service/worker.go:76.46,78.3 1 0
github.com/corvusHold/guard/internal/webhooks/service/worker.go:79.2,79.14 1 1
github.com/corvusHold/guard/internal/webhooks/service/worker.go:83.43,87.6 3 2
github.com/corvusHold/guard/internal/webhooks/service/worker.go:87.6,88.10 1 4
github.com/corvusHold/guard/internal/webhooks/service/worker.go:89.21,90.10 1 2
github.com/corvusHold/guard/internal/webhooks/service/worker.go:91.19,92.23 1 2
github.com/corvusHold/guard/internal/webhooks/service/worker.go:97.52,99.16 2 4
github.com/corvusHold/guard/internal/webhooks/service/worker.go:99.16,102.3 2 1
github.com/corvusHold/guard/internal/webhooks/service/worker.go:104.2,106.31 3 3
github.com/corvusHold/guard/internal/webhooks/service/worker.go:106.31,108.21 2 3
github.com/corvusHold/guard/internal/webhooks/service/worker.go:108.21,111.4 2 3
github.com/corvusHold/guard/internal/webhooks/service/worker.go:113.2,113.14 1 3
github.com/corvusHold/guard/internal/webhooks/service/worker.go:116.66,118.16 2 9
github.com/corvusHold/guard/internal/webhooks/service/worker.go:118.16,122.3 3 1
github.com/corvusHold/guard/internal/webhooks/service/worker.go:125.2,126.79 2 8
github.com/corvusHold/guard/internal/webhooks/service/worker.go:126.79,129.3 2 1
github.com/corvusHold/guard/internal/webhooks/service/worker.go:130.2,130.51 1 7
github.com/corvusHold/guard/internal/webhooks/service/worker.go:130.51,133.3 2 1
github.com/corvusHold/guard/internal/webhooks/service/worker.go:134.2,134.26 1 6
github.com/corvusHold/guard/internal/webhooks/service/worker.go:134.26,137.3 2 0
github.com/corvusHold/guard/internal/webhooks/service/worker.go:140.2,141.16 2 6
github.com/corvusHold/guard/internal/webhooks/service/worker.go:141.16,144.3 2 0
github.com/corvusHold/guard/internal/webhooks/service/worker.go:145.2,154.16 7 6
github.com/corvusHold/guard/internal/webhooks/service/worker.go:154.16,157.3 2 1
github.com/corvusHold/guard/internal/webhooks/service/worker.go:158.2,158.15 1 5
github.com/corvusHold/guard/internal/webhooks/service/worker.go:158.15,161.3 2 5
github.com/corvusHold/guard/internal/webhooks/service/worker.go:163.2,163.53 1 5
github.com/corvusHold/guard/internal/webhooks/service/worker.go:163.53,165.92 2 4
github.com/corvusHold/guard/internal/webhooks/service/worker.go:165.92,167.4 1 0
github.com/corvusHold/guard/internal/webhooks/service/worker.go:168.8,170.3 1 1
github.com/corvusHold/guard/internal/webhooks/service/worker.go:173.90,174.35 1 4
github.com/corvusHold/guard/internal/webhooks/service/worker.go:174.35,177.3 2 1
github.com/corvusHold/guard/internal/webhooks/service/worker.go:179.2,180.30 2 3
github.com/corvusHold/guard/internal/webhooks/service/worker.go:180.30,182.3 1 1
github.com/corvusHold/guard/internal/webhooks/service/worker.go:183.2,184.103 2 3
github.com/corvusHold/guard/internal/webhooks/service/worker.go:184.103,186.3 1 0
github.com/corvusHold/guard/internal/webhooks/service/worker.go:189.87,191.95 2 5
github.com/corvusHold/guard/internal/webhooks/service/worker.go:191.95,193.3 1 1
github.com/corvusHold/guard/internal/db/sqlc/api_keys.sql.go:46.102,73.2 4 0
github.com/corvusHold/guard/internal/db/sqlc/api_keys.sql.go:84.83,87.2 2 0
github.com/corvusHold/guard/internal/db/sqlc/api_keys.sql.go:110.100,128.2 4 0
github.com/corvusHold/guard/internal/db/sqlc/api_keys.sql.go:151.116,153.16 2 0
github.com/corvusHold/guard/internal/db/sqlc/api_keys.sql.go:153.16,155.3 1 0
github.com/corvusHold/guard/internal/db/sqlc/api_keys.sql.go:156.2,158.18 3 0
github.com/corvusHold/guard/internal/db/sqlc/api_keys.sql.go:158.18,172.17 2 0
github.com/corvusHold/guard/internal/db/sqlc/api_keys.sql.go:172.17,174.4 1 0
github.com/corvusHold/guard/internal/db/sqlc/api_keys.sql.go:175.3,175.27 1 0
github.com/corvusHold/guard/internal/db/sqlc/api_keys.sql.go:177.2,177.35 1 0
github.com/corvusHold/guard/internal/db/sqlc/api_keys.sql.go:177.35,179.3 1 0
github.com/corvusHold/guard/internal/db/sqlc/api_keys.sql.go:180.2,180.19 1 0
github.com/corvusHold/guard/internal/db/sqlc/api_keys.sql.go:193.83,196.2 2 0
github.com/corvusHold/guard/internal/db/sqlc/api_keys.sql.go:202.83,205.2 2 0
github.com/corvusHold/guard/internal/db/sqlc/app_settings.sql.go:26.121,39.2 4 0
github.com/corvusHold/guard/internal/db/sqlc/app_settings.sql.go:48.92,61.2 4 0
github.com/corvusHold/guard/internal/db/sqlc/app_settings.sql.go:78.91,87.2 2 0
github.com/corvusHold/guard/internal/db/sqlc/audit_logs.sql.go:27.87,36.2 2 0
github.com/corvusHold/guard/internal/db/sqlc/audit_logs.sql.go:52.115,54.16 2 0
github.com/corvusHold/guard/internal/db/sqlc/audit_logs.sql.go:54.16,56.3 1 0
github.com/corvusHold/guard/internal/db/sqlc/audit_logs.sql.go:57.2,59.18 3 0
github.com/corvusHold/guard/internal/db/sqlc/audit_logs.sql.go:59.18,69.17 2 0
github.com/corvusHold/guard/internal/db/sqlc/audit_logs.sql.go:69.17,71.4 1 0
github.com/corvusHold/guard/internal/db/sqlc/audit_logs.sql.go:72.3,72.27 1 0
github.com/corvusHold/guard/internal/db/sqlc/audit_logs.sql.go:74.2,74.35 1 0
github.com/corvusHold/guard/internal/db/sqlc/audit_logs.sql.go:74.35,76.3 1 0
github.com/corvusHold/guard/internal/db/sqlc/audit_logs.sql.go:77.2,77.19 1 0
github.com/corvusHold/guard/internal/db/sqlc/auth_identities.sql.go:27.95,36.2 2 0
github.com/corvusHold/guard/internal/db/sqlc/auth_identities.sql.go:69.117,93.2 4 0
github.com/corvusHold/guard/internal/db/sqlc/auth_identities.sql.go:114.122,116.16 2 0
github.com/corvusHold/guard/internal/db/sqlc/auth_identities.sql.go:116.16,118.3 1 0
github.com/corvusHold/guard/internal/db/sqlc/auth_identities.sql.go:119.2,121.18 3 0
github.com/corvusHold/guard/internal/db/sqlc/auth_identities.sql.go:121.18,134.17 2 0
github.com/corvusHold/guard/internal/db/sqlc/auth_identities.sql.go:134.17,136.4 1 0
github.com/corvusHold/guard/internal/db/sqlc/auth_identities.sql.go:137.3,137.27 1 0
github.com/corvusHold/guard/internal/db/sqlc/auth_identities.sql.go:139.2,139.35 1 0
github.com/corvusHold/guard/internal/db/sqlc/auth_identities.sql.go:139.35,141.3 1 0
github.com/corvusHold/guard/internal/db/sqlc/auth_identities.sql.go:142.2,142.19 1 0
github.com/corvusHold/guard/internal/db/sqlc/auth_identities.sql.go:165.140,167.16 2 0
github.com/corvusHold/guard/internal/db/sqlc/auth_identities.sql.go:167.16,169.3 1 0
github.com/corvusHold/guard/internal/db/sqlc/auth_identities.sql.go:170.2,172.18 3 0
github.com/corvusHold/guard/internal/db/sqlc/auth_identities.sql.go:172.18,185.17 2 0
github.com/corvusHold/guard/internal/db/sqlc/auth_identities.sql.go:185.17,187.4 1 0
github.com/corvusHold/guard/internal/db/sqlc/auth_identities.sql.go:188.3,188.27 1 0
github.com/corvusHold/guard/internal/db/sqlc/auth_identities.sql.go:190.2,190.35 1 0
github.com/corvusHold/guard/internal/db/sqlc/auth_identities.sql.go:190.35,192.3 1 0
github.com/corvusHold/guard/internal/db/sqlc/auth_identities.sql.go:193.2,193.19 1 0
github.com/corvusHold/guard/internal/db/sqlc/auth_identities.sql.go:220.150,236.2 4 0
github.com/corvusHold/guard/internal/db/sqlc/auth_identities.sql.go:263.108,279.2 4 0
github.com/corvusHold/guard/internal/db/sqlc/auth_identities.sql.go:294.118,301.16 2 0
github.com/corvusHold/guard/internal/db/sqlc/auth_identities.sql.go:301.16,303.3 1 0
github.com/corvusHold/guard/internal/db/sqlc/auth_identities.sql.go:304.2,304.35 1 0
github.com/corvusHold/guard/internal/db/sqlc/auth_identities.sql.go:326.118,328.16 2 0
github.com/corvusHold/guard/internal/db/sqlc/auth_identities.sql.go:328.16,330.3 1 0
github.com/corvusHold/guard/internal/db/sqlc/auth_identities.sql.go:331.2,333.18 3 0
github.com/corvusHold/guard/internal/db/sqlc/auth_identities.sql.go:333.18,346.17 2 0
github.com/corvusHold/guard/internal/db/sqlc/auth_identities.sql.go:346.17,348.4 1 0
github.com/corvusHold/guard/internal/db/sqlc/auth_identities.sql.go:349.3,349.27 1 0
github.com/corvusHold/guard/internal/db/sqlc/auth_identities.sql.go:351.2,351.35 1 0
github.com/corvusHold/guard/internal/db/sqlc/auth_identities.sql.go:351.35,353.3 1 0
github.com/corvusHold/guard/internal/db/sqlc/auth_identities.sql.go:354.2,354.19 1 0
github.com/corvusHold/guard/internal/db/sqlc/auth_identities.sql.go:367.93,370.2 2 0
github.com/corvusHold/guard/internal/db/sqlc/auth_identities.sql.go:383.111,386.2 2 0
github.com/corvusHold/guard/internal/db/sqlc/auth_identities.sql.go:399.93,402.2 2 0
github.com/corvusHold/guard/internal/db/sqlc/db.go:20.28,22.2 1 0
github.com/corvusHold/guard/internal/db/sqlc/db.go:28.46,32.2 1 0
github.com/corvusHold/guard/internal/db/sqlc/email_verifications.sql.go:20.89,23.2 2 0
github.com/corvusHold/guard/internal/db/sqlc/email_verifications.sql.go:38.105,47.2 2 0
github.com/corvusHold/guard/internal/db/sqlc/email_verifications.sql.go:55.112,68.2 4 0
github.com/corvusHold/guard/internal/db/sqlc/fga.sql.go:25.87,28.2 2 0
github.com/corvusHold/guard/internal/db/sqlc/fga.sql.go:47.99,71.2 4 0
github.com/corvusHold/guard/internal/db/sqlc/fga.sql.go:88.90,105.2 4 0
github.com/corvusHold/guard/internal/db/sqlc/fga.sql.go:126.87,136.2 2 0
github.com/corvusHold/guard/internal/db/sqlc/fga.sql.go:148.81,151.2 2 0
github.com/corvusHold/guard/internal/db/sqlc/fga.sql.go:160.90,162.16 2 0
github.com/corvusHold/guard/internal/db/sqlc/fga.sql.go:162.16,164.3 1 0
github.com/corvusHold/guard/internal/db/sqlc/fga.sql.go:165.2,167.18 3 0
github.com/corvusHold/guard/internal/db/sqlc/fga.sql.go:167.18,176.17 2 0
github.com/corvusHold/guard/internal/db/sqlc/fga.sql.go:176.17,178.4 1 0
github.com/corvusHold/guard/internal/db/sqlc/fga.sql.go:179.3,179.27 1 0
github.com/corvusHold/guard/internal/db/sqlc/fga.sql.go:181.2,181.35 1 0
github.com/corvusHold/guard/internal/db/sqlc/fga.sql.go:181.35,183.3 1 0
github.com/corvusHold/guard/internal/db/sqlc/fga.sql.go:184.2,184.19 1 0
github.com/corvusHold/guard/internal/db/sqlc/fga.sql.go:197.93,200.2 2 0
github.com/corvusHold/guard/internal/db/sqlc/invitations.sql.go:21.96,26.2 4 0
github.com/corvusHold/guard/internal/db/sqlc/invitations.sql.go:44.105,69.2 4 0
github.com/corvusHold/guard/internal/db/sqlc/invitations.sql.go:80.91,83.2 2 0
github.com/corvusHold/guard/internal/db/sqlc/invitations.sql.go:91.67,94.2 2 0
github.com/corvusHold/guard/internal/db/sqlc/invitations.sql.go:100.98,117.2 4 0
github.com/corvusHold/guard/internal/db/sqlc/invitations.sql.go:123.94,140.2 4 0
github.com/corvusHold/guard/internal/db/sqlc/invitations.sql.go:153.127,170.2 4 0
github.com/corvusHold/guard/internal/db/sqlc/invitations.sql.go:178.108,180.16 2 0
github.com/corvusHold/guard/internal/db/sqlc/invitations.sql.go:180.16,182.3 1 0
github.com/corvusHold/guard/internal/db/sqlc/invitations.sql.go:183.2,185.18 3 0
github.com/corvusHold/guard/internal/db/sqlc/invitations.sql.go:185.18,199.17 2 0
github.com/corvusHold/guard/internal/db/sqlc/invitations.sql.go:199.17,201.4 1 0
github.com/corvusHold/guard/internal/db/sqlc/invitations.sql.go:202.3,202.27 1 0
github.com/corvusHold/guard/internal/db/sqlc/invitations.sql.go:204.2,204.35 1 0
github.com/corvusHold/guard/internal/db/sqlc/invitations.sql.go:204.35,206.3 1 0
github.com/corvusHold/guard/internal/db/sqlc/invitations.sql.go:207.2,207.19 1 0
github.com/corvusHold/guard/internal/db/sqlc/invitations.sql.go:216.115,218.16 2 0
github.com/corvusHold/guard/internal/db/sqlc/invitations.sql.go:218.16,220.3 1 0
github.com/corvusHold/guard/internal/db/sqlc/invitations.sql.go:221.2,223.18 3 0
github.com/corvusHold/guard/internal/db/sqlc/invitations.sql.go:223.18,237.17 2 0
github.com/corvusHold/guard/internal/db/sqlc/invitations.sql.go:237.17,239.4 1 0
github.com/corvusHold/guard/internal/db/sqlc/invitations.sql.go:240.3,240.27 1 0
github.com/corvusHold/guard/internal/db/sqlc/invitations.sql.go:242.2,242.35 1 0
github.com/corvusHold/guard/internal/db/sqlc/invitations.sql.go:242.35,244.3 1 0
github.com/corvusHold/guard/internal/db/sqlc/invitations.sql.go:245.2,245.19 1 0
github.com/corvusHold/guard/internal/db/sqlc/invitations.sql.go:259.91,262.2 2 0
github.com/corvusHold/guard/internal/db/sqlc/lockout.sql.go:30.114,35.2 4 0
github.com/corvusHold/guard/internal/db/sqlc/lockout.sql.go:49.114,54.2 4 0
github.com/corvusHold/guard/internal/db/sqlc/lockout.sql.go:68.81,71.2 2 0
github.com/corvusHold/guard/internal/db/sqlc/lockout.sql.go:84.97,87.2 2 0
github.com/corvusHold/guard/internal/db/sqlc/lockout.sql.go:95.80,98.2 2 0
github.com/corvusHold/guard/internal/db/sqlc/magic_links.sql.go:20.81,23.2 2 0
github.com/corvusHold/guard/internal/db/sqlc/magic_links.sql.go:40.89,51.2 2 0
github.com/corvusHold/guard/internal/db/sqlc/magic_links.sql.go:59.96,74.2 4 0
github.com/corvusHold/guard/internal/db/sqlc/mfa.sql.go:25.114,30.2 4 0
github.com/corvusHold/guard/internal/db/sqlc/mfa.sql.go:36.104,41.2 4 0
github.com/corvusHold/guard/internal/db/sqlc/mfa.sql.go:47.92,57.2 4 0
github.com/corvusHold/guard/internal/db/sqlc/mfa.sql.go:70.97,73.2 2 0
github.com/corvusHold/guard/internal/db/sqlc/mfa.sql.go:87.89,90.2 2 0
github.com/corvusHold/guard/internal/db/sqlc/oauth.sql.go:19.71,22.2 2 0
github.com/corvusHold/guard/internal/db/sqlc/oauth.sql.go:30.102,32.16 2 0
github.com/corvusHold/guard/internal/db/sqlc/oauth.sql.go:32.16,34.3 1 0
github.com/corvusHold/guard/internal/db/sqlc/oauth.sql.go:35.2,35.35 1 0
github.com/corvusHold/guard/internal/db/sqlc/oauth.sql.go:64.141,95.2 4 0
github.com/corvusHold/guard/internal/db/sqlc/oauth.sql.go:121.108,154.2 4 0
github.com/corvusHold/guard/internal/db/sqlc/oauth.sql.go:166.102,168.16 2 0
github.com/corvusHold/guard/internal/db/sqlc/oauth.sql.go:168.16,170.3 1 0
github.com/corvusHold/guard/internal/db/sqlc/oauth.sql.go:171.2,171.35 1 0
github.com/corvusHold/guard/internal/db/sqlc/oauth.sql.go:179.121,198.2 4 0
github.com/corvusHold/guard/internal/db/sqlc/oauth.sql.go:205.103,226.2 4 0
github.com/corvusHold/guard/internal/db/sqlc/oauth.sql.go:238.110,259.2 4 0
github.com/corvusHold/guard/internal/db/sqlc/oauth.sql.go:272.120,285.2 4 0
github.com/corvusHold/guard/internal/db/sqlc/oauth.sql.go:293.110,295.16 2 0
github.com/corvusHold/guard/internal/db/sqlc/oauth.sql.go:295.16,297.3 1 0
github.com/corvusHold/guard/internal/db/sqlc/oauth.sql.go:298.2,300.18 3 0
github.com/corvusHold/guard/internal/db/sqlc/oauth.sql.go:300.18,318.17 2 0
github.com/corvusHold/guard/internal/db/sqlc/oauth.sql.go:318.17,320.4 1 0
github.com/corvusHold/guard/internal/db/sqlc/oauth.sql.go:321.3,321.27 1 0
github.com/corvusHold/guard/internal/db/sqlc/oauth.sql.go:323.2,323.35 1 0
github.com/corvusHold/guard/internal/db/sqlc/oauth.sql.go:323.35,325.3 1 0
github.com/corvusHold/guard/internal/db/sqlc/oauth.sql.go:326.2,326.19 1 0
github.com/corvusHold/guard/internal/db/sqlc/oauth.sql.go:341.114,343.16 2 0
github.com/corvusHold/guard/internal/db/sqlc/oauth.sql.go:343.16,345.3 1 0
github.com/corvusHold/guard/internal/db/sqlc/oauth.sql.go:346.2,346.35 1 0
github.com/corvusHold/guard/internal/db/sqlc/oauth.sql.go:372.102,383.16 2 0
github.com/corvusHold/guard/internal/db/sqlc/oauth.sql.go:383.16,385.3 1 0
github.com/corvusHold/guard/internal/db/sqlc/oauth.sql.go:386.2,386.35 1 0
github.com/corvusHold/guard/internal/db/sqlc/oauth.sql.go:404.126,422.2 4 0
github.com/corvusHold/guard/internal/db/sqlc/password_reset.sql.go:20.99,22.16 2 0
github.com/corvusHold/guard/internal/db/sqlc/password_reset.sql.go:22.16,24.3 1 0
github.com/corvusHold/guard/internal/db/sqlc/password_reset.sql.go:25.2,25.35 1 0
github.com/corvusHold/guard/internal/db/sqlc/password_reset.sql.go:42.107,52.2 2 0
github.com/corvusHold/guard/internal/db/sqlc/password_reset.sql.go:60.114,74.2 4 0
github.com/corvusHold/guard/internal/db/sqlc/password_reset.sql.go:88.146,90.16 2 0
github.com/corvusHold/guard/internal/db/sqlc/password_reset.sql.go:90.16,92.3 1 0
github.com/corvusHold/guard/internal/db/sqlc/password_reset.sql.go:93.2,93.35 1 0
github.com/corvusHold/guard/internal/db/sqlc/rbac.sql.go:26.81,29.2 2 0
github.com/corvusHold/guard/internal/db/sqlc/rbac.sql.go:44.87,61.2 4 0
github.com/corvusHold/guard/internal/db/sqlc/rbac.sql.go:72.79,75.2 2 0
github.com/corvusHold/guard/internal/db/sqlc/rbac.sql.go:92.99,101.2 2 0
github.com/corvusHold/guard/internal/db/sqlc/rbac.sql.go:109.91,120.2 4 0
github.com/corvusHold/guard/internal/db/sqlc/rbac.sql.go:133.93,145.2 4 0
github.com/corvusHold/guard/internal/db/sqlc/rbac.sql.go:166.158,168.16 2 0
github.com/corvusHold/guard/internal/db/sqlc/rbac.sql.go:168.16,170.3 1 0
github.com/corvusHold/guard/internal/db/sqlc/rbac.sql.go:171.2,173.18 3 0
github.com/corvusHold/guard/internal/db/sqlc/rbac.sql.go:173.18,180.17 2 0
github.com/corvusHold/guard/internal/db/sqlc/rbac.sql.go:180.17,182.4 1 0
github.com/corvusHold/guard/internal/db/sqlc/rbac.sql.go:183.3,183.27 1 0
github.com/corvusHold/guard/internal/db/sqlc/rbac.sql.go:185.2,185.35 1 0
github.com/corvusHold/guard/internal/db/sqlc/rbac.sql.go:185.35,187.3 1 0
github.com/corvusHold/guard/internal/db/sqlc/rbac.sql.go:188.2,188.19 1 0
github.com/corvusHold/guard/internal/db/sqlc/rbac.sql.go:209.152,211.16 2 0
github.com/corvusHold/guard/internal/db/sqlc/rbac.sql.go:211.16,213.3 1 0
github.com/corvusHold/guard/internal/db/sqlc/rbac.sql.go:214.2,216.18 3 0
github.com/corvusHold/guard/internal/db/sqlc/rbac.sql.go:216.18,218.71 2 0
github.com/corvusHold/guard/internal/db/sqlc/rbac.sql.go:218.71,220.4 1 0
github.com/corvusHold/guard/internal/db/sqlc/rbac.sql.go:221.3,221.27 1 0
github.com/corvusHold/guard/internal/db/sqlc/rbac.sql.go:223.2,223.35 1 0
github.com/corvusHold/guard/internal/db/sqlc/rbac.sql.go:223.35,225.3 1 0
github.com/corvusHold/guard/internal/db/sqlc/rbac.sql.go:226.2,226.19 1 0
github.com/corvusHold/guard/internal/db/sqlc/rbac.sql.go:237.78,239.16 2 0
github.com/corvusHold/guard/internal/db/sqlc/rbac.sql.go:239.16,241.3 1 0
github.com/corvusHold/guard/internal/db/sqlc/rbac.sql.go:242.2,244.18 3 0
github.com/corvusHold/guard/internal/db/sqlc/rbac.sql.go:244.18,252.17 2 0
github.com/corvusHold/guard/internal/db/sqlc/rbac.sql.go:252.17,254.4 1 0
github.com/corvusHold/guard/internal/db/sqlc/rbac.sql.go:255.3,255.27 1 0
github.com/corvusHold/guard/internal/db/sqlc/rbac.sql.go:257.2,257.35 1 0
github.com/corvusHold/guard/internal/db/sqlc/rbac.sql.go:257.35,259.3 1 0
github.com/corvusHold/guard/internal/db/sqlc/rbac.sql.go:260.2,260.19 1 0
github.com/corvusHold/guard/internal/db/sqlc/rbac.sql.go:279.124,281.16 2 0
github.com/corvusHold/guard/internal/db/sqlc/rbac.sql.go:281.16,283.3 1 0
github.com/corvusHold/guard/internal/db/sqlc/rbac.sql.go:284.2,286.18 3 0
github.com/corvusHold/guard/internal/db/sqlc/rbac.sql.go:286.18,294.17 2 0
github.com/corvusHold/guard/internal/db/sqlc/rbac.sql.go:294.17,296.4 1 0
github.com/corvusHold/guard/internal/db/sqlc/rbac.sql.go:297.3,297.27 1 0
github.com/corvusHold/guard/internal/db/sqlc/rbac.sql.go:299.2,299.35 1 0
github.com/corvusHold/guard/internal/db/sqlc/rbac.sql.go:299.35,301.3 1 0
github.com/corvusHold/guard/internal/db/sqlc/rbac.sql.go:302.2,302.19 1 0
github.com/corvusHold/guard/internal/db/sqlc/rbac.sql.go:312.96,314.16 2 0
github.com/corvusHold/guard/internal/db/sqlc/rbac.sql.go:314.16,316.3 1 0
github.com/corvusHold/guard/internal/db/sqlc/rbac.sql.go:317.2,319.18 3 0
github.com/corvusHold/guard/internal/db/sqlc/rbac.sql.go:319.18,328.17 2 0
github.com/corvusHold/guard/internal/db/sqlc/rbac.sql.go:328.17,330.4 1 0
github.com/corvusHold/guard/internal/db/sqlc/rbac.sql.go:331.3,331.27 1 0
github.com/corvusHold/guard/internal/db/sqlc/rbac.sql.go:333.2,333.35 1 0
github.com/corvusHold/guard/internal/db/sqlc/rbac.sql.go:333.35,335.3 1 0
github.com/corvusHold/guard/internal/db/sqlc/rbac.sql.go:336.2,336.19 1 0
github.com/corvusHold/guard/internal/db/sqlc/rbac.sql.go:345.98,347.16 2 0
github.com/corvusHold/guard/internal/db/sqlc/rbac.sql.go:347.16,349.3 1 0
github.com/corvusHold/guard/internal/db/sqlc/rbac.sql.go:350.2,352.18 3 0
github.com/corvusHold/guard/internal/db/sqlc/rbac.sql.go:352.18,354.46 2 0
github.com/corvusHold/guard/internal/db/sqlc/rbac.sql.go:354.46,356.4 1 0
github.com/corvusHold/guard/internal/db/sqlc/rbac.sql.go:357.3,357.34 1 0
github.com/corvusHold/guard/internal/db/sqlc/rbac.sql.go:359.2,359.35 1 0
github.com/corvusHold/guard/internal/db/sqlc/rbac.sql.go:359.35,361.3 1 0
github.com/corvusHold/guard/internal/db/sqlc/rbac.sql.go:362.2,362.19 1 0
github.com/corvusHold/guard/internal/db/sqlc/rbac.sql.go:376.106,378.16 2 0
github.com/corvusHold/guard/internal/db/sqlc/rbac.sql.go:378.16,380.3 1 0
github.com/corvusHold/guard/internal/db/sqlc/rbac.sql.go:381.2,383.18 3 0
github.com/corvusHold/guard/internal/db/sqlc/rbac.sql.go:383.18,385.45 2 0
github.com/corvusHold/guard/internal/db/sqlc/rbac.sql.go:385.45,387.4 1 0
github.com/corvusHold/guard/internal/db/sqlc/rbac.sql.go:388.3,388.33 1 0
github.com/corvusHold/guard/internal/db/sqlc/rbac.sql.go:390.2,390.35 1 0
github.com/corvusHold/guard/internal/db/sqlc/rbac.sql.go:390.35,392.3 1 0
github.com/corvusHold/guard/internal/db/sqlc/rbac.sql.go:393.2,393.19 1 0
github.com/corvusHold/guard/internal/db/sqlc/rbac.sql.go:409.105,411.16 2 0
github.com/corvusHold/guard/internal/db/sqlc/rbac.sql.go:411.16,413.3 1 0
github.com/corvusHold/guard/internal/db/sqlc/rbac.sql.go:414.2,416.18 3 0
github.com/corvusHold/guard/internal/db/sqlc/rbac.sql.go:416.18,418.42 2 0
github.com/corvusHold/guard/internal/db/sqlc/rbac.sql.go:418.42,420.4 1 0
github.com/corvusHold/guard/internal/db/sqlc/rbac.sql.go:421.3,421.30 1 0
github.com/corvusHold/guard/internal/db/sqlc/rbac.sql.go:423.2,423.35 1 0
github.com/corvusHold/guard/internal/db/sqlc/rbac.sql.go:423.35,425.3 1 0
github.com/corvusHold/guard/internal/db/sqlc/rbac.sql.go:426.2,426.19 1 0
github.com/corvusHold/guard/internal/db/sqlc/rbac.sql.go:442.95,444.16 2 0
github.com/corvusHold/guard/internal/db/sqlc/rbac.sql.go:444.16,446.3 1 0
github.com/corvusHold/guard/internal/db/sqlc/rbac.sql.go:447.2,449.18 3 0
github.com/corvusHold/guard/internal/db/sqlc/rbac.sql.go:449.18,458.17 2 0
github.com/corvusHold/guard/internal/db/sqlc/rbac.sql.go:458.17,460.4 1 0
github.com/corvusHold/guard/internal/db/sqlc/rbac.sql.go:461.3,461.27 1 0
github.com/corvusHold/guard/internal/db/sqlc/rbac.sql.go:463.2,463.35 1 0
github.com/corvusHold/guard/internal/db/sqlc/rbac.sql.go:463.35,465.3 1 0
github.com/corvusHold/guard/internal/db/sqlc/rbac.sql.go:466.2,466.19 1 0
github.com/corvusHold/guard/internal/db/sqlc/rbac.sql.go:479.87,482.2 2 0
github.com/corvusHold/guard/internal/db/sqlc/rbac.sql.go:498.87,515.2 4 0
github.com/corvusHold/guard/internal/db/sqlc/rbac.sql.go:531.99,540.2 2 0
github.com/corvusHold/guard/internal/db/sqlc/refresh_tokens.sql.go:38.114,59.2 4 0
github.com/corvusHold/guard/internal/db/sqlc/refresh_tokens.sql.go:81.95,97.2 2 0
github.com/corvusHold/guard/internal/db/sqlc/refresh_tokens.sql.go:131.116,133.16 2 0
github.com/corvusHold/guard/internal/db/sqlc/refresh_tokens.sql.go:133.16,135.3 1 0
github.com/corvusHold/guard/internal/db/sqlc/refresh_tokens.sql.go:136.2,138.18 3 0
github.com/corvusHold/guard/internal/db/sqlc/refresh_tokens.sql.go:138.18,157.17 2 0
github.com/corvusHold/guard/internal/db/sqlc/refresh_tokens.sql.go:157.17,159.4 1 0
github.com/corvusHold/guard/internal/db/sqlc/refresh_tokens.sql.go:160.3,160.27 1 0
github.com/corvusHold/guard/internal/db/sqlc/refresh_tokens.sql.go:162.2,162.35 1 0
github.com/corvusHold/guard/internal/db/sqlc/refresh_tokens.sql.go:162.35,164.3 1 0
github.com/corvusHold/guard/internal/db/sqlc/refresh_tokens.sql.go:165.2,165.19 1 0
github.com/corvusHold/guard/internal/db/sqlc/refresh_tokens.sql.go:174.104,176.16 2 0
github.com/corvusHold/guard/internal/db/sqlc/refresh_tokens.sql.go:176.16,178.3 1 0
github.com/corvusHold/guard/internal/db/sqlc/refresh_tokens.sql.go:179.2,179.35 1 0
github.com/corvusHold/guard/internal/db/sqlc/refresh_tokens.sql.go:186.81,189.2 2 0
github.com/corvusHold/guard/internal/db/sqlc/refresh_tokens.sql.go:197.98,199.16 2 0
github.com/corvusHold/guard/internal/db/sqlc/refresh_tokens.sql.go:199.16,201.3 1 0
github.com/corvusHold/guard/internal/db/sqlc/refresh_tokens.sql.go:202.2,202.35 1 0
github.com/corvusHold/guard/internal/db/sqlc/refresh_tokens.sql.go:216.136,218.16 2 0
github.com/corvusHold/guard/internal/db/sqlc/refresh_tokens.sql.go:218.16,220.3 1 0
github.com/corvusHold/guard/internal/db/sqlc/refresh_tokens.sql.go:221.2,221.35 1 0
github.com/corvusHold/guard/internal/db/sqlc/refresh_tokens.sql.go:234.79,237.2 2 0
github.com/corvusHold/guard/internal/db/sqlc/refresh_tokens.sql.go:243.86,246.2 2 0
github.com/corvusHold/guard/internal/db/sqlc/refresh_tokens.sql.go:252.91,255.2 2 0
github.com/corvusHold/guard/internal/db/sqlc/sso.sql.go:45.117,73.2 4 0
github.com/corvusHold/guard/internal/db/sqlc/sso.sql.go:170.108,258.2 4 0
github.com/corvusHold/guard/internal/db/sqlc/sso.sql.go:286.105,310.2 4 0
github.com/corvusHold/guard/internal/db/sqlc/sso.sql.go:322.93,325.2 2 0
github.com/corvusHold/guard/internal/db/sqlc/sso.sql.go:341.120,389.2 4 0
github.com/corvusHold/guard/internal/db/sqlc/sso.sql.go:399.103,401.16 2 0
github.com/corvusHold/guard/internal/db/sqlc/sso.sql.go:401.16,403.3 1 0
github.com/corvusHold/guard/internal/db/sqlc/sso.sql.go:404.2,406.18 3 0
github.com/corvusHold/guard/internal/db/sqlc/sso.sql.go:406.18,419.17 2 0
github.com/corvusHold/guard/internal/db/sqlc/sso.sql.go:419.17,421.4 1 0
github.com/corvusHold/guard/internal/db/sqlc/sso.sql.go:422.3,422.27 1 0
github.com/corvusHold/guard/internal/db/sqlc/sso.sql.go:424.2,424.35 1 0
github.com/corvusHold/guard/internal/db/sqlc/sso.sql.go:424.35,426.3 1 0
github.com/corvusHold/guard/internal/db/sqlc/sso.sql.go:427.2,427.19 1 0
github.com/corvusHold/guard/internal/db/sqlc/sso.sql.go:437.108,455.2 4 0
github.com/corvusHold/guard/internal/db/sqlc/sso.sql.go:467.102,515.2 4 0
github.com/corvusHold/guard/internal/db/sqlc/sso.sql.go:527.114,575.2 4 0
github.com/corvusHold/guard/internal/db/sqlc/sso.sql.go:590.113,606.2 4 0
github.com/corvusHold/guard/internal/db/sqlc/sso.sql.go:625.124,627.16 2 0
github.com/corvusHold/guard/internal/db/sqlc/sso.sql.go:627.16,629.3 1 0
github.com/corvusHold/guard/internal/db/sqlc/sso.sql.go:630.2,632.18 3 0
github.com/corvusHold/guard/internal/db/sqlc/sso.sql.go:632.18,642.17 2 0
github.com/corvusHold/guard/internal/db/sqlc/sso.sql.go:642.17,644.4 1 0
github.com/corvusHold/guard/internal/db/sqlc/sso.sql.go:645.3,645.27 1 0
github.com/corvusHold/guard/internal/db/sqlc/sso.sql.go:647.2,647.35 1 0
github.com/corvusHold/guard/internal/db/sqlc/sso.sql.go:647.35,649.3 1 0
github.com/corvusHold/guard/internal/db/sqlc/sso.sql.go:650.2,650.19 1 0
github.com/corvusHold/guard/internal/db/sqlc/sso.sql.go:666.137,668.16 2 0
github.com/corvusHold/guard/internal/db/sqlc/sso.sql.go:668.16,670.3 1 0
github.com/corvusHold/guard/internal/db/sqlc/sso.sql.go:671.2,673.18 3 0
github.com/corvusHold/guard/internal/db/sqlc/sso.sql.go:673.18,688.17 2 0
github.com/corvusHold/guard/internal/db/sqlc/sso.sql.go:688.17,690.4 1 0
github.com/corvusHold/guard/internal/db/sqlc/sso.sql.go:691.3,691.27 1 0
github.com/corvusHold/guard/internal/db/sqlc/sso.sql.go:693.2,693.35 1 0
github.com/corvusHold/guard/internal/db/sqlc/sso.sql.go:693.35,695.3 1 0
github.com/corvusHold/guard/internal/db/sqlc/sso.sql.go:696.2,696.19 1 0
github.com/corvusHold/guard/internal/db/sqlc/sso.sql.go:712.133,714.16 2 0
github.com/corvusHold/guard/internal/db/sqlc/sso.sql.go:714.16,716.3 1 0
github.com/corvusHold/guard/internal/db/sqlc/sso.sql.go:717.2,719.18 3 0
github.com/corvusHold/guard/internal/db/sqlc/sso.sql.go:719.18,734.17 2 0
github.com/corvusHold/guard/internal/db/sqlc/sso.sql.go:734.17,736.4 1 0
github.com/corvusHold/guard/internal/db/sqlc/sso.sql.go:737.3,737.27 1 0
github.com/corvusHold/guard/internal/db/sqlc/sso.sql.go:739.2,739.35 1 0
github.com/corvusHold/guard/internal/db/sqlc/sso.sql.go:739.35,741.3 1 0
github.com/corvusHold/guard/internal/db/sqlc/sso.sql.go:742.2,742.19 1 0
github.com/corvusHold/guard/internal/db/sqlc/sso.sql.go:758.108,760.16 2 0
github.com/corvusHold/guard/internal/db/sqlc/sso.sql.go:760.16,762.3 1 0
github.com/corvusHold/guard/internal/db/sqlc/sso.sql.go:763.2,765.18 3 0
github.com/corvusHold/guard/internal/db/sqlc/sso.sql.go:765.18,810.17 2 0
github.com/corvusHold/guard/internal/db/sqlc/sso.sql.go:810.17,812.4 1 0
github.com/corvusHold/guard/internal/db/sqlc/sso.sql.go:813.3,813.27 1 0
github.com/corvusHold/guard/internal/db/sqlc/sso.sql.go:815.2,815.35 1 0
github.com/corvusHold/guard/internal/db/sqlc/sso.sql.go:815.35,817.3 1 0
github.com/corvusHold/guard/internal/db/sqlc/sso.sql.go:818.2,818.19 1 0
github.com/corvusHold/guard/internal/db/sqlc/sso.sql.go:828.94,831.2 2 0
github.com/corvusHold/guard/internal/db/sqlc/sso.sql.go:839.82,842.2 2 0
github.com/corvusHold/guard/internal/db/sqlc/sso.sql.go:863.99,872.2 2 0
github.com/corvusHold/guard/internal/db/sqlc/sso.sql.go:959.93,1000.2 2 0
github.com/corvusHold/guard/internal/db/sqlc/sso_portal_tokens.sql.go:27.110,46.2 4 0
github.com/corvusHold/guard/internal/db/sqlc/sso_portal_tokens.sql.go:76.117,104.2 4 0
github.com/corvusHold/guard/internal/db/sqlc/sso_portal_tokens.sql.go:113.106,132.2 4 0
github.com/corvusHold/guard/internal/db/sqlc/sso_portal_tokens.sql.go:140.83,143.2 2 0
github.com/corvusHold/guard/internal/db/sqlc/tenants.sql.go:20.101,25.2 4 0
github.com/corvusHold/guard/internal/db/sqlc/tenants.sql.go:43.92,48.2 4 0
github.com/corvusHold/guard/internal/db/sqlc/tenants.sql.go:61.83,64.2 2 0
github.com/corvusHold/guard/internal/db/sqlc/tenants.sql.go:71.79,74.2 2 0
github.com/corvusHold/guard/internal/db/sqlc/tenants.sql.go:127.108,129.16 2 0
github.com/corvusHold/guard/internal/db/sqlc/tenants.sql.go:129.16,131.3 1 0
github.com/corvusHold/guard/internal/db/sqlc/tenants.sql.go:132.2,134.18 3 0
github.com/corvusHold/guard/internal/db/sqlc/tenants.sql.go:134.18,143.17 2 0
github.com/corvusHold/guard/internal/db/sqlc/tenants.sql.go:143.17,145.4 1 0
github.com/corvusHold/guard/internal/db/sqlc/tenants.sql.go:146.3,146.27 1 0
github.com/corvusHold/guard/internal/db/sqlc/tenants.sql.go:148.2,148.35 1 0
github.com/corvusHold/guard/internal/db/sqlc/tenants.sql.go:148.35,150.3 1 0
github.com/corvusHold/guard/internal/db/sqlc/tenants.sql.go:151.2,151.19 1 0
github.com/corvusHold/guard/internal/db/sqlc/tenants.sql.go:160.86,172.2 4 0
github.com/corvusHold/guard/internal/db/sqlc/tenants.sql.go:180.85,192.2 4 0
github.com/corvusHold/guard/internal/db/sqlc/tenants.sql.go:208.103,210.16 2 0
github.com/corvusHold/guard/internal/db/sqlc/tenants.sql.go:210.16,212.3 1 0
github.com/corvusHold/guard/internal/db/sqlc/tenants.sql.go:213.2,215.18 3 0
github.com/corvusHold/guard/internal/db/sqlc/tenants.sql.go:215.18,224.17 2 0
github.com/corvusHold/guard/internal/db/sqlc/tenants.sql.go:224.17,226.4 1 0
github.com/corvusHold/guard/internal/db/sqlc/tenants.sql.go:227.3,227.27 1 0
github.com/corvusHold/guard/internal/db/sqlc/tenants.sql.go:229.2,229.35 1 0
github.com/corvusHold/guard/internal/db/sqlc/tenants.sql.go:229.35,231.3 1 0
github.com/corvusHold/guard/internal/db/sqlc/tenants.sql.go:232.2,232.19 1 0
github.com/corvusHold/guard/internal/db/sqlc/tenants.sql.go:255.93,262.16 2 0
github.com/corvusHold/guard/internal/db/sqlc/tenants.sql.go:262.16,264.3 1 0
github.com/corvusHold/guard/internal/db/sqlc/tenants.sql.go:265.2,267.18 3 0
github.com/corvusHold/guard/internal/db/sqlc/tenants.sql.go:267.18,276.17 2 0
github.com/corvusHold/guard/internal/db/sqlc/tenants.sql.go:276.17,278.4 1 0
github.com/corvusHold/guard/internal/db/sqlc/tenants.sql.go:279.3,279.27 1 0
github.com/corvusHold/guard/internal/db/sqlc/tenants.sql.go:281.2,281.35 1 0
github.com/corvusHold/guard/internal/db/sqlc/tenants.sql.go:281.35,283.3 1 0
github.com/corvusHold/guard/internal/db/sqlc/tenants.sql.go:284.2,284.19 1 0
github.com/corvusHold/guard/internal/db/sqlc/tenants.sql.go:297.95,300.2 2 0
github.com/corvusHold/guard/internal/db/sqlc/user_tenants.sql.go:25.89,28.2 2 0
github.com/corvusHold/guard/internal/db/sqlc/user_tenants.sql.go:52.108,54.16 2 0
github.com/corvusHold/guard/internal/db/sqlc/user_tenants.sql.go:54.16,56.3 1 0
github.com/corvusHold/guard/internal/db/sqlc/user_tenants.sql.go:57.2,59.18 3 0
github.com/corvusHold/guard/internal/db/sqlc/user_tenants.sql.go:59.18,72.17 2 0
github.com/corvusHold/guard/internal/db/sqlc/user_tenants.sql.go:72.17,74.4 1 0
github.com/corvusHold/guard/internal/db/sqlc/user_tenants.sql.go:75.3,75.27 1 0
github.com/corvusHold/guard/internal/db/sqlc/user_tenants.sql.go:77.2,77.35 1 0
github.com/corvusHold/guard/internal/db/sqlc/user_tenants.sql.go:77.35,79.3 1 0
github.com/corvusHold/guard/internal/db/sqlc/user_tenants.sql.go:80.2,80.19 1 0
github.com/corvusHold/guard/internal/db/sqlc/user_tenants.sql.go:98.106,100.16 2 0
github.com/corvusHold/guard/internal/db/sqlc/user_tenants.sql.go:100.16,102.3 1 0
github.com/corvusHold/guard/internal/db/sqlc/user_tenants.sql.go:103.2,105.18 3 0
github.com/corvusHold/guard/internal/db/sqlc/user_tenants.sql.go:105.18,113.17 2 0
github.com/corvusHold/guard/internal/db/sqlc/user_tenants.sql.go:113.17,115.4 1 0
github.com/corvusHold/guard/internal/db/sqlc/user_tenants.sql.go:116.3,116.27 1 0
github.com/corvusHold/guard/internal/db/sqlc/user_tenants.sql.go:118.2,118.35 1 0
github.com/corvusHold/guard/internal/db/sqlc/user_tenants.sql.go:118.35,120.3 1 0
github.com/corvusHold/guard/internal/db/sqlc/user_tenants.sql.go:121.2,121.19 1 0
github.com/corvusHold/guard/internal/db/sqlc/user_tenants.sql.go:133.99,136.2 2 0
github.com/corvusHold/guard/internal/db/sqlc/users.sql.go:28.79,38.2 2 0
github.com/corvusHold/guard/internal/db/sqlc/users.sql.go:46.82,61.2 4 0
github.com/corvusHold/guard/internal/db/sqlc/users.sql.go:72.85,75.2 2 0
github.com/corvusHold/guard/internal/db/sqlc/users.sql.go:86.99,89.2 2 0
github.com/corvusHold/guard/internal/db/sqlc/users.sql.go:96.82,99.2 2 0
github.com/corvusHold/guard/internal/db/sqlc/users.sql.go:113.93,121.2 2 0
github.com/corvusHold/guard/internal/metrics/auth.go:53.44,54.18 1 0
github.com/corvusHold/guard/internal/metrics/auth.go:54.18,56.3 1 0
github.com/corvusHold/guard/internal/metrics/auth.go:57.2,57.18 1 0
github.com/corvusHold/guard/internal/metrics/auth.go:57.18,59.3 1 0
github.com/corvusHold/guard/internal/metrics/auth.go:60.2,60.57 1 0
github.com/corvusHold/guard/internal/metrics/auth.go:64.43,65.18 1 0
github.com/corvusHold/guard/internal/metrics/auth.go:65.18,67.3 1 0
github.com/corvusHold/guard/internal/metrics/auth.go:68.2,68.18 1 0
github.com/corvusHold/guard/internal/metrics/auth.go:68.18,70.3 1 0
github.com/corvusHold/guard/internal/metrics/auth.go:71.2,71.56 1 0
github.com/corvusHold/guard/internal/metrics/auth.go:75.45,76.20 1 0
github.com/corvusHold/guard/internal/metrics/auth.go:76.20,78.3 1 0
github.com/corvusHold/guard/internal/metrics/auth.go:79.2,79.18 1 0
github.com/corvusHold/guard/internal/metrics/auth.go:79.18,81.3 1 0
github.com/corvusHold/guard/internal/metrics/auth.go:82.2,82.58 1 0
github.com/corvusHold/guard/internal/metrics/db.go:43.23,44.8 1 0
github.com/corvusHold/guard/internal/metrics/db.go:44.8,47.3 2 0
github.com/corvusHold/guard/internal/metrics/db.go:48.2,48.13 1 0
github.com/corvusHold/guard/internal/metrics/db.go:52.37,52.71 1 0
github.com/corvusHold/guard/internal/metrics/db.go:55.26,56.8 1 0
github.com/corvusHold/guard/internal/metrics/db.go:56.8,59.3 2 0
github.com/corvusHold/guard/internal/metrics/db.go:60.2,60.16 1 0
github.com/corvusHold/guard/internal/metrics/db.go:64.40,64.77 1 0
github.com/corvusHold/guard/internal/metrics/http.go:38.43,39.54 1 0
github.com/corvusHold/guard/internal/metrics/http.go:39.54,40.37 1 0
github.com/corvusHold/guard/internal/metrics/http.go:40.37,45.19 4 0
github.com/corvusHold/guard/internal/metrics/http.go:45.19,47.5 1 0
github.com/corvusHold/guard/internal/metrics/http.go:48.4,54.14 5 0
github.com/corvusHold/guard/internal/metrics/metrics.go:84.52,85.20 1 2
github.com/corvusHold/guard/internal/metrics/metrics.go:85.20,87.3 1 1
github.com/corvusHold/guard/internal/metrics/metrics.go:88.2,88.18 1 2
github.com/corvusHold/guard/internal/metrics/metrics.go:88.18,90.3 1 1
github.com/corvusHold/guard/internal/metrics/metrics.go:91.2,91.59 1 2
github.com/corvusHold/guard/internal/metrics/metrics.go:95.66,96.24 1 2
github.com/corvusHold/guard/internal/metrics/metrics.go:96.24,98.3 1 1
github.com/corvusHold/guard/internal/metrics/metrics.go:99.2,99.24 1 2
github.com/corvusHold/guard/internal/metrics/metrics.go:99.24,101.3 1 1
github.com/corvusHold/guard/internal/metrics/metrics.go:102.2,102.20 1 2
github.com/corvusHold/guard/internal/metrics/metrics.go:102.20,104.3 1 1
github.com/corvusHold/guard/internal/metrics/metrics.go:105.2,105.80 1 2
github.com/corvusHold/guard/internal/metrics/metrics.go:109.64,110.24 1 2
github.com/corvusHold/guard/internal/metrics/metrics.go:110.24,112.3 1 1
github.com/corvusHold/guard/internal/metrics/metrics.go:113.2,113.24 1 2
github.com/corvusHold/guard/internal/metrics/metrics.go:113.24,115.3 1 1
github.com/corvusHold/guard/internal/metrics/metrics.go:116.2,116.18 1 2
github.com/corvusHold/guard/internal/metrics/metrics.go:116.18,118.3 1 1
github.com/corvusHold/guard/internal/metrics/metrics.go:119.2,119.78 1 2
github.com/corvusHold/guard/internal/metrics/metrics.go:123.76,124.24 1 2
github.com/corvusHold/guard/internal/metrics/metrics.go:124.24,126.3 1 1
github.com/corvusHold/guard/internal/metrics/metrics.go:127.2,127.18 1 2
github.com/corvusHold/guard/internal/metrics/metrics.go:127.18,129.3 1 1
github.com/corvusHold/guard/internal/metrics/metrics.go:130.2,130.73 1 2
github.com/corvusHold/guard/internal/metrics/metrics.go:134.71,135.24 1 2
github.com/corvusHold/guard/internal/metrics/metrics.go:135.24,137.3 1 1
github.com/corvusHold/guard/internal/metrics/metrics.go:138.2,138.19 1 2
github.com/corvusHold/guard/internal/metrics/metrics.go:138.19,140.3 1 1
github.com/corvusHold/guard/internal/metrics/metrics.go:141.2,141.68 1 2
github.com/corvusHold/guard/internal/settings/controller/http.go:32.72,34.2 1 1
github.com/corvusHold/guard/internal/settings/controller/http.go:36.77,44.57 5 2
github.com/corvusHold/guard/internal/settings/controller/http.go:44.57,45.38 1 4
github.com/corvusHold/guard/internal/settings/controller/http.go:45.38,45.81 1 0
github.com/corvusHold/guard/internal/settings/controller/http.go:47.2,47.48 1 2
github.com/corvusHold/guard/internal/settings/controller/http.go:47.48,48.56 1 0
github.com/corvusHold/guard/internal/settings/controller/http.go:48.56,49.127 1 0
github.com/corvusHold/guard/internal/settings/controller/http.go:49.127,51.5 1 0
github.com/corvusHold/guard/internal/settings/controller/http.go:53.3,53.23 1 0
github.com/corvusHold/guard/internal/settings/controller/http.go:55.2,55.38 1 2
github.com/corvusHold/guard/internal/settings/controller/http.go:55.38,56.56 1 0
github.com/corvusHold/guard/internal/settings/controller/http.go:56.56,57.121 1 0
github.com/corvusHold/guard/internal/settings/controller/http.go:57.121,59.5 1 0
github.com/corvusHold/guard/internal/settings/controller/http.go:61.3,61.23 1 0
github.com/corvusHold/guard/internal/settings/controller/http.go:63.2,63.48 1 2
github.com/corvusHold/guard/internal/settings/controller/http.go:63.48,64.56 1 0
github.com/corvusHold/guard/internal/settings/controller/http.go:64.56,65.127 1 0
github.com/corvusHold/guard/internal/settings/controller/http.go:65.127,67.5 1 0
github.com/corvusHold/guard/internal/settings/controller/http.go:69.3,69.23 1 0
github.com/corvusHold/guard/internal/settings/controller/http.go:71.2,71.38 1 2
github.com/corvusHold/guard/internal/settings/controller/http.go:71.38,72.56 1 0
github.com/corvusHold/guard/internal/settings/controller/http.go:72.56,73.121 1 0
github.com/corvusHold/guard/internal/settings/controller/http.go:73.121,75.5 1 0
github.com/corvusHold/guard/internal/settings/controller/http.go:77.3,77.23 1 0
github.com/corvusHold/guard/internal/settings/controller/http.go:80.2,83.22 3 2
github.com/corvusHold/guard/internal/settings/controller/http.go:83.22,87.3 3 0
github.com/corvusHold/guard/internal/settings/controller/http.go:88.2,90.21 3 2
github.com/corvusHold/guard/internal/settings/controller/http.go:94.45,100.20 4 1
github.com/corvusHold/guard/internal/settings/controller/http.go:100.20,103.3 2 0
github.com/corvusHold/guard/internal/settings/controller/http.go:104.2,109.63 5 1
github.com/corvusHold/guard/internal/settings/controller/http.go:113.48,119.20 4 1
github.com/corvusHold/guard/internal/settings/controller/http.go:119.20,122.3 2 0
github.com/corvusHold/guard/internal/settings/controller/http.go:123.2,127.63 4 1
github.com/corvusHold/guard/internal/settings/controller/http.go:131.66,131.92 2 1
github.com/corvusHold/guard/internal/settings/controller/http.go:134.64,134.95 2 1
github.com/corvusHold/guard/internal/settings/controller/http.go:137.70,137.93 2 1
github.com/corvusHold/guard/internal/settings/controller/http.go:140.136,143.2 2 1
github.com/corvusHold/guard/internal/settings/controller/http.go:221.62,224.16 3 4
github.com/corvusHold/guard/internal/settings/controller/http.go:224.16,226.3 1 1
github.com/corvusHold/guard/internal/settings/controller/http.go:228.2,228.37 1 3
github.com/corvusHold/guard/internal/settings/controller/http.go:228.37,230.3 1 1
github.com/corvusHold/guard/internal/settings/controller/http.go:230.8,230.22 1 2
github.com/corvusHold/guard/internal/settings/controller/http.go:230.22,232.3 1 1
github.com/corvusHold/guard/internal/settings/controller/http.go:234.2,259.32 24 1
github.com/corvusHold/guard/internal/settings/controller/http.go:259.32,260.14 1 2
github.com/corvusHold/guard/internal/settings/controller/http.go:260.14,262.4 1 0
github.com/corvusHold/guard/internal/settings/controller/http.go:263.3,263.18 1 2
github.com/corvusHold/guard/internal/settings/controller/http.go:263.18,265.4 1 1
github.com/corvusHold/guard/internal/settings/controller/http.go:266.3,266.31 1 1
github.com/corvusHold/guard/internal/settings/controller/http.go:268.2,293.36 2 1
github.com/corvusHold/guard/internal/settings/controller/http.go:310.62,313.16 3 17
github.com/corvusHold/guard/internal/settings/controller/http.go:313.16,315.3 1 1
github.com/corvusHold/guard/internal/settings/controller/http.go:317.2,319.18 3 16
github.com/corvusHold/guard/internal/settings/controller/http.go:319.18,321.3 1 1
github.com/corvusHold/guard/internal/settings/controller/http.go:322.2,322.15 1 15
github.com/corvusHold/guard/internal/settings/controller/http.go:322.15,324.3 1 1
github.com/corvusHold/guard/internal/settings/controller/http.go:325.2,325.26 1 14
github.com/corvusHold/guard/internal/settings/controller/http.go:325.26,327.17 2 2
github.com/corvusHold/guard/internal/settings/controller/http.go:327.17,329.4 1 1
github.com/corvusHold/guard/internal/settings/controller/http.go:330.3,331.27 2 1
github.com/corvusHold/guard/internal/settings/controller/http.go:331.27,332.36 1 1
github.com/corvusHold/guard/internal/settings/controller/http.go:332.36,334.10 2 0
github.com/corvusHold/guard/internal/settings/controller/http.go:337.3,337.15 1 1
github.com/corvusHold/guard/internal/settings/controller/http.go:337.15,339.4 1 1
github.com/corvusHold/guard/internal/settings/controller/http.go:341.2,342.37 2 12
github.com/corvusHold/guard/internal/settings/controller/http.go:342.37,344.3 1 1
github.com/corvusHold/guard/internal/settings/controller/http.go:345.2,347.30 2 11
github.com/corvusHold/guard/internal/settings/controller/http.go:347.30,350.29 2 3
github.com/corvusHold/guard/internal/settings/controller/http.go:350.29,352.4 1 1
github.com/corvusHold/guard/internal/settings/controller/http.go:354.2,354.28 1 10
github.com/corvusHold/guard/internal/settings/controller/http.go:354.28,356.45 2 4
github.com/corvusHold/guard/internal/settings/controller/http.go:356.45,358.4 1 1
github.com/corvusHold/guard/internal/settings/controller/http.go:360.2,360.28 1 9
github.com/corvusHold/guard/internal/settings/controller/http.go:360.28,361.84 1 2
github.com/corvusHold/guard/internal/settings/controller/http.go:361.84,363.4 1 1
github.com/corvusHold/guard/internal/settings/controller/http.go:365.2,365.37 1 8
github.com/corvusHold/guard/internal/settings/controller/http.go:365.37,367.28 2 2
github.com/corvusHold/guard/internal/settings/controller/http.go:367.28,369.15 2 3
github.com/corvusHold/guard/internal/settings/controller/http.go:369.15,370.13 1 0
github.com/corvusHold/guard/internal/settings/controller/http.go:372.4,373.81 2 3
github.com/corvusHold/guard/internal/settings/controller/http.go:373.81,375.5 1 1
github.com/corvusHold/guard/internal/settings/controller/http.go:378.2,378.38 1 7
github.com/corvusHold/guard/internal/settings/controller/http.go:378.38,380.28 2 2
github.com/corvusHold/guard/internal/settings/controller/http.go:380.28,382.15 2 2
github.com/corvusHold/guard/internal/settings/controller/http.go:382.15,383.13 1 0
github.com/corvusHold/guard/internal/settings/controller/http.go:385.4,386.81 2 2
github.com/corvusHold/guard/internal/settings/controller/http.go:386.81,388.5 1 1
github.com/corvusHold/guard/internal/settings/controller/http.go:393.2,394.28 2 6
github.com/corvusHold/guard/internal/settings/controller/http.go:394.28,395.98 1 3
github.com/corvusHold/guard/internal/settings/controller/http.go:395.98,397.4 1 1
github.com/corvusHold/guard/internal/settings/controller/http.go:398.3,398.52 1 2
github.com/corvusHold/guard/internal/settings/controller/http.go:400.2,400.31 1 5
github.com/corvusHold/guard/internal/settings/controller/http.go:400.31,401.104 1 1
github.com/corvusHold/guard/internal/settings/controller/http.go:401.104,403.4 1 0
github.com/corvusHold/guard/internal/settings/controller/http.go:404.3,404.55 1 1
github.com/corvusHold/guard/internal/settings/controller/http.go:406.2,406.35 1 5
github.com/corvusHold/guard/internal/settings/controller/http.go:406.35,407.111 1 2
github.com/corvusHold/guard/internal/settings/controller/http.go:407.111,409.4 1 0
github.com/corvusHold/guard/internal/settings/controller/http.go:410.3,410.59 1 2
github.com/corvusHold/guard/internal/settings/controller/http.go:412.2,412.29 1 5
github.com/corvusHold/guard/internal/settings/controller/http.go:412.29,413.99 1 2
github.com/corvusHold/guard/internal/settings/controller/http.go:413.99,415.4 1 0
github.com/corvusHold/guard/internal/settings/controller/http.go:416.3,416.53 1 2
github.com/corvusHold/guard/internal/settings/controller/http.go:418.2,418.42 1 5
github.com/corvusHold/guard/internal/settings/controller/http.go:418.42,420.97 2 1
github.com/corvusHold/guard/internal/settings/controller/http.go:420.97,422.4 1 0
github.com/corvusHold/guard/internal/settings/controller/http.go:423.3,423.66 1 1
github.com/corvusHold/guard/internal/settings/controller/http.go:425.2,425.44 1 5
github.com/corvusHold/guard/internal/settings/controller/http.go:425.44,427.99 2 1
github.com/corvusHold/guard/internal/settings/controller/http.go:427.99,429.4 1 0
github.com/corvusHold/guard/internal/settings/controller/http.go:430.3,430.68 1 1
github.com/corvusHold/guard/internal/settings/controller/http.go:432.2,432.28 1 5
github.com/corvusHold/guard/internal/settings/controller/http.go:432.28,433.98 1 1
github.com/corvusHold/guard/internal/settings/controller/http.go:433.98,435.4 1 0
github.com/corvusHold/guard/internal/settings/controller/http.go:436.3,436.52 1 1
github.com/corvusHold/guard/internal/settings/controller/http.go:438.2,438.37 1 5
github.com/corvusHold/guard/internal/settings/controller/http.go:438.37,439.116 1 1
github.com/corvusHold/guard/internal/settings/controller/http.go:439.116,441.4 1 0
github.com/corvusHold/guard/internal/settings/controller/http.go:442.3,442.61 1 1
github.com/corvusHold/guard/internal/settings/controller/http.go:444.2,444.38 1 5
github.com/corvusHold/guard/internal/settings/controller/http.go:444.38,445.118 1 1
github.com/corvusHold/guard/internal/settings/controller/http.go:445.118,447.4 1 0
github.com/corvusHold/guard/internal/settings/controller/http.go:448.3,448.62 1 1
github.com/corvusHold/guard/internal/settings/controller/http.go:450.2,450.30 1 5
github.com/corvusHold/guard/internal/settings/controller/http.go:450.30,452.81 2 2
github.com/corvusHold/guard/internal/settings/controller/http.go:452.81,454.4 1 0
github.com/corvusHold/guard/internal/settings/controller/http.go:455.3,455.51 1 2
github.com/corvusHold/guard/internal/settings/controller/http.go:458.2,471.28 2 5
github.com/corvusHold/guard/internal/settings/controller/http.go:471.28,472.24 1 20
github.com/corvusHold/guard/internal/settings/controller/http.go:472.24,474.15 2 7
github.com/corvusHold/guard/internal/settings/controller/http.go:474.15,475.46 1 7
github.com/corvusHold/guard/internal/settings/controller/http.go:475.46,477.6 1 1
github.com/corvusHold/guard/internal/settings/controller/http.go:479.4,479.72 1 6
github.com/corvusHold/guard/internal/settings/controller/http.go:479.72,481.5 1 0
github.com/corvusHold/guard/internal/settings/controller/http.go:482.4,482.41 1 6
github.com/corvusHold/guard/internal/settings/controller/http.go:484.3,484.22 1 19
github.com/corvusHold/guard/internal/settings/controller/http.go:484.22,486.15 2 7
github.com/corvusHold/guard/internal/settings/controller/http.go:486.15,487.52 1 7
github.com/corvusHold/guard/internal/settings/controller/http.go:487.52,489.6 1 1
github.com/corvusHold/guard/internal/settings/controller/http.go:491.4,491.70 1 6
github.com/corvusHold/guard/internal/settings/controller/http.go:491.70,493.5 1 0
github.com/corvusHold/guard/internal/settings/controller/http.go:494.4,494.39 1 6
github.com/corvusHold/guard/internal/settings/controller/http.go:498.2,498.30 1 3
github.com/corvusHold/guard/internal/settings/controller/http.go:498.30,500.45 2 2
github.com/corvusHold/guard/internal/settings/controller/http.go:500.45,502.4 1 1
github.com/corvusHold/guard/internal/settings/controller/http.go:503.3,503.85 1 1
github.com/corvusHold/guard/internal/settings/controller/http.go:503.85,505.4 1 0
github.com/corvusHold/guard/internal/settings/controller/http.go:506.3,506.54 1 1
github.com/corvusHold/guard/internal/settings/controller/http.go:508.2,508.30 1 2
github.com/corvusHold/guard/internal/settings/controller/http.go:508.30,510.85 2 1
github.com/corvusHold/guard/internal/settings/controller/http.go:510.85,512.4 1 0
github.com/corvusHold/guard/internal/settings/controller/http.go:513.3,513.54 1 1
github.com/corvusHold/guard/internal/settings/controller/http.go:516.2,516.38 1 2
github.com/corvusHold/guard/internal/settings/controller/http.go:516.38,521.36 2 2
github.com/corvusHold/guard/internal/settings/controller/http.go:521.36,523.4 1 2
github.com/corvusHold/guard/internal/settings/controller/http.go:524.3,524.30 1 2
github.com/corvusHold/guard/internal/settings/controller/http.go:524.30,526.4 1 2
github.com/corvusHold/guard/internal/settings/controller/http.go:527.3,527.31 1 2
github.com/corvusHold/guard/internal/settings/controller/http.go:527.31,529.4 1 2
github.com/corvusHold/guard/internal/settings/controller/http.go:530.3,530.131 1 2
github.com/corvusHold/guard/internal/settings/controller/http.go:532.2,532.42 1 2
github.com/corvusHold/guard/internal/platform/ratelimit/circuit.go:35.102,36.20 1 7
github.com/corvusHold/guard/internal/platform/ratelimit/circuit.go:36.20,38.3 1 1
github.com/corvusHold/guard/internal/platform/ratelimit/circuit.go:39.2,39.19 1 7
github.com/corvusHold/guard/internal/platform/ratelimit/circuit.go:39.19,41.3 1 1
github.com/corvusHold/guard/internal/platform/ratelimit/circuit.go:42.2,47.3 1 7
github.com/corvusHold/guard/internal/platform/ratelimit/circuit.go:50.118,52.18 2 14
github.com/corvusHold/guard/internal/platform/ratelimit/circuit.go:53.19,54.45 1 3
github.com/corvusHold/guard/internal/platform/ratelimit/circuit.go:54.45,58.4 3 2
github.com/corvusHold/guard/internal/platform/ratelimit/circuit.go:59.3,61.22 2 1
github.com/corvusHold/guard/internal/platform/ratelimit/circuit.go:63.23,65.41 2 0
github.com/corvusHold/guard/internal/platform/ratelimit/circuit.go:67.10,68.17 1 11
github.com/corvusHold/guard/internal/platform/ratelimit/circuit.go:71.2,72.16 2 11
github.com/corvusHold/guard/internal/platform/ratelimit/circuit.go:72.16,76.3 2 8
github.com/corvusHold/guard/internal/platform/ratelimit/circuit.go:77.2,78.33 2 3
github.com/corvusHold/guard/internal/platform/ratelimit/circuit.go:81.118,83.16 2 2
github.com/corvusHold/guard/internal/platform/ratelimit/circuit.go:83.16,89.3 5 1
github.com/corvusHold/guard/internal/platform/ratelimit/circuit.go:90.2,94.33 5 1
github.com/corvusHold/guard/internal/platform/ratelimit/circuit.go:97.48,101.33 4 8
github.com/corvusHold/guard/internal/platform/ratelimit/circuit.go:101.33,104.3 2 3
github.com/corvusHold/guard/internal/platform/ratelimit/circuit.go:107.48,111.2 3 3
github.com/corvusHold/guard/internal/platform/ratelimit/ratelimit.go:41.47,42.19 1 4
github.com/corvusHold/guard/internal/platform/ratelimit/ratelimit.go:42.19,44.3 1 1
github.com/corvusHold/guard/internal/platform/ratelimit/ratelimit.go:45.2,45.18 1 4
github.com/corvusHold/guard/internal/platform/ratelimit/ratelimit.go:45.18,47.3 1 1
github.com/corvusHold/guard/internal/platform/ratelimit/ratelimit.go:49.2,58.54 3 4
github.com/corvusHold/guard/internal/platform/ratelimit/ratelimit.go:58.54,59.37 1 4
github.com/corvusHold/guard/internal/platform/ratelimit/ratelimit.go:59.37,61.20 2 7
github.com/corvusHold/guard/internal/platform/ratelimit/ratelimit.go:61.20,63.5 1 6
github.com/corvusHold/guard/internal/platform/ratelimit/ratelimit.go:65.4,67.27 3 7
github.com/corvusHold/guard/internal/platform/ratelimit/ratelimit.go:67.27,68.36 1 2
github.com/corvusHold/guard/internal/platform/ratelimit/ratelimit.go:68.36,70.6 1 2
github.com/corvusHold/guard/internal/platform/ratelimit/ratelimit.go:72.4,72.26 1 7
github.com/corvusHold/guard/internal/platform/ratelimit/ratelimit.go:72.26,73.35 1 2
github.com/corvusHold/guard/internal/platform/ratelimit/ratelimit.go:73.35,75.6 1 2
github.com/corvusHold/guard/internal/platform/ratelimit/ratelimit.go:78.4,82.38 5 7
github.com/corvusHold/guard/internal/platform/ratelimit/ratelimit.go:82.38,87.5 3 5
github.com/corvusHold/guard/internal/platform/ratelimit/ratelimit.go:88.4,88.21 1 2
github.com/corvusHold/guard/internal/platform/ratelimit/ratelimit.go:88.21,92.5 3 1
github.com/corvusHold/guard/internal/platform/ratelimit/ratelimit.go:94.4,98.38 4 1
github.com/corvusHold/guard/internal/platform/ratelimit/ratelimit.go:98.38,100.5 1 0
github.com/corvusHold/guard/internal/platform/ratelimit/ratelimit.go:101.4,104.96 4 1
github.com/corvusHold/guard/internal/platform/ratelimit/ratelimit.go:110.65,111.19 1 5
github.com/corvusHold/guard/internal/platform/ratelimit/ratelimit.go:111.19,113.3 1 0
github.com/corvusHold/guard/internal/platform/ratelimit/ratelimit.go:114.2,114.18 1 5
github.com/corvusHold/guard/internal/platform/ratelimit/ratelimit.go:114.18,116.3 1 0
github.com/corvusHold/guard/internal/platform/ratelimit/ratelimit.go:117.2,117.54 1 5
github.com/corvusHold/guard/internal/platform/ratelimit/ratelimit.go:117.54,118.37 1 5
github.com/corvusHold/guard/internal/platform/ratelimit/ratelimit.go:118.37,120.20 2 5
github.com/corvusHold/guard/internal/platform/ratelimit/ratelimit.go:120.20,122.5 1 3
github.com/corvusHold/guard/internal/platform/ratelimit/ratelimit.go:123.4,125.27 3 5
github.com/corvusHold/guard/internal/platform/ratelimit/ratelimit.go:125.27,126.36 1 1
github.com/corvusHold/guard/internal/platform/ratelimit/ratelimit.go:126.36,128.6 1 1
github.com/corvusHold/guard/internal/platform/ratelimit/ratelimit.go:130.4,130.26 1 5
github.com/corvusHold/guard/internal/platform/ratelimit/ratelimit.go:130.26,131.35 1 1
github.com/corvusHold/guard/internal/platform/ratelimit/ratelimit.go:131.35,133.6 1 1
github.com/corvusHold/guard/internal/platform/ratelimit/ratelimit.go:135.4,136.29 2 5
github.com/corvusHold/guard/internal/platform/ratelimit/ratelimit.go:136.29,138.43 1 1
github.com/corvusHold/guard/internal/platform/ratelimit/ratelimit.go:138.43,140.6 1 1
github.com/corvusHold/guard/internal/platform/ratelimit/ratelimit.go:141.5,141.19 1 1
github.com/corvusHold/guard/internal/platform/ratelimit/ratelimit.go:143.4,143.18 1 4
github.com/corvusHold/guard/internal/platform/ratelimit/ratelimit.go:143.18,148.5 2 1
github.com/corvusHold/guard/internal/platform/ratelimit/ratelimit.go:150.4,151.38 2 3
github.com/corvusHold/guard/internal/platform/ratelimit/ratelimit.go:151.38,153.5 1 2
github.com/corvusHold/guard/internal/platform/ratelimit/ratelimit.go:154.4,156.22 3 3
github.com/corvusHold/guard/internal/platform/ratelimit/ratelimit.go:156.22,158.5 1 2
github.com/corvusHold/guard/internal/platform/ratelimit/ratelimit.go:159.4,159.96 1 3
github.com/corvusHold/guard/internal/platform/ratelimit/ratelimit.go:166.61,167.37 1 2
github.com/corvusHold/guard/internal/platform/ratelimit/ratelimit.go:167.37,169.113 2 5
github.com/corvusHold/guard/internal/platform/ratelimit/ratelimit.go:169.113,171.31 1 2
github.com/corvusHold/guard/internal/platform/ratelimit/ratelimit.go:171.31,180.27 5 2
github.com/corvusHold/guard/internal/platform/ratelimit/ratelimit.go:180.27,182.6 1 1
github.com/corvusHold/guard/internal/platform/ratelimit/ratelimit.go:185.3,185.16 1 5
github.com/corvusHold/guard/internal/platform/ratelimit/ratelimit.go:185.16,187.4 1 2
github.com/corvusHold/guard/internal/platform/ratelimit/ratelimit.go:193.3,193.32 1 3
github.com/corvusHold/guard/internal/platform/ratelimit/ratelimit.go:198.32,201.2 1 6
github.com/corvusHold/guard/internal/platform/ratelimit/ratelimit.go:203.31,204.12 1 6
github.com/corvusHold/guard/internal/platform/ratelimit/ratelimit.go:204.12,206.3 1 1
github.com/corvusHold/guard/internal/platform/ratelimit/ratelimit.go:207.2,208.11 2 5
github.com/corvusHold/guard/internal/platform/ratelimit/ratelimit.go:208.11,211.3 2 1
github.com/corvusHold/guard/internal/platform/ratelimit/ratelimit.go:212.2,214.12 3 5
github.com/corvusHold/guard/internal/platform/ratelimit/ratelimit.go:214.12,218.3 3 9
github.com/corvusHold/guard/internal/platform/ratelimit/ratelimit.go:219.2,219.9 1 5
github.com/corvusHold/guard/internal/platform/ratelimit/ratelimit.go:219.9,222.3 2 1
github.com/corvusHold/guard/internal/platform/ratelimit/ratelimit.go:223.2,223.15 1 5
github.com/corvusHold/guard/internal/platform/ratelimit/redis_store.go:16.45,19.2 2 1
github.com/corvusHold/guard/internal/platform/ratelimit/redis_store.go:28.108,34.16 5 1
github.com/corvusHold/guard/internal/platform/ratelimit/redis_store.go:34.16,36.3 1 1
github.com/corvusHold/guard/internal/platform/ratelimit/redis_store.go:37.2,38.26 2 0
github.com/corvusHold/guard/internal/platform/ratelimit/redis_store.go:38.26,40.3 1 0
github.com/corvusHold/guard/internal/platform/ratelimit/redis_store.go:41.2,43.28 3 0
github.com/corvusHold/guard/internal/platform/ratelimit/redis_store.go:44.13,45.14 1 0
github.com/corvusHold/guard/internal/platform/ratelimit/redis_store.go:46.14,47.21 1 0
github.com/corvusHold/guard/internal/platform/ratelimit/redis_store.go:48.10,49.14 1 0
github.com/corvusHold/guard/internal/platform/ratelimit/redis_store.go:51.2,51.28 1 0
github.com/corvusHold/guard/internal/platform/ratelimit/redis_store.go:52.13,53.12 1 0
github.com/corvusHold/guard/internal/platform/ratelimit/redis_store.go:54.14,55.19 1 0
github.com/corvusHold/guard/internal/platform/ratelimit/redis_store.go:56.10,57.12 1 0
github.com/corvusHold/guard/internal/platform/ratelimit/redis_store.go:59.2,59.29 1 0
github.com/corvusHold/guard/internal/platform/ratelimit/redis_store.go:59.29,63.3 2 0
github.com/corvusHold/guard/internal/platform/ratelimit/redis_store.go:65.2,65.16 1 0
github.com/corvusHold/guard/internal/platform/ratelimit/redis_store.go:65.16,68.3 2 0
github.com/corvusHold/guard/internal/platform/ratelimit/redis_store.go:69.2,71.25 3 0
github.com/corvusHold/guard/internal/platform/ratelimit/sliding_window.go:22.70,24.2 1 1
github.com/corvusHold/guard/internal/platform/ratelimit/sliding_window.go:26.116,44.16 12 1
github.com/corvusHold/guard/internal/platform/ratelimit/sliding_window.go:44.16,46.3 1 1
github.com/corvusHold/guard/internal/platform/ratelimit/sliding_window.go:48.2,49.26 2 0
github.com/corvusHold/guard/internal/platform/ratelimit/sliding_window.go:49.26,53.3 2 0
github.com/corvusHold/guard/internal/platform/ratelimit/sliding_window.go:54.2,54.21 1 0
github.com/corvusHold/guard/internal/auth/service/api_keys.go:19.177,20.16 1 3
github.com/corvusHold/guard/internal/auth/service/api_keys.go:20.16,22.3 1 1
github.com/corvusHold/guard/internal/auth/service/api_keys.go:23.2,23.19 1 2
github.com/corvusHold/guard/internal/auth/service/api_keys.go:23.19,25.3 1 1
github.com/corvusHold/guard/internal/auth/service/api_keys.go:28.2,29.42 2 2
github.com/corvusHold/guard/internal/auth/service/api_keys.go:29.42,31.3 1 0
github.com/corvusHold/guard/internal/auth/service/api_keys.go:32.2,43.16 7 2
github.com/corvusHold/guard/internal/auth/service/api_keys.go:43.16,45.3 1 1
github.com/corvusHold/guard/internal/auth/service/api_keys.go:48.2,61.25 3 1
github.com/corvusHold/guard/internal/auth/service/api_keys.go:65.93,66.18 1 4
github.com/corvusHold/guard/internal/auth/service/api_keys.go:66.18,68.3 1 1
github.com/corvusHold/guard/internal/auth/service/api_keys.go:70.2,74.16 4 3
github.com/corvusHold/guard/internal/auth/service/api_keys.go:74.16,76.3 1 1
github.com/corvusHold/guard/internal/auth/service/api_keys.go:79.2,79.62 1 2
github.com/corvusHold/guard/internal/auth/service/api_keys.go:79.62,81.3 1 1
github.com/corvusHold/guard/internal/auth/service/api_keys.go:84.2,86.17 2 1
github.com/corvusHold/guard/internal/auth/service/api_keys.go:90.97,92.2 1 2
github.com/corvusHold/guard/internal/auth/service/api_keys.go:95.86,96.66 1 2
github.com/corvusHold/guard/internal/auth/service/api_keys.go:96.66,98.3 1 1
github.com/corvusHold/guard/internal/auth/service/api_keys.go:100.2,109.12 2 1
github.com/corvusHold/guard/internal/auth/service/email_discovery.go:14.106,17.16 2 1
github.com/corvusHold/guard/internal/auth/service/email_discovery.go:17.16,19.3 1 0
github.com/corvusHold/guard/internal/auth/service/email_discovery.go:22.2,23.38 2 1
github.com/corvusHold/guard/internal/auth/service/email_discovery.go:23.38,25.51 2 3
github.com/corvusHold/guard/internal/auth/service/email_discovery.go:25.51,27.100 2 2
github.com/corvusHold/guard/internal/auth/service/email_discovery.go:27.100,29.5 1 1
github.com/corvusHold/guard/internal/auth/service/email_discovery.go:30.4,33.5 1 2
github.com/corvusHold/guard/internal/auth/service/email_discovery.go:38.2,39.35 2 1
github.com/corvusHold/guard/internal/auth/service/email_discovery.go:39.35,41.3 1 2
github.com/corvusHold/guard/internal/auth/service/email_discovery.go:43.2,43.21 1 1
github.com/corvusHold/guard/internal/auth/service/email_discovery.go:47.101,49.16 2 4
github.com/corvusHold/guard/internal/auth/service/email_discovery.go:49.16,51.3 1 1
github.com/corvusHold/guard/internal/auth/service/email_discovery.go:53.2,54.16 2 3
github.com/corvusHold/guard/internal/auth/service/email_discovery.go:54.16,55.36 1 1
github.com/corvusHold/guard/internal/auth/service/email_discovery.go:55.36,57.4 1 1
github.com/corvusHold/guard/internal/auth/service/email_discovery.go:58.3,58.18 1 0
github.com/corvusHold/guard/internal/auth/service/email_discovery.go:61.2,62.16 2 2
github.com/corvusHold/guard/internal/auth/service/email_discovery.go:62.16,64.3 1 1
github.com/corvusHold/guard/internal/auth/service/email_discovery.go:66.2,66.19 1 1
github.com/corvusHold/guard/internal/auth/service/email_discovery.go:71.119,73.2 1 1
github.com/corvusHold/guard/internal/auth/service/fingerprint.go:12.70,17.2 4 13
github.com/corvusHold/guard/internal/auth/service/fingerprint.go:19.38,21.19 2 17
github.com/corvusHold/guard/internal/auth/service/fingerprint.go:21.19,23.3 1 2
github.com/corvusHold/guard/internal/auth/service/fingerprint.go:24.2,24.35 1 15
github.com/corvusHold/guard/internal/auth/service/fingerprint.go:24.35,27.3 1 13
github.com/corvusHold/guard/internal/auth/service/fingerprint.go:29.2,29.22 1 2
github.com/corvusHold/guard/internal/auth/service/fingerprint.go:29.22,31.3 1 2
github.com/corvusHold/guard/internal/auth/service/fingerprint.go:32.2,32.11 1 0
github.com/corvusHold/guard/internal/auth/service/invitations.go:24.113,26.20 2 2
github.com/corvusHold/guard/internal/auth/service/invitations.go:26.20,28.3 1 1
github.com/corvusHold/guard/internal/auth/service/invitations.go:31.2,32.49 2 1
github.com/corvusHold/guard/internal/auth/service/invitations.go:32.49,34.3 1 0
github.com/corvusHold/guard/internal/auth/service/invitations.go:35.2,47.16 8 1
github.com/corvusHold/guard/internal/auth/service/invitations.go:47.16,49.3 1 0
github.com/corvusHold/guard/internal/auth/service/invitations.go:52.2,56.24 2 1
github.com/corvusHold/guard/internal/auth/service/invitations.go:56.24,58.3 1 1
github.com/corvusHold/guard/internal/auth/service/invitations.go:59.2,59.19 1 1
github.com/corvusHold/guard/internal/auth/service/invitations.go:59.19,61.3 1 1
github.com/corvusHold/guard/internal/auth/service/invitations.go:62.2,63.24 2 1
github.com/corvusHold/guard/internal/auth/service/invitations.go:63.24,65.3 1 1
github.com/corvusHold/guard/internal/auth/service/invitations.go:66.2,75.48 2 1
github.com/corvusHold/guard/internal/auth/service/invitations.go:75.48,77.20 2 0
github.com/corvusHold/guard/internal/auth/service/invitations.go:77.20,79.4 1 0
github.com/corvusHold/guard/internal/auth/service/invitations.go:80.3,83.21 4 0
github.com/corvusHold/guard/internal/auth/service/invitations.go:83.21,85.4 1 0
github.com/corvusHold/guard/internal/auth/service/invitations.go:86.3,90.88 2 0
github.com/corvusHold/guard/internal/auth/service/invitations.go:90.88,92.4 1 0
github.com/corvusHold/guard/internal/auth/service/invitations.go:95.2,95.27 1 1
github.com/corvusHold/guard/internal/auth/service/invitations.go:99.102,103.2 3 8
github.com/corvusHold/guard/internal/auth/service/invitations.go:106.105,108.2 1 2
github.com/corvusHold/guard/internal/auth/service/invitations.go:111.112,113.2 1 2
github.com/corvusHold/guard/internal/auth/service/invitations.go:117.119,118.41 1 7
github.com/corvusHold/guard/internal/auth/service/invitations.go:118.41,120.3 1 1
github.com/corvusHold/guard/internal/auth/service/invitations.go:123.2,124.16 2 6
github.com/corvusHold/guard/internal/auth/service/invitations.go:124.16,126.3 1 1
github.com/corvusHold/guard/internal/auth/service/invitations.go:129.2,129.29 1 5
github.com/corvusHold/guard/internal/auth/service/invitations.go:129.29,131.3 1 1
github.com/corvusHold/guard/internal/auth/service/invitations.go:132.2,132.37 1 4
github.com/corvusHold/guard/internal/auth/service/invitations.go:132.37,134.3 1 1
github.com/corvusHold/guard/internal/auth/service/invitations.go:137.2,137.25 1 3
github.com/corvusHold/guard/internal/auth/service/invitations.go:137.25,139.3 1 1
github.com/corvusHold/guard/internal/auth/service/invitations.go:142.2,143.78 2 2
github.com/corvusHold/guard/internal/auth/service/invitations.go:143.78,145.3 1 1
github.com/corvusHold/guard/internal/auth/service/invitations.go:148.2,153.20 4 1
github.com/corvusHold/guard/internal/auth/service/invitations.go:153.20,155.3 1 0
github.com/corvusHold/guard/internal/auth/service/invitations.go:158.2,159.16 2 1
github.com/corvusHold/guard/internal/auth/service/invitations.go:159.16,161.3 1 0
github.com/corvusHold/guard/internal/auth/service/invitations.go:164.2,168.107 3 1
github.com/corvusHold/guard/internal/auth/service/invitations.go:168.107,170.3 1 0
github.com/corvusHold/guard/internal/auth/service/invitations.go:173.2,185.82 2 1
github.com/corvusHold/guard/internal/auth/service/invitations.go:199.195,201.42 1 5
github.com/corvusHold/guard/internal/auth/service/invitations.go:201.42,203.17 2 4
github.com/corvusHold/guard/internal/auth/service/invitations.go:203.17,205.4 1 1
github.com/corvusHold/guard/internal/auth/service/invitations.go:206.3,206.16 1 3
github.com/corvusHold/guard/internal/auth/service/invitations.go:206.16,206.40 1 3
github.com/corvusHold/guard/internal/auth/service/invitations.go:208.3,208.118 1 3
github.com/corvusHold/guard/internal/auth/service/invitations.go:208.118,210.4 1 1
github.com/corvusHold/guard/internal/auth/service/invitations.go:211.3,211.24 1 2
github.com/corvusHold/guard/internal/auth/service/invitations.go:215.2,215.103 1 1
github.com/corvusHold/guard/internal/auth/service/invitations.go:219.223,220.87 1 7
github.com/corvusHold/guard/internal/auth/service/invitations.go:220.87,222.3 1 0
github.com/corvusHold/guard/internal/auth/service/invitations.go:223.2,223.109 1 7
github.com/corvusHold/guard/internal/auth/service/invitations.go:223.109,225.3 1 0
github.com/corvusHold/guard/internal/auth/service/invitations.go:226.2,226.73 1 7
github.com/corvusHold/guard/internal/auth/service/invitations.go:226.73,228.3 1 0
github.com/corvusHold/guard/internal/auth/service/invitations.go:231.2,232.16 2 7
github.com/corvusHold/guard/internal/auth/service/invitations.go:232.16,234.3 1 1
github.com/corvusHold/guard/internal/auth/service/invitations.go:235.2,235.28 1 6
github.com/corvusHold/guard/internal/auth/service/invitations.go:235.28,237.3 1 1
github.com/corvusHold/guard/internal/auth/service/invitations.go:240.2,240.20 1 5
github.com/corvusHold/guard/internal/auth/service/invitations.go:240.20,242.17 2 4
github.com/corvusHold/guard/internal/auth/service/invitations.go:242.17,244.4 1 1
github.com/corvusHold/guard/internal/auth/service/invitations.go:245.3,245.26 1 3
github.com/corvusHold/guard/internal/auth/service/invitations.go:245.26,247.4 1 0
github.com/corvusHold/guard/internal/auth/service/invitations.go:248.3,248.79 1 3
github.com/corvusHold/guard/internal/auth/service/invitations.go:248.79,250.4 1 0
github.com/corvusHold/guard/internal/auth/service/invitations.go:253.2,253.12 1 4
github.com/corvusHold/guard/internal/auth/service/invitations.go:257.97,258.77 1 2
github.com/corvusHold/guard/internal/auth/service/invitations.go:258.77,260.3 1 1
github.com/corvusHold/guard/internal/auth/service/invitations.go:262.2,271.12 2 1
github.com/corvusHold/guard/internal/auth/service/invitations.go:275.97,277.2 1 2
github.com/corvusHold/guard/internal/auth/service/invitations.go:281.109,283.41 2 4
github.com/corvusHold/guard/internal/auth/service/invitations.go:283.41,285.3 1 1
github.com/corvusHold/guard/internal/auth/service/invitations.go:288.2,289.78 2 3
github.com/corvusHold/guard/internal/auth/service/invitations.go:289.78,291.3 1 1
github.com/corvusHold/guard/internal/auth/service/invitations.go:294.2,295.16 2 2
github.com/corvusHold/guard/internal/auth/service/invitations.go:295.16,297.3 1 1
github.com/corvusHold/guard/internal/auth/service/invitations.go:299.2,305.29 5 1
github.com/corvusHold/guard/internal/auth/service/invitations.go:305.29,307.26 2 4
github.com/corvusHold/guard/internal/auth/service/invitations.go:307.26,310.4 2 2
github.com/corvusHold/guard/internal/auth/service/invitations.go:314.2,315.16 2 1
github.com/corvusHold/guard/internal/auth/service/invitations.go:315.16,317.3 1 0
github.com/corvusHold/guard/internal/auth/service/invitations.go:320.2,320.90 1 1
github.com/corvusHold/guard/internal/auth/service/invitations.go:320.90,322.3 1 0
github.com/corvusHold/guard/internal/auth/service/invitations.go:325.2,329.83 3 1
github.com/corvusHold/guard/internal/auth/service/invitations.go:329.83,332.87 3 0
github.com/corvusHold/guard/internal/auth/service/invitations.go:332.87,334.4 1 0
github.com/corvusHold/guard/internal/auth/service/invitations.go:338.2,351.40 2 1
github.com/corvusHold/guard/internal/auth/service/invitations.go:356.159,357.42 1 5
github.com/corvusHold/guard/internal/auth/service/invitations.go:357.42,359.17 2 4
github.com/corvusHold/guard/internal/auth/service/invitations.go:359.17,361.4 1 1
github.com/corvusHold/guard/internal/auth/service/invitations.go:362.3,362.16 1 3
github.com/corvusHold/guard/internal/auth/service/invitations.go:362.16,362.40 1 3
github.com/corvusHold/guard/internal/auth/service/invitations.go:364.3,364.101 1 3
github.com/corvusHold/guard/internal/auth/service/invitations.go:364.101,366.4 1 1
github.com/corvusHold/guard/internal/auth/service/invitations.go:367.3,367.24 1 2
github.com/corvusHold/guard/internal/auth/service/invitations.go:371.2,371.86 1 1
github.com/corvusHold/guard/internal/auth/service/invitations.go:375.187,376.87 1 6
github.com/corvusHold/guard/internal/auth/service/invitations.go:376.87,378.3 1 0
github.com/corvusHold/guard/internal/auth/service/invitations.go:379.2,379.22 1 6
github.com/corvusHold/guard/internal/auth/service/invitations.go:379.22,380.70 1 1
github.com/corvusHold/guard/internal/auth/service/invitations.go:380.70,382.4 1 0
github.com/corvusHold/guard/internal/auth/service/invitations.go:384.2,384.106 1 6
github.com/corvusHold/guard/internal/auth/service/invitations.go:384.106,386.3 1 0
github.com/corvusHold/guard/internal/auth/service/invitations.go:387.2,387.71 1 6
github.com/corvusHold/guard/internal/auth/service/invitations.go:387.71,389.3 1 0
github.com/corvusHold/guard/internal/auth/service/invitations.go:390.2,390.33 1 6
github.com/corvusHold/guard/internal/auth/service/invitations.go:390.33,392.17 2 7
github.com/corvusHold/guard/internal/auth/service/invitations.go:392.17,394.4 1 2
github.com/corvusHold/guard/internal/auth/service/invitations.go:395.3,395.26 1 5
github.com/corvusHold/guard/internal/auth/service/invitations.go:395.26,397.4 1 1
github.com/corvusHold/guard/internal/auth/service/invitations.go:398.3,398.77 1 4
github.com/corvusHold/guard/internal/auth/service/invitations.go:398.77,400.4 1 0
github.com/corvusHold/guard/internal/auth/service/invitations.go:402.2,402.12 1 3
github.com/corvusHold/guard/internal/auth/service/magic.go:35.113,37.61 2 1
github.com/corvusHold/guard/internal/auth/service/magic.go:37.61,39.3 1 1
github.com/corvusHold/guard/internal/auth/service/magic.go:40.2,40.10 1 1
github.com/corvusHold/guard/internal/auth/service/magic.go:44.52,44.65 1 1
github.com/corvusHold/guard/internal/auth/service/magic.go:47.49,47.66 1 1
github.com/corvusHold/guard/internal/auth/service/magic.go:49.75,50.20 1 3
github.com/corvusHold/guard/internal/auth/service/magic.go:50.20,52.3 1 1
github.com/corvusHold/guard/internal/auth/service/magic.go:54.2,59.92 4 2
github.com/corvusHold/guard/internal/auth/service/magic.go:59.92,62.3 2 2
github.com/corvusHold/guard/internal/auth/service/magic.go:65.2,66.42 2 2
github.com/corvusHold/guard/internal/auth/service/magic.go:66.42,68.3 1 0
github.com/corvusHold/guard/internal/auth/service/magic.go:69.2,73.127 5 2
github.com/corvusHold/guard/internal/auth/service/magic.go:73.127,75.3 1 1
github.com/corvusHold/guard/internal/auth/service/magic.go:78.2,79.16 2 1
github.com/corvusHold/guard/internal/auth/service/magic.go:79.16,81.3 1 0
github.com/corvusHold/guard/internal/auth/service/magic.go:82.2,91.64 8 1
github.com/corvusHold/guard/internal/auth/service/magic.go:96.94,97.20 1 3
github.com/corvusHold/guard/internal/auth/service/magic.go:97.20,99.3 1 1
github.com/corvusHold/guard/internal/auth/service/magic.go:101.2,105.92 3 2
github.com/corvusHold/guard/internal/auth/service/magic.go:105.92,108.3 2 2
github.com/corvusHold/guard/internal/auth/service/magic.go:111.2,112.42 2 2
github.com/corvusHold/guard/internal/auth/service/magic.go:112.42,114.3 1 0
github.com/corvusHold/guard/internal/auth/service/magic.go:115.2,119.127 5 2
github.com/corvusHold/guard/internal/auth/service/magic.go:119.127,121.3 1 1
github.com/corvusHold/guard/internal/auth/service/magic.go:122.2,122.19 1 1
github.com/corvusHold/guard/internal/auth/service/magic.go:125.111,126.15 1 9
github.com/corvusHold/guard/internal/auth/service/magic.go:126.15,127.17 1 9
github.com/corvusHold/guard/internal/auth/service/magic.go:127.17,129.4 1 0
github.com/corvusHold/guard/internal/auth/service/magic.go:129.9,131.4 1 9
github.com/corvusHold/guard/internal/auth/service/magic.go:133.2,133.20 1 9
github.com/corvusHold/guard/internal/auth/service/magic.go:133.20,135.3 1 1
github.com/corvusHold/guard/internal/auth/service/magic.go:136.2,139.16 4 8
github.com/corvusHold/guard/internal/auth/service/magic.go:139.16,141.3 1 1
github.com/corvusHold/guard/internal/auth/service/magic.go:142.2,142.60 1 7
github.com/corvusHold/guard/internal/auth/service/magic.go:142.60,144.3 1 1
github.com/corvusHold/guard/internal/auth/service/magic.go:145.2,145.64 1 6
github.com/corvusHold/guard/internal/auth/service/magic.go:145.64,147.3 1 1
github.com/corvusHold/guard/internal/auth/service/magic.go:149.2,151.22 3 5
github.com/corvusHold/guard/internal/auth/service/magic.go:151.22,153.3 1 0
github.com/corvusHold/guard/internal/auth/service/magic.go:153.8,153.96 1 5
github.com/corvusHold/guard/internal/auth/service/magic.go:153.96,155.3 1 2
github.com/corvusHold/guard/internal/auth/service/magic.go:155.8,157.76 2 3
github.com/corvusHold/guard/internal/auth/service/magic.go:157.76,159.4 1 1
github.com/corvusHold/guard/internal/auth/service/magic.go:160.3,160.100 1 2
github.com/corvusHold/guard/internal/auth/service/magic.go:160.100,162.4 1 1
github.com/corvusHold/guard/internal/auth/service/magic.go:163.3,163.71 1 1
github.com/corvusHold/guard/internal/auth/service/magic.go:163.71,165.4 1 1
github.com/corvusHold/guard/internal/auth/service/magic.go:169.2,183.49 7 2
github.com/corvusHold/guard/internal/auth/service/magic.go:183.49,185.3 1 1
github.com/corvusHold/guard/internal/auth/service/magic.go:186.2,189.16 4 1
github.com/corvusHold/guard/internal/auth/service/magic.go:189.16,191.3 1 0
github.com/corvusHold/guard/internal/auth/service/magic.go:193.2,194.42 2 1
github.com/corvusHold/guard/internal/auth/service/magic.go:194.42,196.3 1 0
github.com/corvusHold/guard/internal/auth/service/magic.go:197.2,205.160 6 1
github.com/corvusHold/guard/internal/auth/service/magic.go:205.160,207.3 1 1
github.com/corvusHold/guard/internal/auth/service/magic.go:209.2,217.72 2 0
github.com/corvusHold/guard/internal/auth/service/password_policy.go:25.45,30.2 1 21
github.com/corvusHold/guard/internal/auth/service/password_policy.go:34.94,38.98 3 21
github.com/corvusHold/guard/internal/auth/service/password_policy.go:38.98,40.3 1 21
github.com/corvusHold/guard/internal/auth/service/password_policy.go:41.2,41.104 1 21
github.com/corvusHold/guard/internal/auth/service/password_policy.go:41.104,43.3 1 21
github.com/corvusHold/guard/internal/auth/service/password_policy.go:44.2,44.104 1 21
github.com/corvusHold/guard/internal/auth/service/password_policy.go:44.104,46.3 1 21
github.com/corvusHold/guard/internal/auth/service/password_policy.go:47.2,47.100 1 21
github.com/corvusHold/guard/internal/auth/service/password_policy.go:47.100,49.3 1 21
github.com/corvusHold/guard/internal/auth/service/password_policy.go:50.2,50.102 1 21
github.com/corvusHold/guard/internal/auth/service/password_policy.go:50.102,52.3 1 21
github.com/corvusHold/guard/internal/auth/service/password_policy.go:53.2,53.10 1 21
github.com/corvusHold/guard/internal/auth/service/password_policy.go:58.72,61.38 2 25
github.com/corvusHold/guard/internal/auth/service/password_policy.go:61.38,63.3 1 5
github.com/corvusHold/guard/internal/auth/service/password_policy.go:64.2,64.62 1 25
github.com/corvusHold/guard/internal/auth/service/password_policy.go:64.62,66.3 1 1
github.com/corvusHold/guard/internal/auth/service/password_policy.go:68.2,68.29 1 25
github.com/corvusHold/guard/internal/auth/service/password_policy.go:68.29,69.55 1 3
github.com/corvusHold/guard/internal/auth/service/password_policy.go:69.55,71.4 1 1
github.com/corvusHold/guard/internal/auth/service/password_policy.go:73.2,73.29 1 25
github.com/corvusHold/guard/internal/auth/service/password_policy.go:73.29,74.55 1 3
github.com/corvusHold/guard/internal/auth/service/password_policy.go:74.55,76.4 1 0
github.com/corvusHold/guard/internal/auth/service/password_policy.go:78.2,78.25 1 25
github.com/corvusHold/guard/internal/auth/service/password_policy.go:78.25,79.55 1 3
github.com/corvusHold/guard/internal/auth/service/password_policy.go:79.55,81.4 1 1
github.com/corvusHold/guard/internal/auth/service/password_policy.go:83.2,83.27 1 25
github.com/corvusHold/guard/internal/auth/service/password_policy.go:83.27,84.66 1 3
github.com/corvusHold/guard/internal/auth/service/password_policy.go:84.66,86.4 1 15
github.com/corvusHold/guard/internal/auth/service/password_policy.go:87.3,87.18 1 3
github.com/corvusHold/guard/internal/auth/service/password_policy.go:87.18,89.4 1 1
github.com/corvusHold/guard/internal/auth/service/password_policy.go:92.2,92.19 1 25
github.com/corvusHold/guard/internal/auth/service/platform_admin.go:11.113,12.16 1 2
github.com/corvusHold/guard/internal/auth/service/platform_admin.go:12.16,14.3 1 2
github.com/corvusHold/guard/internal/auth/service/platform_admin.go:15.2,15.59 1 2
github.com/corvusHold/guard/internal/auth/service/platform_admin.go:19.107,21.2 1 1
github.com/corvusHold/guard/internal/auth/service/platform_admin.go:24.166,25.16 1 2
github.com/corvusHold/guard/internal/auth/service/platform_admin.go:25.16,27.3 1 2
github.com/corvusHold/guard/internal/auth/service/platform_admin.go:28.2,28.76 1 2
github.com/corvusHold/guard/internal/auth/service/platform_admin.go:32.90,34.2 1 1
github.com/corvusHold/guard/internal/auth/service/platform_admin.go:37.126,38.16 1 2
github.com/corvusHold/guard/internal/auth/service/platform_admin.go:38.16,40.3 1 2
github.com/corvusHold/guard/internal/auth/service/platform_admin.go:41.2,41.63 1 2
github.com/corvusHold/guard/internal/auth/service/selfservice.go:10.82,12.2 1 2
github.com/corvusHold/guard/internal/auth/service/selfservice.go:15.96,17.2 1 2
github.com/corvusHold/guard/internal/auth/service/service.go:43.120,45.13 2 2
github.com/corvusHold/guard/internal/auth/service/service.go:45.13,47.3 1 1
github.com/corvusHold/guard/internal/auth/service/service.go:48.2,48.89 1 1
github.com/corvusHold/guard/internal/auth/service/service.go:52.95,54.2 1 1
github.com/corvusHold/guard/internal/auth/service/service.go:57.97,59.2 1 1
github.com/corvusHold/guard/internal/auth/service/service.go:62.98,64.2 1 1
github.com/corvusHold/guard/internal/auth/service/service.go:67.101,69.2 1 1
github.com/corvusHold/guard/internal/auth/service/service.go:72.222,75.16 2 4
github.com/corvusHold/guard/internal/auth/service/service.go:75.16,77.3 1 1
github.com/corvusHold/guard/internal/auth/service/service.go:78.2,79.35 2 3
github.com/corvusHold/guard/internal/auth/service/service.go:79.35,81.3 1 1
github.com/corvusHold/guard/internal/auth/service/service.go:82.2,83.14 2 2
github.com/corvusHold/guard/internal/auth/service/service.go:83.14,85.3 1 1
github.com/corvusHold/guard/internal/auth/service/service.go:86.2,86.103 1 1
github.com/corvusHold/guard/internal/auth/service/service.go:90.181,92.16 2 4
github.com/corvusHold/guard/internal/auth/service/service.go:92.16,94.3 1 1
github.com/corvusHold/guard/internal/auth/service/service.go:95.2,96.35 2 3
github.com/corvusHold/guard/internal/auth/service/service.go:96.35,98.3 1 1
github.com/corvusHold/guard/internal/auth/service/service.go:99.2,100.14 2 2
github.com/corvusHold/guard/internal/auth/service/service.go:100.14,102.3 1 1
github.com/corvusHold/guard/internal/auth/service/service.go:103.2,103.80 1 1
github.com/corvusHold/guard/internal/auth/service/service.go:107.192,110.21 3 9
github.com/corvusHold/guard/internal/auth/service/service.go:110.21,112.3 1 8
github.com/corvusHold/guard/internal/auth/service/service.go:113.2,121.12 2 9
github.com/corvusHold/guard/internal/auth/service/service.go:122.14,124.17 2 3
github.com/corvusHold/guard/internal/auth/service/service.go:124.17,126.4 1 0
github.com/corvusHold/guard/internal/auth/service/service.go:127.3,127.9 1 3
github.com/corvusHold/guard/internal/auth/service/service.go:127.9,136.4 2 2
github.com/corvusHold/guard/internal/auth/service/service.go:137.3,144.30 2 1
github.com/corvusHold/guard/internal/auth/service/service.go:145.15,148.17 2 4
github.com/corvusHold/guard/internal/auth/service/service.go:148.17,150.4 1 1
github.com/corvusHold/guard/internal/auth/service/service.go:151.3,157.28 2 3
github.com/corvusHold/guard/internal/auth/service/service.go:157.28,158.30 1 2
github.com/corvusHold/guard/internal/auth/service/service.go:158.30,159.13 1 0
github.com/corvusHold/guard/internal/auth/service/service.go:161.4,161.27 1 2
github.com/corvusHold/guard/internal/auth/service/service.go:161.27,163.5 1 1
github.com/corvusHold/guard/internal/auth/service/service.go:164.4,164.23 1 1
github.com/corvusHold/guard/internal/auth/service/service.go:164.23,165.56 1 0
github.com/corvusHold/guard/internal/auth/service/service.go:165.56,167.6 1 0
github.com/corvusHold/guard/internal/auth/service/service.go:168.5,168.13 1 0
github.com/corvusHold/guard/internal/auth/service/service.go:170.4,170.34 1 1
github.com/corvusHold/guard/internal/auth/service/service.go:170.34,171.13 1 0
github.com/corvusHold/guard/internal/auth/service/service.go:173.4,173.76 1 1
github.com/corvusHold/guard/internal/auth/service/service.go:173.76,175.5 1 1
github.com/corvusHold/guard/internal/auth/service/service.go:177.3,184.30 2 1
github.com/corvusHold/guard/internal/auth/service/service.go:185.10,186.79 1 2
github.com/corvusHold/guard/internal/auth/service/service.go:193.85,195.2 1 1
github.com/corvusHold/guard/internal/auth/service/service.go:198.93,200.2 1 1
github.com/corvusHold/guard/internal/auth/service/service.go:203.118,205.13 2 2
github.com/corvusHold/guard/internal/auth/service/service.go:205.13,207.3 1 1
github.com/corvusHold/guard/internal/auth/service/service.go:208.2,208.69 1 1
github.com/corvusHold/guard/internal/auth/service/service.go:212.136,214.13 2 2
github.com/corvusHold/guard/internal/auth/service/service.go:214.13,216.3 1 1
github.com/corvusHold/guard/internal/auth/service/service.go:217.2,217.65 1 1
github.com/corvusHold/guard/internal/auth/service/service.go:221.95,223.2 1 1
github.com/corvusHold/guard/internal/auth/service/service.go:226.115,228.2 1 1
github.com/corvusHold/guard/internal/auth/service/service.go:230.115,232.2 1 1
github.com/corvusHold/guard/internal/auth/service/service.go:234.114,236.2 1 1
github.com/corvusHold/guard/internal/auth/service/service.go:238.117,240.2 1 1
github.com/corvusHold/guard/internal/auth/service/service.go:243.152,246.16 2 2
github.com/corvusHold/guard/internal/auth/service/service.go:246.16,248.3 1 1
github.com/corvusHold/guard/internal/auth/service/service.go:249.2,249.92 1 1
github.com/corvusHold/guard/internal/auth/service/service.go:252.152,254.16 2 1
github.com/corvusHold/guard/internal/auth/service/service.go:254.16,256.3 1 0
github.com/corvusHold/guard/internal/auth/service/service.go:257.2,257.92 1 1
github.com/corvusHold/guard/internal/auth/service/service.go:261.137,268.16 3 8
github.com/corvusHold/guard/internal/auth/service/service.go:268.16,270.3 1 0
github.com/corvusHold/guard/internal/auth/service/service.go:271.2,277.16 3 8
github.com/corvusHold/guard/internal/auth/service/service.go:277.16,279.3 1 0
github.com/corvusHold/guard/internal/auth/service/service.go:280.2,287.16 3 8
github.com/corvusHold/guard/internal/auth/service/service.go:287.16,289.3 1 0
github.com/corvusHold/guard/internal/auth/service/service.go:290.2,297.16 3 8
github.com/corvusHold/guard/internal/auth/service/service.go:297.16,299.3 1 0
github.com/corvusHold/guard/internal/auth/service/service.go:301.2,302.29 2 8
github.com/corvusHold/guard/internal/auth/service/service.go:302.29,304.3 1 5
github.com/corvusHold/guard/internal/auth/service/service.go:305.2,312.16 3 8
github.com/corvusHold/guard/internal/auth/service/service.go:312.16,314.3 1 0
github.com/corvusHold/guard/internal/auth/service/service.go:315.2,323.78 3 8
github.com/corvusHold/guard/internal/auth/service/service.go:323.78,325.24 2 22
github.com/corvusHold/guard/internal/auth/service/service.go:325.24,327.4 1 6
github.com/corvusHold/guard/internal/auth/service/service.go:328.3,329.28 2 22
github.com/corvusHold/guard/internal/auth/service/service.go:329.28,331.4 1 5
github.com/corvusHold/guard/internal/auth/service/service.go:332.3,333.23 2 17
github.com/corvusHold/guard/internal/auth/service/service.go:336.2,338.31 2 8
github.com/corvusHold/guard/internal/auth/service/service.go:338.31,339.29 1 11
github.com/corvusHold/guard/internal/auth/service/service.go:339.29,341.4 1 5
github.com/corvusHold/guard/internal/auth/service/service.go:341.9,343.4 1 6
github.com/corvusHold/guard/internal/auth/service/service.go:345.2,345.29 1 8
github.com/corvusHold/guard/internal/auth/service/service.go:345.29,347.3 1 6
github.com/corvusHold/guard/internal/auth/service/service.go:348.2,348.30 1 8
github.com/corvusHold/guard/internal/auth/service/service.go:348.30,350.3 1 5
github.com/corvusHold/guard/internal/auth/service/service.go:352.2,357.56 2 8
github.com/corvusHold/guard/internal/auth/service/service.go:361.148,363.21 2 7
github.com/corvusHold/guard/internal/auth/service/service.go:363.21,365.3 1 4
github.com/corvusHold/guard/internal/auth/service/service.go:366.2,374.16 3 7
github.com/corvusHold/guard/internal/auth/service/service.go:374.16,376.3 1 0
github.com/corvusHold/guard/internal/auth/service/service.go:377.2,377.30 1 7
github.com/corvusHold/guard/internal/auth/service/service.go:377.30,378.19 1 10
github.com/corvusHold/guard/internal/auth/service/service.go:378.19,379.12 1 3
github.com/corvusHold/guard/internal/auth/service/service.go:381.3,381.26 1 7
github.com/corvusHold/guard/internal/auth/service/service.go:381.26,383.4 1 2
github.com/corvusHold/guard/internal/auth/service/service.go:384.3,384.22 1 5
github.com/corvusHold/guard/internal/auth/service/service.go:384.22,386.55 1 1
github.com/corvusHold/guard/internal/auth/service/service.go:386.55,388.5 1 1
github.com/corvusHold/guard/internal/auth/service/service.go:389.4,389.12 1 0
github.com/corvusHold/guard/internal/auth/service/service.go:391.3,391.33 1 4
github.com/corvusHold/guard/internal/auth/service/service.go:391.33,392.12 1 2
github.com/corvusHold/guard/internal/auth/service/service.go:394.3,394.75 1 2
github.com/corvusHold/guard/internal/auth/service/service.go:394.75,396.4 1 2
github.com/corvusHold/guard/internal/auth/service/service.go:398.2,405.19 2 2
github.com/corvusHold/guard/internal/auth/service/service.go:411.99,413.2 1 1
github.com/corvusHold/guard/internal/auth/service/service.go:416.108,420.2 3 1
github.com/corvusHold/guard/internal/auth/service/service.go:424.91,425.66 1 2
github.com/corvusHold/guard/internal/auth/service/service.go:425.66,427.3 1 0
github.com/corvusHold/guard/internal/auth/service/service.go:428.2,428.13 1 2
github.com/corvusHold/guard/internal/auth/service/service.go:428.13,429.70 1 1
github.com/corvusHold/guard/internal/auth/service/service.go:429.70,431.4 1 1
github.com/corvusHold/guard/internal/auth/service/service.go:433.2,433.12 1 2
github.com/corvusHold/guard/internal/auth/service/service.go:437.78,439.2 1 1
github.com/corvusHold/guard/internal/auth/service/service.go:442.100,444.2 1 1
github.com/corvusHold/guard/internal/auth/service/service.go:447.126,449.2 1 1
github.com/corvusHold/guard/internal/auth/service/service.go:452.119,455.16 2 4
github.com/corvusHold/guard/internal/auth/service/service.go:455.16,457.3 1 1
github.com/corvusHold/guard/internal/auth/service/service.go:458.2,459.30 2 3
github.com/corvusHold/guard/internal/auth/service/service.go:459.30,460.25 1 3
github.com/corvusHold/guard/internal/auth/service/service.go:460.25,462.9 2 2
github.com/corvusHold/guard/internal/auth/service/service.go:465.2,465.9 1 3
github.com/corvusHold/guard/internal/auth/service/service.go:465.9,467.3 1 1
github.com/corvusHold/guard/internal/auth/service/service.go:468.2,468.48 1 2
github.com/corvusHold/guard/internal/auth/service/service.go:473.102,475.2 1 3
github.com/corvusHold/guard/internal/auth/service/service.go:478.114,479.15 1 11
github.com/corvusHold/guard/internal/auth/service/service.go:479.15,480.17 1 11
github.com/corvusHold/guard/internal/auth/service/service.go:480.17,483.4 2 1
github.com/corvusHold/guard/internal/auth/service/service.go:483.9,486.4 2 10
github.com/corvusHold/guard/internal/auth/service/service.go:488.2,488.65 1 11
github.com/corvusHold/guard/internal/auth/service/service.go:488.65,490.3 1 1
github.com/corvusHold/guard/internal/auth/service/service.go:492.2,492.108 1 10
github.com/corvusHold/guard/internal/auth/service/service.go:492.108,494.3 1 9
github.com/corvusHold/guard/internal/auth/service/service.go:495.2,495.16 1 10
github.com/corvusHold/guard/internal/auth/service/service.go:495.16,497.3 1 1
github.com/corvusHold/guard/internal/auth/service/service.go:498.2,499.9 2 9
github.com/corvusHold/guard/internal/auth/service/service.go:499.9,501.3 1 0
github.com/corvusHold/guard/internal/auth/service/service.go:502.2,505.16 4 9
github.com/corvusHold/guard/internal/auth/service/service.go:505.16,507.3 1 1
github.com/corvusHold/guard/internal/auth/service/service.go:508.2,509.16 2 8
github.com/corvusHold/guard/internal/auth/service/service.go:509.16,511.3 1 1
github.com/corvusHold/guard/internal/auth/service/service.go:513.2,513.86 1 7
github.com/corvusHold/guard/internal/auth/service/service.go:513.86,514.55 1 7
github.com/corvusHold/guard/internal/auth/service/service.go:514.55,516.4 1 0
github.com/corvusHold/guard/internal/auth/service/service.go:517.3,517.50 1 7
github.com/corvusHold/guard/internal/auth/service/service.go:517.50,519.4 1 1
github.com/corvusHold/guard/internal/auth/service/service.go:520.3,520.43 1 6
github.com/corvusHold/guard/internal/auth/service/service.go:522.2,522.33 1 7
github.com/corvusHold/guard/internal/auth/service/service.go:522.33,524.3 1 1
github.com/corvusHold/guard/internal/auth/service/service.go:526.2,526.19 1 6
github.com/corvusHold/guard/internal/auth/service/service.go:527.14,529.32 2 3
github.com/corvusHold/guard/internal/auth/service/service.go:529.32,531.4 1 1
github.com/corvusHold/guard/internal/auth/service/service.go:532.3,532.41 1 2
github.com/corvusHold/guard/internal/auth/service/service.go:532.41,534.4 1 1
github.com/corvusHold/guard/internal/auth/service/service.go:535.21,537.17 2 2
github.com/corvusHold/guard/internal/auth/service/service.go:537.17,539.4 1 1
github.com/corvusHold/guard/internal/auth/service/service.go:540.3,540.10 1 1
github.com/corvusHold/guard/internal/auth/service/service.go:540.10,542.4 1 1
github.com/corvusHold/guard/internal/auth/service/service.go:543.10,544.65 1 1
github.com/corvusHold/guard/internal/auth/service/service.go:547.2,548.16 2 1
github.com/corvusHold/guard/internal/auth/service/service.go:548.16,550.3 1 0
github.com/corvusHold/guard/internal/auth/service/service.go:551.2,559.18 3 1
github.com/corvusHold/guard/internal/auth/service/service.go:562.88,564.61 2 1
github.com/corvusHold/guard/internal/auth/service/service.go:564.61,566.3 1 1
github.com/corvusHold/guard/internal/auth/service/service.go:567.2,567.10 1 1
github.com/corvusHold/guard/internal/auth/service/service.go:571.54,571.67 1 1
github.com/corvusHold/guard/internal/auth/service/service.go:574.47,574.60 1 1
github.com/corvusHold/guard/internal/auth/service/service.go:577.57,577.83 1 1
github.com/corvusHold/guard/internal/auth/service/service.go:580.51,580.68 1 6
github.com/corvusHold/guard/internal/auth/service/service.go:583.46,583.65 1 2
github.com/corvusHold/guard/internal/auth/service/service.go:587.81,590.2 2 6
github.com/corvusHold/guard/internal/auth/service/service.go:592.99,595.41 2 6
github.com/corvusHold/guard/internal/auth/service/service.go:595.41,597.3 1 1
github.com/corvusHold/guard/internal/auth/service/service.go:599.2,600.78 2 5
github.com/corvusHold/guard/internal/auth/service/service.go:600.78,602.3 1 1
github.com/corvusHold/guard/internal/auth/service/service.go:603.2,606.94 3 4
github.com/corvusHold/guard/internal/auth/service/service.go:606.94,608.3 1 1
github.com/corvusHold/guard/internal/auth/service/service.go:609.2,610.16 2 3
github.com/corvusHold/guard/internal/auth/service/service.go:610.16,612.3 1 0
github.com/corvusHold/guard/internal/auth/service/service.go:613.2,613.108 1 3
github.com/corvusHold/guard/internal/auth/service/service.go:613.108,615.3 1 1
github.com/corvusHold/guard/internal/auth/service/service.go:616.2,616.73 1 2
github.com/corvusHold/guard/internal/auth/service/service.go:616.73,618.3 1 1
github.com/corvusHold/guard/internal/auth/service/service.go:619.2,619.78 1 1
github.com/corvusHold/guard/internal/auth/service/service.go:622.97,625.41 2 9
github.com/corvusHold/guard/internal/auth/service/service.go:625.41,627.3 1 1
github.com/corvusHold/guard/internal/auth/service/service.go:628.2,629.16 2 8
github.com/corvusHold/guard/internal/auth/service/service.go:629.16,632.3 2 1
github.com/corvusHold/guard/internal/auth/service/service.go:635.2,636.16 2 7
github.com/corvusHold/guard/internal/auth/service/service.go:636.16,639.3 2 1
github.com/corvusHold/guard/internal/auth/service/service.go:640.2,640.17 1 6
github.com/corvusHold/guard/internal/auth/service/service.go:640.17,643.3 2 1
github.com/corvusHold/guard/internal/auth/service/service.go:646.2,647.59 2 5
github.com/corvusHold/guard/internal/auth/service/service.go:647.59,650.3 2 1
github.com/corvusHold/guard/internal/auth/service/service.go:652.2,652.100 1 4
github.com/corvusHold/guard/internal/auth/service/service.go:652.100,658.30 5 1
github.com/corvusHold/guard/internal/auth/service/service.go:658.30,660.4 1 1
github.com/corvusHold/guard/internal/auth/service/service.go:661.3,661.66 1 1
github.com/corvusHold/guard/internal/auth/service/service.go:665.2,667.78 2 3
github.com/corvusHold/guard/internal/auth/service/service.go:667.78,679.50 3 2
github.com/corvusHold/guard/internal/auth/service/service.go:679.50,681.4 1 1
github.com/corvusHold/guard/internal/auth/service/service.go:682.3,685.17 4 1
github.com/corvusHold/guard/internal/auth/service/service.go:685.17,687.4 1 0
github.com/corvusHold/guard/internal/auth/service/service.go:688.3,688.116 1 1
github.com/corvusHold/guard/internal/auth/service/service.go:690.2,690.65 1 1
github.com/corvusHold/guard/internal/auth/service/service.go:690.65,692.3 1 0
github.com/corvusHold/guard/internal/auth/service/service.go:693.2,694.16 2 1
github.com/corvusHold/guard/internal/auth/service/service.go:694.16,696.3 1 0
github.com/corvusHold/guard/internal/auth/service/service.go:698.2,706.18 3 1
github.com/corvusHold/guard/internal/auth/service/service.go:709.101,710.27 1 9
github.com/corvusHold/guard/internal/auth/service/service.go:710.27,712.3 1 1
github.com/corvusHold/guard/internal/auth/service/service.go:713.2,716.16 4 8
github.com/corvusHold/guard/internal/auth/service/service.go:716.16,718.3 1 1
github.com/corvusHold/guard/internal/auth/service/service.go:719.2,719.16 1 7
github.com/corvusHold/guard/internal/auth/service/service.go:719.16,722.30 1 2
github.com/corvusHold/guard/internal/auth/service/service.go:722.30,724.4 1 1
github.com/corvusHold/guard/internal/auth/service/service.go:724.9,727.4 1 1
github.com/corvusHold/guard/internal/auth/service/service.go:728.3,735.75 2 2
github.com/corvusHold/guard/internal/auth/service/service.go:737.2,737.36 1 5
github.com/corvusHold/guard/internal/auth/service/service.go:737.36,739.3 1 1
github.com/corvusHold/guard/internal/auth/service/service.go:741.2,742.21 2 4
github.com/corvusHold/guard/internal/auth/service/service.go:742.21,744.27 2 1
github.com/corvusHold/guard/internal/auth/service/service.go:744.27,746.4 1 0
github.com/corvusHold/guard/internal/auth/service/service.go:747.3,747.45 1 1
github.com/corvusHold/guard/internal/auth/service/service.go:747.45,750.4 2 1
github.com/corvusHold/guard/internal/auth/service/service.go:753.2,755.60 2 3
github.com/corvusHold/guard/internal/auth/service/service.go:755.60,757.3 1 1
github.com/corvusHold/guard/internal/auth/service/service.go:759.2,760.25 2 2
github.com/corvusHold/guard/internal/auth/service/service.go:760.25,762.3 1 0
github.com/corvusHold/guard/internal/auth/service/service.go:764.2,765.26 2 2
github.com/corvusHold/guard/internal/auth/service/service.go:765.26,767.3 1 2
github.com/corvusHold/guard/internal/auth/service/service.go:769.2,770.16 2 2
github.com/corvusHold/guard/internal/auth/service/service.go:770.16,772.3 1 1
github.com/corvusHold/guard/internal/auth/service/service.go:773.2,773.20 1 1
github.com/corvusHold/guard/internal/auth/service/service.go:773.20,775.3 1 1
github.com/corvusHold/guard/internal/auth/service/service.go:777.2,778.16 2 0
github.com/corvusHold/guard/internal/auth/service/service.go:778.16,780.3 1 0
github.com/corvusHold/guard/internal/auth/service/service.go:782.2,789.18 2 0
github.com/corvusHold/guard/internal/auth/service/service.go:792.74,793.24 1 5
github.com/corvusHold/guard/internal/auth/service/service.go:793.24,795.3 1 1
github.com/corvusHold/guard/internal/auth/service/service.go:796.2,799.16 4 4
github.com/corvusHold/guard/internal/auth/service/service.go:799.16,801.3 1 1
github.com/corvusHold/guard/internal/auth/service/service.go:802.2,802.16 1 3
github.com/corvusHold/guard/internal/auth/service/service.go:802.16,804.3 1 1
github.com/corvusHold/guard/internal/auth/service/service.go:805.2,805.44 1 2
github.com/corvusHold/guard/internal/auth/service/service.go:810.112,812.65 1 1
github.com/corvusHold/guard/internal/auth/service/service.go:812.65,814.3 1 1
github.com/corvusHold/guard/internal/auth/service/service.go:816.2,816.102 1 0
github.com/corvusHold/guard/internal/auth/service/service.go:819.195,822.2 1 5
github.com/corvusHold/guard/internal/auth/service/service.go:824.225,834.22 7 5
github.com/corvusHold/guard/internal/auth/service/service.go:834.22,836.3 1 4
github.com/corvusHold/guard/internal/auth/service/service.go:839.2,840.73 2 5
github.com/corvusHold/guard/internal/auth/service/service.go:840.73,841.26 1 5
github.com/corvusHold/guard/internal/auth/service/service.go:841.26,842.31 1 1
github.com/corvusHold/guard/internal/auth/service/service.go:842.31,844.10 2 1
github.com/corvusHold/guard/internal/auth/service/service.go:848.2,849.16 2 5
github.com/corvusHold/guard/internal/auth/service/service.go:849.16,851.3 1 0
github.com/corvusHold/guard/internal/auth/service/service.go:852.2,852.17 1 5
github.com/corvusHold/guard/internal/auth/service/service.go:852.17,854.3 1 0
github.com/corvusHold/guard/internal/auth/service/service.go:855.2,870.49 3 5
github.com/corvusHold/guard/internal/auth/service/service.go:870.49,872.3 1 0
github.com/corvusHold/guard/internal/auth/service/service.go:873.2,876.16 4 5
github.com/corvusHold/guard/internal/auth/service/service.go:876.16,878.3 1 0
github.com/corvusHold/guard/internal/auth/service/service.go:880.2,881.42 2 5
github.com/corvusHold/guard/internal/auth/service/service.go:881.42,883.3 1 0
github.com/corvusHold/guard/internal/auth/service/service.go:884.2,890.19 6 5
github.com/corvusHold/guard/internal/auth/service/service.go:890.19,892.3 1 0
github.com/corvusHold/guard/internal/auth/service/service.go:893.2,899.26 3 5
github.com/corvusHold/guard/internal/auth/service/service.go:899.26,901.3 1 5
github.com/corvusHold/guard/internal/auth/service/service.go:902.2,902.182 1 5
github.com/corvusHold/guard/internal/auth/service/service.go:902.182,904.3 1 0
github.com/corvusHold/guard/internal/auth/service/service.go:905.2,905.72 1 5
github.com/corvusHold/guard/internal/auth/service/service.go:909.99,911.16 2 4
github.com/corvusHold/guard/internal/auth/service/service.go:911.16,913.3 1 1
github.com/corvusHold/guard/internal/auth/service/service.go:914.2,915.16 2 3
github.com/corvusHold/guard/internal/auth/service/service.go:915.16,917.3 1 1
github.com/corvusHold/guard/internal/auth/service/service.go:918.2,919.25 2 2
github.com/corvusHold/guard/internal/auth/service/service.go:919.25,920.30 1 2
github.com/corvusHold/guard/internal/auth/service/service.go:920.30,922.9 2 2
github.com/corvusHold/guard/internal/auth/service/service.go:926.2,927.61 2 2
github.com/corvusHold/guard/internal/auth/service/service.go:927.61,929.3 1 2
github.com/corvusHold/guard/internal/auth/service/service.go:931.2,932.16 2 2
github.com/corvusHold/guard/internal/auth/service/service.go:932.16,934.3 1 1
github.com/corvusHold/guard/internal/auth/service/service.go:936.2,936.45 1 1
github.com/corvusHold/guard/internal/auth/service/service.go:936.45,938.3 1 1
github.com/corvusHold/guard/internal/auth/service/service.go:939.2,939.22 1 1
github.com/corvusHold/guard/internal/auth/service/service.go:939.22,941.3 1 0
github.com/corvusHold/guard/internal/auth/service/service.go:942.2,953.18 2 1
github.com/corvusHold/guard/internal/auth/service/service.go:957.95,958.17 1 6
github.com/corvusHold/guard/internal/auth/service/service.go:958.17,960.3 1 1
github.com/corvusHold/guard/internal/auth/service/service.go:964.2,964.96 1 5
github.com/corvusHold/guard/internal/auth/service/service.go:964.96,966.3 1 4
github.com/corvusHold/guard/internal/auth/service/service.go:967.2,967.16 1 5
github.com/corvusHold/guard/internal/auth/service/service.go:967.16,969.3 1 1
github.com/corvusHold/guard/internal/auth/service/service.go:970.2,971.9 2 4
github.com/corvusHold/guard/internal/auth/service/service.go:971.9,973.3 1 0
github.com/corvusHold/guard/internal/auth/service/service.go:976.2,978.16 3 4
github.com/corvusHold/guard/internal/auth/service/service.go:978.16,980.3 1 1
github.com/corvusHold/guard/internal/auth/service/service.go:983.2,985.49 3 3
github.com/corvusHold/guard/internal/auth/service/service.go:985.49,987.3 1 2
github.com/corvusHold/guard/internal/auth/service/service.go:991.2,991.74 1 1
github.com/corvusHold/guard/internal/auth/service/service.go:991.74,992.55 1 1
github.com/corvusHold/guard/internal/auth/service/service.go:992.55,994.4 1 0
github.com/corvusHold/guard/internal/auth/service/service.go:995.3,995.43 1 1
github.com/corvusHold/guard/internal/auth/service/service.go:997.2,997.33 1 1
github.com/corvusHold/guard/internal/auth/service/service.go:997.33,999.3 1 0
github.com/corvusHold/guard/internal/auth/service/service.go:1002.2,1003.9 2 1
github.com/corvusHold/guard/internal/auth/service/service.go:1003.9,1005.3 1 0
github.com/corvusHold/guard/internal/auth/service/service.go:1007.2,1011.35 5 1
github.com/corvusHold/guard/internal/auth/service/service.go:1012.15,1013.20 1 1
github.com/corvusHold/guard/internal/auth/service/service.go:1014.13,1015.13 1 0
github.com/corvusHold/guard/internal/auth/service/service.go:1017.2,1018.35 2 1
github.com/corvusHold/guard/internal/auth/service/service.go:1019.15,1020.20 1 1
github.com/corvusHold/guard/internal/auth/service/service.go:1021.13,1022.13 1 0
github.com/corvusHold/guard/internal/auth/service/service.go:1025.2,1026.16 2 1
github.com/corvusHold/guard/internal/auth/service/service.go:1026.16,1028.3 1 0
github.com/corvusHold/guard/internal/auth/service/service.go:1031.2,1031.38 1 1
github.com/corvusHold/guard/internal/auth/service/service.go:1031.38,1033.3 1 0
github.com/corvusHold/guard/internal/auth/service/service.go:1034.2,1034.40 1 1
github.com/corvusHold/guard/internal/auth/service/service.go:1034.40,1036.3 1 0
github.com/corvusHold/guard/internal/auth/service/service.go:1039.2,1039.47 1 1
github.com/corvusHold/guard/internal/auth/service/service.go:1039.47,1041.3 1 0
github.com/corvusHold/guard/internal/auth/service/service.go:1044.2,1045.16 2 1
github.com/corvusHold/guard/internal/auth/service/service.go:1045.16,1047.3 1 0
github.com/corvusHold/guard/internal/auth/service/service.go:1048.2,1048.17 1 1
github.com/corvusHold/guard/internal/auth/service/service.go:1048.17,1050.3 1 0
github.com/corvusHold/guard/internal/auth/service/service.go:1051.2,1052.16 2 1
github.com/corvusHold/guard/internal/auth/service/service.go:1052.16,1054.3 1 0
github.com/corvusHold/guard/internal/auth/service/service.go:1055.2,1056.25 2 1
github.com/corvusHold/guard/internal/auth/service/service.go:1056.25,1057.25 1 0
github.com/corvusHold/guard/internal/auth/service/service.go:1057.25,1059.9 2 0
github.com/corvusHold/guard/internal/auth/service/service.go:1064.2,1065.16 2 1
github.com/corvusHold/guard/internal/auth/service/service.go:1065.16,1067.3 1 0
github.com/corvusHold/guard/internal/auth/service/service.go:1068.2,1068.45 1 1
github.com/corvusHold/guard/internal/auth/service/service.go:1068.45,1071.3 1 0
github.com/corvusHold/guard/internal/auth/service/service.go:1072.2,1072.22 1 1
github.com/corvusHold/guard/internal/auth/service/service.go:1072.22,1074.3 1 1
github.com/corvusHold/guard/internal/auth/service/service.go:1076.2,1086.8 1 1
github.com/corvusHold/guard/internal/auth/service/service.go:1090.85,1091.19 1 1
github.com/corvusHold/guard/internal/auth/service/service.go:1092.40,1093.30 1 0
github.com/corvusHold/guard/internal/auth/service/service.go:1094.10,1095.46 1 1
github.com/corvusHold/guard/internal/auth/service/service.go:1100.96,1104.26 3 1
github.com/corvusHold/guard/internal/auth/service/service.go:1104.26,1106.14 2 7
github.com/corvusHold/guard/internal/auth/service/service.go:1106.14,1107.12 1 1
github.com/corvusHold/guard/internal/auth/service/service.go:1109.3,1109.27 1 6
github.com/corvusHold/guard/internal/auth/service/service.go:1109.27,1110.12 1 3
github.com/corvusHold/guard/internal/auth/service/service.go:1112.3,1113.23 2 3
github.com/corvusHold/guard/internal/auth/service/service.go:1115.2,1115.49 1 1
github.com/corvusHold/guard/internal/auth/service/service.go:1121.122,1126.16 4 2
github.com/corvusHold/guard/internal/auth/service/service.go:1126.16,1127.26 1 2
github.com/corvusHold/guard/internal/auth/service/service.go:1127.26,1128.49 1 2
github.com/corvusHold/guard/internal/auth/service/service.go:1128.49,1130.10 2 2
github.com/corvusHold/guard/internal/auth/service/service.go:1134.2,1135.16 2 2
github.com/corvusHold/guard/internal/auth/service/service.go:1135.16,1137.3 1 0
github.com/corvusHold/guard/internal/auth/service/service.go:1138.2,1139.75 2 2
github.com/corvusHold/guard/internal/auth/service/service.go:1139.75,1141.3 1 1
github.com/corvusHold/guard/internal/auth/service/service.go:1142.2,1142.31 1 1
github.com/corvusHold/guard/internal/auth/service/service.go:1146.90,1148.16 2 3
github.com/corvusHold/guard/internal/auth/service/service.go:1148.16,1150.3 1 1
github.com/corvusHold/guard/internal/auth/service/service.go:1151.2,1152.9 2 2
github.com/corvusHold/guard/internal/auth/service/service.go:1152.9,1154.3 1 1
github.com/corvusHold/guard/internal/auth/service/service.go:1155.2,1155.61 1 1
github.com/corvusHold/guard/internal/auth/service/service.go:1159.76,1161.16 2 1
github.com/corvusHold/guard/internal/auth/service/service.go:1161.16,1163.3 1 0
github.com/corvusHold/guard/internal/auth/service/service.go:1164.2,1164.62 1 1
github.com/corvusHold/guard/internal/auth/service/service.go:1168.107,1169.16 1 3
github.com/corvusHold/guard/internal/auth/service/service.go:1169.16,1171.3 1 1
github.com/corvusHold/guard/internal/auth/service/service.go:1172.2,1173.29 2 2
github.com/corvusHold/guard/internal/auth/service/service.go:1173.29,1175.17 2 3
github.com/corvusHold/guard/internal/auth/service/service.go:1175.17,1177.4 1 0
github.com/corvusHold/guard/internal/auth/service/service.go:1178.3,1179.83 2 3
github.com/corvusHold/guard/internal/auth/service/service.go:1179.83,1181.4 1 1
github.com/corvusHold/guard/internal/auth/service/service.go:1182.3,1182.26 1 2
github.com/corvusHold/guard/internal/auth/service/service.go:1184.2,1184.17 1 1
github.com/corvusHold/guard/internal/auth/service/service.go:1188.103,1189.16 1 4
github.com/corvusHold/guard/internal/auth/service/service.go:1189.16,1191.3 1 1
github.com/corvusHold/guard/internal/auth/service/service.go:1192.2,1193.55 2 3
github.com/corvusHold/guard/internal/auth/service/service.go:1197.99,1199.2 1 1
github.com/corvusHold/guard/internal/auth/service/service.go:1202.33,1205.2 2 8
github.com/corvusHold/guard/internal/auth/service/service.go:1207.48,1210.40 2 4
github.com/corvusHold/guard/internal/auth/service/service.go:1210.40,1212.3 1 0
github.com/corvusHold/guard/internal/auth/service/service.go:1213.2,1214.35 2 4
github.com/corvusHold/guard/internal/auth/service/service.go:1224.104,1226.17 2 7
github.com/corvusHold/guard/internal/auth/service/service.go:1226.17,1228.3 1 1
github.com/corvusHold/guard/internal/auth/service/service.go:1230.2,1233.24 3 6
github.com/corvusHold/guard/internal/auth/service/service.go:1233.24,1236.17 2 3
github.com/corvusHold/guard/internal/auth/service/service.go:1236.17,1239.4 1 1
github.com/corvusHold/guard/internal/auth/service/service.go:1240.3,1241.26 2 2
github.com/corvusHold/guard/internal/auth/service/service.go:1242.8,1245.41 2 3
github.com/corvusHold/guard/internal/auth/service/service.go:1245.41,1248.4 1 2
github.com/corvusHold/guard/internal/auth/service/service.go:1250.3,1250.27 1 1
github.com/corvusHold/guard/internal/auth/service/service.go:1250.27,1253.4 2 0
github.com/corvusHold/guard/internal/auth/service/service.go:1253.9,1256.37 1 1
github.com/corvusHold/guard/internal/auth/service/service.go:1256.37,1259.45 3 2
github.com/corvusHold/guard/internal/auth/service/service.go:1259.45,1261.6 1 0
github.com/corvusHold/guard/internal/auth/service/service.go:1262.5,1267.127 5 2
github.com/corvusHold/guard/internal/auth/service/service.go:1267.127,1269.14 2 0
github.com/corvusHold/guard/internal/auth/service/service.go:1272.5,1275.71 3 2
github.com/corvusHold/guard/internal/auth/service/service.go:1275.71,1278.90 3 0
github.com/corvusHold/guard/internal/auth/service/service.go:1278.90,1280.7 1 0
github.com/corvusHold/guard/internal/auth/service/service.go:1283.5,1293.7 1 2
github.com/corvusHold/guard/internal/auth/service/service.go:1295.4,1299.14 2 1
github.com/corvusHold/guard/internal/auth/service/service.go:1304.2,1308.42 3 2
github.com/corvusHold/guard/internal/auth/service/service.go:1308.42,1310.3 1 0
github.com/corvusHold/guard/internal/auth/service/service.go:1311.2,1316.117 5 2
github.com/corvusHold/guard/internal/auth/service/service.go:1316.117,1318.3 1 1
github.com/corvusHold/guard/internal/auth/service/service.go:1321.2,1325.62 3 1
github.com/corvusHold/guard/internal/auth/service/service.go:1325.62,1328.81 3 0
github.com/corvusHold/guard/internal/auth/service/service.go:1328.81,1330.4 1 0
github.com/corvusHold/guard/internal/auth/service/service.go:1334.2,1351.12 3 1
github.com/corvusHold/guard/internal/auth/service/service.go:1355.104,1356.20 1 9
github.com/corvusHold/guard/internal/auth/service/service.go:1356.20,1358.3 1 1
github.com/corvusHold/guard/internal/auth/service/service.go:1361.2,1365.16 4 8
github.com/corvusHold/guard/internal/auth/service/service.go:1365.16,1367.3 1 1
github.com/corvusHold/guard/internal/auth/service/service.go:1370.2,1370.62 1 7
github.com/corvusHold/guard/internal/auth/service/service.go:1370.62,1372.3 1 2
github.com/corvusHold/guard/internal/auth/service/service.go:1375.2,1375.56 1 5
github.com/corvusHold/guard/internal/auth/service/service.go:1375.56,1377.3 1 1
github.com/corvusHold/guard/internal/auth/service/service.go:1380.2,1381.81 2 4
github.com/corvusHold/guard/internal/auth/service/service.go:1381.81,1383.3 1 0
github.com/corvusHold/guard/internal/auth/service/service.go:1386.2,1387.16 2 4
github.com/corvusHold/guard/internal/auth/service/service.go:1387.16,1389.3 1 0
github.com/corvusHold/guard/internal/auth/service/service.go:1393.2,1394.16 2 4
github.com/corvusHold/guard/internal/auth/service/service.go:1394.16,1396.3 1 1
github.com/corvusHold/guard/internal/auth/service/service.go:1397.2,1397.23 1 3
github.com/corvusHold/guard/internal/auth/service/service.go:1397.23,1399.3 1 1
github.com/corvusHold/guard/internal/auth/service/service.go:1402.2,1403.16 2 2
github.com/corvusHold/guard/internal/auth/service/service.go:1403.16,1405.3 1 1
github.com/corvusHold/guard/internal/auth/service/service.go:1406.2,1406.23 1 1
github.com/corvusHold/guard/internal/auth/service/service.go:1406.23,1410.3 1 1
github.com/corvusHold/guard/internal/auth/service/service.go:1413.2,1414.22 2 1
github.com/corvusHold/guard/internal/auth/service/service.go:1414.22,1420.3 1 1
github.com/corvusHold/guard/internal/auth/service/service.go:1420.8,1420.29 1 0
github.com/corvusHold/guard/internal/auth/service/service.go:1420.29,1426.3 1 0
github.com/corvusHold/guard/internal/auth/service/service.go:1429.2,1437.12 2 1
github.com/corvusHold/guard/internal/auth/service/service.go:1441.92,1444.81 2 7
github.com/corvusHold/guard/internal/auth/service/service.go:1444.81,1446.3 1 1
github.com/corvusHold/guard/internal/auth/service/service.go:1449.2,1450.16 2 6
github.com/corvusHold/guard/internal/auth/service/service.go:1450.16,1452.3 1 1
github.com/corvusHold/guard/internal/auth/service/service.go:1455.2,1456.38 2 5
github.com/corvusHold/guard/internal/auth/service/service.go:1456.38,1457.39 1 5
github.com/corvusHold/guard/internal/auth/service/service.go:1457.39,1459.9 2 4
github.com/corvusHold/guard/internal/auth/service/service.go:1462.2,1462.15 1 5
github.com/corvusHold/guard/internal/auth/service/service.go:1462.15,1464.3 1 1
github.com/corvusHold/guard/internal/auth/service/service.go:1467.2,1467.107 1 4
github.com/corvusHold/guard/internal/auth/service/service.go:1467.107,1469.3 1 1
github.com/corvusHold/guard/internal/auth/service/service.go:1472.2,1473.16 2 3
github.com/corvusHold/guard/internal/auth/service/service.go:1473.16,1475.3 1 0
github.com/corvusHold/guard/internal/auth/service/service.go:1478.2,1479.16 2 3
github.com/corvusHold/guard/internal/auth/service/service.go:1479.16,1481.3 1 1
github.com/corvusHold/guard/internal/auth/service/service.go:1482.2,1482.23 1 2
github.com/corvusHold/guard/internal/auth/service/service.go:1482.23,1484.3 1 1
github.com/corvusHold/guard/internal/auth/service/service.go:1488.2,1489.22 2 1
github.com/corvusHold/guard/internal/auth/service/service.go:1489.22,1495.3 1 1
github.com/corvusHold/guard/internal/auth/service/service.go:1495.8,1495.29 1 0
github.com/corvusHold/guard/internal/auth/service/service.go:1495.29,1501.3 1 0
github.com/corvusHold/guard/internal/auth/service/service.go:1504.2,1512.12 2 1
github.com/corvusHold/guard/internal/auth/service/service.go:1519.110,1523.42 3 2
github.com/corvusHold/guard/internal/auth/service/service.go:1523.42,1525.3 1 0
github.com/corvusHold/guard/internal/auth/service/service.go:1526.2,1531.118 5 2
github.com/corvusHold/guard/internal/auth/service/service.go:1531.118,1533.3 1 1
github.com/corvusHold/guard/internal/auth/service/service.go:1535.2,1538.62 3 1
github.com/corvusHold/guard/internal/auth/service/service.go:1538.62,1541.81 3 0
github.com/corvusHold/guard/internal/auth/service/service.go:1541.81,1543.4 1 0
github.com/corvusHold/guard/internal/auth/service/service.go:1546.2,1558.12 2 1
github.com/corvusHold/guard/internal/auth/service/service.go:1562.75,1563.20 1 6
github.com/corvusHold/guard/internal/auth/service/service.go:1563.20,1565.3 1 1
github.com/corvusHold/guard/internal/auth/service/service.go:1566.2,1570.16 4 5
github.com/corvusHold/guard/internal/auth/service/service.go:1570.16,1572.3 1 1
github.com/corvusHold/guard/internal/auth/service/service.go:1573.2,1573.62 1 4
github.com/corvusHold/guard/internal/auth/service/service.go:1573.62,1575.3 1 1
github.com/corvusHold/guard/internal/auth/service/service.go:1577.2,1577.77 1 3
github.com/corvusHold/guard/internal/auth/service/service.go:1577.77,1579.3 1 1
github.com/corvusHold/guard/internal/auth/service/service.go:1581.2,1581.75 1 2
github.com/corvusHold/guard/internal/auth/service/service.go:1581.75,1583.3 1 1
github.com/corvusHold/guard/internal/auth/service/service.go:1585.2,1593.12 2 1
github.com/corvusHold/guard/internal/auth/service/service.go:1597.106,1601.26 3 3
github.com/corvusHold/guard/internal/auth/service/service.go:1601.26,1603.17 2 2
github.com/corvusHold/guard/internal/auth/service/service.go:1603.17,1605.4 1 1
github.com/corvusHold/guard/internal/auth/service/service.go:1606.3,1606.15 1 1
github.com/corvusHold/guard/internal/auth/service/service.go:1606.15,1608.4 1 1
github.com/corvusHold/guard/internal/auth/service/service.go:1609.3,1609.15 1 1
github.com/corvusHold/guard/internal/auth/service/service.go:1609.15,1611.4 1 1
github.com/corvusHold/guard/internal/auth/service/service.go:1613.2,1613.52 1 2
github.com/corvusHold/guard/internal/auth/service/service.go:1617.102,1620.16 2 2
github.com/corvusHold/guard/internal/auth/service/service.go:1620.16,1622.3 1 1
github.com/corvusHold/guard/internal/auth/service/service.go:1624.2,1624.101 1 1
github.com/corvusHold/guard/internal/auth/service/service.go:1629.83,1637.29 2 2
github.com/corvusHold/guard/internal/auth/service/service.go:1637.29,1638.72 1 3
github.com/corvusHold/guard/internal/auth/service/service.go:1638.72,1639.12 1 2
github.com/corvusHold/guard/internal/auth/service/service.go:1641.3,1641.89 1 1
github.com/corvusHold/guard/internal/auth/service/service.go:1641.89,1643.4 1 1
github.com/corvusHold/guard/internal/auth/service/service.go:1645.2,1645.12 1 1
github.com/corvusHold/guard/internal/auth/service/service.go:1650.108,1652.49 2 3
github.com/corvusHold/guard/internal/auth/service/service.go:1652.49,1654.3 1 1
github.com/corvusHold/guard/internal/auth/service/service.go:1656.2,1656.76 1 2
github.com/corvusHold/guard/internal/auth/service/service.go:1656.76,1657.55 1 1
github.com/corvusHold/guard/internal/auth/service/service.go:1657.55,1659.4 1 0
github.com/corvusHold/guard/internal/auth/service/service.go:1660.3,1660.43 1 1
github.com/corvusHold/guard/internal/auth/service/service.go:1662.2,1662.32 1 2
github.com/corvusHold/guard/internal/auth/service/service.go:1662.32,1664.3 1 1
github.com/corvusHold/guard/internal/auth/service/service.go:1665.2,1666.9 2 1
github.com/corvusHold/guard/internal/auth/service/service.go:1666.9,1668.3 1 0
github.com/corvusHold/guard/internal/auth/service/service.go:1669.2,1678.29 8 1
github.com/corvusHold/guard/internal/auth/service/service.go:1678.29,1679.31 1 2
github.com/corvusHold/guard/internal/auth/service/service.go:1679.31,1681.4 1 2
github.com/corvusHold/guard/internal/auth/service/service.go:1684.2,1689.8 1 1
github.com/corvusHold/guard/internal/auth/service/sso.go:42.87,45.61 3 6
github.com/corvusHold/guard/internal/auth/service/sso.go:45.61,47.3 1 6
github.com/corvusHold/guard/internal/auth/service/sso.go:48.2,48.10 1 6
github.com/corvusHold/guard/internal/auth/service/sso.go:52.50,52.63 1 1
github.com/corvusHold/guard/internal/auth/service/sso.go:55.43,55.56 1 1
github.com/corvusHold/guard/internal/auth/service/sso.go:58.61,58.79 1 1
github.com/corvusHold/guard/internal/auth/service/sso.go:61.47,61.64 1 1
github.com/corvusHold/guard/internal/auth/service/sso.go:64.83,65.23 1 5
github.com/corvusHold/guard/internal/auth/service/sso.go:65.23,67.3 1 1
github.com/corvusHold/guard/internal/auth/service/sso.go:69.2,70.39 2 4
github.com/corvusHold/guard/internal/auth/service/sso.go:70.39,72.3 1 0
github.com/corvusHold/guard/internal/auth/service/sso.go:74.2,78.26 3 4
github.com/corvusHold/guard/internal/auth/service/sso.go:78.26,80.41 2 2
github.com/corvusHold/guard/internal/auth/service/sso.go:80.41,83.39 2 1
github.com/corvusHold/guard/internal/auth/service/sso.go:83.39,93.5 4 1
github.com/corvusHold/guard/internal/auth/service/sso.go:95.4,96.54 2 0
github.com/corvusHold/guard/internal/auth/service/sso.go:96.54,98.18 2 0
github.com/corvusHold/guard/internal/auth/service/sso.go:98.18,99.14 1 0
github.com/corvusHold/guard/internal/auth/service/sso.go:102.5,103.42 2 0
github.com/corvusHold/guard/internal/auth/service/sso.go:103.42,104.14 1 0
github.com/corvusHold/guard/internal/auth/service/sso.go:107.5,109.56 1 0
github.com/corvusHold/guard/internal/auth/service/sso.go:109.56,111.11 2 0
github.com/corvusHold/guard/internal/auth/service/sso.go:114.4,114.16 1 0
github.com/corvusHold/guard/internal/auth/service/sso.go:114.16,125.5 4 0
github.com/corvusHold/guard/internal/auth/service/sso.go:130.2,138.49 2 3
github.com/corvusHold/guard/internal/auth/service/sso.go:138.49,140.3 1 1
github.com/corvusHold/guard/internal/auth/service/sso.go:141.2,144.16 4 2
github.com/corvusHold/guard/internal/auth/service/sso.go:144.16,146.3 1 0
github.com/corvusHold/guard/internal/auth/service/sso.go:149.2,150.16 2 2
github.com/corvusHold/guard/internal/auth/service/sso.go:150.16,152.3 1 0
github.com/corvusHold/guard/internal/auth/service/sso.go:153.2,156.20 4 2
github.com/corvusHold/guard/internal/auth/service/sso.go:156.20,158.3 1 1
github.com/corvusHold/guard/internal/auth/service/sso.go:159.2,160.24 2 2
github.com/corvusHold/guard/internal/auth/service/sso.go:164.111,165.15 1 3
github.com/corvusHold/guard/internal/auth/service/sso.go:165.15,166.17 1 3
github.com/corvusHold/guard/internal/auth/service/sso.go:166.17,169.4 2 1
github.com/corvusHold/guard/internal/auth/service/sso.go:169.9,172.4 2 2
github.com/corvusHold/guard/internal/auth/service/sso.go:177.2,180.44 4 3
github.com/corvusHold/guard/internal/auth/service/sso.go:180.44,182.106 1 1
github.com/corvusHold/guard/internal/auth/service/sso.go:182.106,184.4 1 1
github.com/corvusHold/guard/internal/auth/service/sso.go:184.49,185.48 1 1
github.com/corvusHold/guard/internal/auth/service/sso.go:185.48,188.85 3 1
github.com/corvusHold/guard/internal/auth/service/sso.go:188.85,189.54 1 1
github.com/corvusHold/guard/internal/auth/service/sso.go:189.54,191.41 2 1
github.com/corvusHold/guard/internal/auth/service/sso.go:191.41,194.54 1 1
github.com/corvusHold/guard/internal/auth/service/sso.go:194.54,195.112 1 1
github.com/corvusHold/guard/internal/auth/service/sso.go:195.112,196.62 1 1
github.com/corvusHold/guard/internal/auth/service/sso.go:196.62,198.11 1 0
github.com/corvusHold/guard/internal/auth/service/sso.go:199.10,199.50 1 1
github.com/corvusHold/guard/internal/auth/service/sso.go:200.24,202.10 1 1
github.com/corvusHold/guard/internal/auth/service/sso.go:210.2,210.41 1 3
github.com/corvusHold/guard/internal/auth/service/sso.go:210.41,211.17 1 2
github.com/corvusHold/guard/internal/auth/service/sso.go:211.17,214.4 2 1
github.com/corvusHold/guard/internal/auth/service/sso.go:215.8,216.99 1 1
github.com/corvusHold/guard/internal/auth/service/sso.go:216.99,217.18 1 1
github.com/corvusHold/guard/internal/auth/service/sso.go:217.18,220.5 2 1
github.com/corvusHold/guard/internal/auth/service/sso.go:224.2,224.69 1 1
github.com/corvusHold/guard/internal/auth/service/sso.go:224.69,225.93 1 0
github.com/corvusHold/guard/internal/auth/service/sso.go:225.93,228.54 2 0
github.com/corvusHold/guard/internal/auth/service/sso.go:228.54,232.48 2 0
github.com/corvusHold/guard/internal/auth/service/sso.go:232.48,233.74 1 0
github.com/corvusHold/guard/internal/auth/service/sso.go:233.74,235.7 1 0
github.com/corvusHold/guard/internal/auth/service/sso.go:237.10,238.65 1 0
github.com/corvusHold/guard/internal/auth/service/sso.go:238.65,240.6 1 0
github.com/corvusHold/guard/internal/auth/service/sso.go:242.4,242.25 1 0
github.com/corvusHold/guard/internal/auth/service/sso.go:242.25,244.42 2 0
github.com/corvusHold/guard/internal/auth/service/sso.go:244.42,246.6 1 0
github.com/corvusHold/guard/internal/auth/service/sso.go:250.2,251.37 2 1
github.com/corvusHold/guard/internal/auth/service/sso.go:251.37,260.3 2 0
github.com/corvusHold/guard/internal/auth/service/sso.go:261.2,265.97 3 1
github.com/corvusHold/guard/internal/auth/service/sso.go:265.97,268.3 1 1
github.com/corvusHold/guard/internal/auth/service/sso.go:269.2,269.18 1 1
github.com/corvusHold/guard/internal/auth/service/sso.go:269.18,278.3 2 0
github.com/corvusHold/guard/internal/auth/service/sso.go:279.2,279.48 1 1
github.com/corvusHold/guard/internal/auth/service/sso.go:279.48,281.3 1 1
github.com/corvusHold/guard/internal/auth/service/sso.go:281.8,289.3 2 0
github.com/corvusHold/guard/internal/auth/service/sso.go:291.2,293.39 3 1
github.com/corvusHold/guard/internal/auth/service/sso.go:293.39,301.3 2 0
github.com/corvusHold/guard/internal/auth/service/sso.go:302.2,303.16 2 1
github.com/corvusHold/guard/internal/auth/service/sso.go:303.16,311.3 2 0
github.com/corvusHold/guard/internal/auth/service/sso.go:314.2,315.49 2 1
github.com/corvusHold/guard/internal/auth/service/sso.go:315.49,317.3 1 0
github.com/corvusHold/guard/internal/auth/service/sso.go:318.2,318.94 1 1
github.com/corvusHold/guard/internal/auth/service/sso.go:318.94,319.55 1 1
github.com/corvusHold/guard/internal/auth/service/sso.go:319.55,321.4 1 0
github.com/corvusHold/guard/internal/auth/service/sso.go:322.3,322.43 1 1
github.com/corvusHold/guard/internal/auth/service/sso.go:324.2,324.16 1 1
github.com/corvusHold/guard/internal/auth/service/sso.go:324.16,332.3 2 0
github.com/corvusHold/guard/internal/auth/service/sso.go:335.2,336.57 2 1
github.com/corvusHold/guard/internal/auth/service/sso.go:336.57,338.3 1 0
github.com/corvusHold/guard/internal/auth/service/sso.go:338.8,340.3 1 1
github.com/corvusHold/guard/internal/auth/service/sso.go:343.2,344.86 2 1
github.com/corvusHold/guard/internal/auth/service/sso.go:344.86,346.3 1 0
github.com/corvusHold/guard/internal/auth/service/sso.go:346.8,348.76 2 1
github.com/corvusHold/guard/internal/auth/service/sso.go:348.76,350.4 1 0
github.com/corvusHold/guard/internal/auth/service/sso.go:351.3,351.97 1 1
github.com/corvusHold/guard/internal/auth/service/sso.go:351.97,353.4 1 0
github.com/corvusHold/guard/internal/auth/service/sso.go:354.3,354.71 1 1
github.com/corvusHold/guard/internal/auth/service/sso.go:354.71,356.4 1 0
github.com/corvusHold/guard/internal/auth/service/sso.go:360.2,367.22 6 1
github.com/corvusHold/guard/internal/auth/service/sso.go:367.22,369.3 1 1
github.com/corvusHold/guard/internal/auth/service/sso.go:370.2,371.59 2 1
github.com/corvusHold/guard/internal/auth/service/sso.go:371.59,373.3 1 1
github.com/corvusHold/guard/internal/auth/service/sso.go:375.2,386.49 2 1
github.com/corvusHold/guard/internal/auth/service/sso.go:386.49,388.3 1 0
github.com/corvusHold/guard/internal/auth/service/sso.go:389.2,392.16 4 1
github.com/corvusHold/guard/internal/auth/service/sso.go:392.16,394.3 1 0
github.com/corvusHold/guard/internal/auth/service/sso.go:396.2,397.42 2 1
github.com/corvusHold/guard/internal/auth/service/sso.go:397.42,399.3 1 0
github.com/corvusHold/guard/internal/auth/service/sso.go:400.2,409.153 6 1
github.com/corvusHold/guard/internal/auth/service/sso.go:409.153,411.3 1 0
github.com/corvusHold/guard/internal/auth/service/sso.go:413.2,420.72 2 1
github.com/corvusHold/guard/internal/auth/service/sso.go:423.156,424.15 1 3
github.com/corvusHold/guard/internal/auth/service/sso.go:424.15,425.17 1 3
github.com/corvusHold/guard/internal/auth/service/sso.go:425.17,428.4 2 0
github.com/corvusHold/guard/internal/auth/service/sso.go:428.9,431.4 2 3
github.com/corvusHold/guard/internal/auth/service/sso.go:433.2,434.83 2 3
github.com/corvusHold/guard/internal/auth/service/sso.go:434.83,437.3 2 1
github.com/corvusHold/guard/internal/auth/service/sso.go:440.2,441.24 2 2
github.com/corvusHold/guard/internal/auth/service/sso.go:441.24,443.3 1 1
github.com/corvusHold/guard/internal/auth/service/sso.go:444.2,444.21 1 1
github.com/corvusHold/guard/internal/auth/service/sso.go:444.21,446.3 1 1
github.com/corvusHold/guard/internal/auth/service/sso.go:447.2,448.19 2 0
github.com/corvusHold/guard/internal/auth/service/sso.go:448.19,450.3 1 0
github.com/corvusHold/guard/internal/auth/service/sso.go:451.2,451.21 1 0
github.com/corvusHold/guard/internal/auth/service/sso.go:451.21,453.3 1 0
github.com/corvusHold/guard/internal/auth/service/sso.go:454.2,454.57 1 0
github.com/corvusHold/guard/internal/auth/service/sso.go:454.57,458.3 2 0
github.com/corvusHold/guard/internal/auth/service/sso.go:460.2,462.21 3 0
github.com/corvusHold/guard/internal/auth/service/sso.go:462.21,464.3 1 0
github.com/corvusHold/guard/internal/auth/service/sso.go:466.2,467.48 2 0
github.com/corvusHold/guard/internal/auth/service/sso.go:467.48,469.3 1 0
github.com/corvusHold/guard/internal/auth/service/sso.go:470.2,476.18 6 0
github.com/corvusHold/guard/internal/auth/service/sso.go:476.18,478.3 1 0
github.com/corvusHold/guard/internal/auth/service/sso.go:479.2,479.158 1 0
github.com/corvusHold/guard/internal/auth/service/sso.go:479.158,481.3 1 0
github.com/corvusHold/guard/internal/auth/service/sso.go:483.2,491.49 8 0
github.com/corvusHold/guard/internal/auth/service/sso_workos.go:30.125,33.54 3 5
github.com/corvusHold/guard/internal/auth/service/sso_workos.go:33.54,35.17 2 9
github.com/corvusHold/guard/internal/auth/service/sso_workos.go:35.17,37.4 1 1
github.com/corvusHold/guard/internal/auth/service/sso_workos.go:38.3,39.17 2 8
github.com/corvusHold/guard/internal/auth/service/sso_workos.go:39.17,41.55 1 3
github.com/corvusHold/guard/internal/auth/service/sso_workos.go:41.55,42.30 1 0
github.com/corvusHold/guard/internal/auth/service/sso_workos.go:42.30,43.35 1 0
github.com/corvusHold/guard/internal/auth/service/sso_workos.go:43.35,45.7 1 0
github.com/corvusHold/guard/internal/auth/service/sso_workos.go:45.12,47.7 1 0
github.com/corvusHold/guard/internal/auth/service/sso_workos.go:48.6,48.14 1 0
github.com/corvusHold/guard/internal/auth/service/sso_workos.go:52.4,52.29 1 3
github.com/corvusHold/guard/internal/auth/service/sso_workos.go:52.29,53.34 1 2
github.com/corvusHold/guard/internal/auth/service/sso_workos.go:53.34,55.6 1 2
github.com/corvusHold/guard/internal/auth/service/sso_workos.go:55.11,57.6 1 0
github.com/corvusHold/guard/internal/auth/service/sso_workos.go:58.5,58.13 1 2
github.com/corvusHold/guard/internal/auth/service/sso_workos.go:60.4,60.19 1 1
github.com/corvusHold/guard/internal/auth/service/sso_workos.go:63.3,63.80 1 5
github.com/corvusHold/guard/internal/auth/service/sso_workos.go:63.80,67.33 3 2
github.com/corvusHold/guard/internal/auth/service/sso_workos.go:67.33,69.5 1 2
github.com/corvusHold/guard/internal/auth/service/sso_workos.go:69.10,71.5 1 0
github.com/corvusHold/guard/internal/auth/service/sso_workos.go:72.4,72.12 1 2
github.com/corvusHold/guard/internal/auth/service/sso_workos.go:74.3,74.19 1 3
github.com/corvusHold/guard/internal/auth/service/sso_workos.go:76.2,76.45 1 0
github.com/corvusHold/guard/internal/auth/service/sso_workos.go:81.89,83.16 2 4
github.com/corvusHold/guard/internal/auth/service/sso_workos.go:83.16,85.3 1 1
github.com/corvusHold/guard/internal/auth/service/sso_workos.go:86.2,86.20 1 3
github.com/corvusHold/guard/internal/auth/service/sso_workos.go:86.20,88.3 1 1
github.com/corvusHold/guard/internal/auth/service/sso_workos.go:90.2,93.55 3 2
github.com/corvusHold/guard/internal/auth/service/sso_workos.go:93.55,94.65 1 2
github.com/corvusHold/guard/internal/auth/service/sso_workos.go:94.65,96.4 1 2
github.com/corvusHold/guard/internal/auth/service/sso_workos.go:98.2,98.23 1 2
github.com/corvusHold/guard/internal/auth/service/sso_workos.go:98.23,100.17 2 0
github.com/corvusHold/guard/internal/auth/service/sso_workos.go:100.17,102.4 1 0
github.com/corvusHold/guard/internal/auth/service/sso_workos.go:103.3,104.28 2 0
github.com/corvusHold/guard/internal/auth/service/sso_workos.go:108.2,109.17 2 2
github.com/corvusHold/guard/internal/auth/service/sso_workos.go:109.17,111.43 2 2
github.com/corvusHold/guard/internal/auth/service/sso_workos.go:111.43,113.4 1 0
github.com/corvusHold/guard/internal/auth/service/sso_workos.go:114.3,114.52 1 2
github.com/corvusHold/guard/internal/auth/service/sso_workos.go:116.2,119.46 3 2
github.com/corvusHold/guard/internal/auth/service/sso_workos.go:119.46,120.89 1 2
github.com/corvusHold/guard/internal/auth/service/sso_workos.go:120.89,122.4 1 1
github.com/corvusHold/guard/internal/auth/service/sso_workos.go:123.8,125.100 1 0
github.com/corvusHold/guard/internal/auth/service/sso_workos.go:125.100,127.4 1 0
github.com/corvusHold/guard/internal/auth/service/sso_workos.go:131.2,132.18 2 1
github.com/corvusHold/guard/internal/auth/service/sso_workos.go:132.18,133.105 1 1
github.com/corvusHold/guard/internal/auth/service/sso_workos.go:133.105,135.4 1 1
github.com/corvusHold/guard/internal/auth/service/sso_workos.go:137.2,138.17 2 1
github.com/corvusHold/guard/internal/auth/service/sso_workos.go:138.17,139.107 1 1
github.com/corvusHold/guard/internal/auth/service/sso_workos.go:139.107,141.4 1 1
github.com/corvusHold/guard/internal/auth/service/sso_workos.go:145.2,156.18 9 1
github.com/corvusHold/guard/internal/auth/service/sso_workos.go:156.18,158.3 1 1
github.com/corvusHold/guard/internal/auth/service/sso_workos.go:159.2,159.17 1 1
github.com/corvusHold/guard/internal/auth/service/sso_workos.go:159.17,161.3 1 1
github.com/corvusHold/guard/internal/auth/service/sso_workos.go:162.2,163.24 2 1
github.com/corvusHold/guard/internal/auth/service/sso_workos.go:168.108,171.41 2 3
github.com/corvusHold/guard/internal/auth/service/sso_workos.go:171.41,180.3 2 1
github.com/corvusHold/guard/internal/auth/service/sso_workos.go:181.2,186.30 5 2
github.com/corvusHold/guard/internal/auth/service/sso_workos.go:186.30,194.3 2 1
github.com/corvusHold/guard/internal/auth/service/sso_workos.go:195.2,205.122 6 1
github.com/corvusHold/guard/internal/auth/service/sso_workos.go:205.122,206.54 1 1
github.com/corvusHold/guard/internal/auth/service/sso_workos.go:206.54,209.4 2 1
github.com/corvusHold/guard/internal/auth/service/sso_workos.go:209.9,211.4 1 0
github.com/corvusHold/guard/internal/auth/service/sso_workos.go:212.8,215.17 2 0
github.com/corvusHold/guard/internal/auth/service/sso_workos.go:215.17,217.4 1 0
github.com/corvusHold/guard/internal/auth/service/sso_workos.go:218.3,218.17 1 0
github.com/corvusHold/guard/internal/auth/service/sso_workos.go:222.2,223.52 2 1
github.com/corvusHold/guard/internal/auth/service/sso_workos.go:223.52,231.3 2 0
github.com/corvusHold/guard/internal/auth/service/sso_workos.go:232.2,236.34 3 1
github.com/corvusHold/guard/internal/auth/service/sso_workos.go:236.34,239.3 2 0
github.com/corvusHold/guard/internal/auth/service/sso_workos.go:240.2,241.24 2 1
github.com/corvusHold/guard/internal/auth/service/sso_workos.go:241.24,244.3 1 0
github.com/corvusHold/guard/internal/auth/service/sso_workos.go:245.2,245.24 1 1
github.com/corvusHold/guard/internal/auth/service/sso_workos.go:245.24,248.3 2 0
github.com/corvusHold/guard/internal/auth/service/sso_workos.go:251.2,252.28 2 1
github.com/corvusHold/guard/internal/auth/service/sso_workos.go:252.28,254.3 1 1
github.com/corvusHold/guard/internal/auth/service/sso_workos.go:254.8,257.17 3 0
github.com/corvusHold/guard/internal/auth/service/sso_workos.go:257.17,259.4 1 0
github.com/corvusHold/guard/internal/auth/service/sso_workos.go:260.3,261.28 2 0
github.com/corvusHold/guard/internal/auth/service/sso_workos.go:265.2,275.44 9 1
github.com/corvusHold/guard/internal/auth/service/sso_workos.go:275.44,277.17 2 1
github.com/corvusHold/guard/internal/auth/service/sso_workos.go:277.17,279.4 1 0
github.com/corvusHold/guard/internal/auth/service/sso_workos.go:280.3,281.18 2 1
github.com/corvusHold/guard/internal/auth/service/sso_workos.go:284.2,286.16 3 1
github.com/corvusHold/guard/internal/auth/service/sso_workos.go:286.16,289.3 2 0
github.com/corvusHold/guard/internal/auth/service/sso_workos.go:290.2,290.15 1 1
github.com/corvusHold/guard/internal/auth/service/sso_workos.go:290.15,290.40 1 1
github.com/corvusHold/guard/internal/auth/service/sso_workos.go:291.2,291.53 1 1
github.com/corvusHold/guard/internal/auth/service/sso_workos.go:291.53,294.3 2 0
github.com/corvusHold/guard/internal/auth/service/sso_workos.go:296.2,305.70 2 1
github.com/corvusHold/guard/internal/auth/service/sso_workos.go:305.70,308.3 2 0
github.com/corvusHold/guard/internal/auth/service/sso_workos.go:309.2,310.17 2 1
github.com/corvusHold/guard/internal/auth/service/sso_workos.go:310.17,313.3 2 0
github.com/corvusHold/guard/internal/auth/service/sso_workos.go:316.2,317.86 2 1
github.com/corvusHold/guard/internal/auth/service/sso_workos.go:317.86,320.3 2 1
github.com/corvusHold/guard/internal/auth/service/sso_workos.go:320.8,322.125 2 0
github.com/corvusHold/guard/internal/auth/service/sso_workos.go:322.125,324.4 1 0
github.com/corvusHold/guard/internal/auth/service/sso_workos.go:325.3,325.97 1 0
github.com/corvusHold/guard/internal/auth/service/sso_workos.go:325.97,327.4 1 0
github.com/corvusHold/guard/internal/auth/service/sso_workos.go:328.3,328.71 1 0
github.com/corvusHold/guard/internal/auth/service/sso_workos.go:328.71,330.4 1 0
github.com/corvusHold/guard/internal/auth/service/sso_workos.go:334.2,348.49 7 1
github.com/corvusHold/guard/internal/auth/service/sso_workos.go:348.49,350.3 1 0
github.com/corvusHold/guard/internal/auth/service/sso_workos.go:351.2,354.16 4 1
github.com/corvusHold/guard/internal/auth/service/sso_workos.go:354.16,356.3 1 0
github.com/corvusHold/guard/internal/auth/service/sso_workos.go:358.2,359.42 2 1
github.com/corvusHold/guard/internal/auth/service/sso_workos.go:359.42,361.3 1 0
github.com/corvusHold/guard/internal/auth/service/sso_workos.go:362.2,371.153 6 1
github.com/corvusHold/guard/internal/auth/service/sso_workos.go:371.153,373.3 1 0
github.com/corvusHold/guard/internal/auth/service/sso_workos.go:375.2,382.72 2 1
github.com/corvusHold/guard/internal/auth/service/sso_workos.go:385.162,392.29 2 9
github.com/corvusHold/guard/internal/auth/service/sso_workos.go:392.29,395.3 2 2
github.com/corvusHold/guard/internal/auth/service/sso_workos.go:396.2,397.17 2 7
github.com/corvusHold/guard/internal/auth/service/sso_workos.go:397.17,400.3 2 1
github.com/corvusHold/guard/internal/auth/service/sso_workos.go:401.2,402.20 2 6
github.com/corvusHold/guard/internal/auth/service/sso_workos.go:402.20,405.3 2 0
github.com/corvusHold/guard/internal/auth/service/sso_workos.go:407.2,408.16 2 6
github.com/corvusHold/guard/internal/auth/service/sso_workos.go:408.16,411.3 2 1
github.com/corvusHold/guard/internal/auth/service/sso_workos.go:412.2,412.33 1 5
github.com/corvusHold/guard/internal/auth/service/sso_workos.go:412.33,415.3 2 1
github.com/corvusHold/guard/internal/auth/service/sso_workos.go:416.2,417.16 2 4
github.com/corvusHold/guard/internal/auth/service/sso_workos.go:417.16,420.3 2 0
github.com/corvusHold/guard/internal/auth/service/sso_workos.go:421.2,421.18 1 4
github.com/corvusHold/guard/internal/auth/service/sso_workos.go:421.18,424.3 2 1
github.com/corvusHold/guard/internal/auth/service/sso_workos.go:426.2,427.18 2 3
github.com/corvusHold/guard/internal/auth/service/sso_workos.go:427.18,429.3 1 0
github.com/corvusHold/guard/internal/auth/service/sso_workos.go:430.2,430.33 1 3
github.com/corvusHold/guard/internal/auth/service/sso_workos.go:430.33,432.3 1 2
github.com/corvusHold/guard/internal/auth/service/sso_workos.go:433.2,433.51 1 3
github.com/corvusHold/guard/internal/auth/service/sso_workos.go:433.51,436.3 2 1
github.com/corvusHold/guard/internal/auth/service/sso_workos.go:437.2,448.16 5 2
github.com/corvusHold/guard/internal/auth/service/sso_workos.go:448.16,452.3 3 0
github.com/corvusHold/guard/internal/auth/service/sso_workos.go:453.2,456.44 4 2
github.com/corvusHold/guard/internal/auth/service/sso_workos.go:456.44,458.17 2 4
github.com/corvusHold/guard/internal/auth/service/sso_workos.go:458.17,460.4 1 0
github.com/corvusHold/guard/internal/auth/service/sso_workos.go:461.3,463.18 3 4
github.com/corvusHold/guard/internal/auth/service/sso_workos.go:466.2,468.16 3 2
github.com/corvusHold/guard/internal/auth/service/sso_workos.go:468.16,472.3 3 1
github.com/corvusHold/guard/internal/auth/service/sso_workos.go:473.2,473.15 1 1
github.com/corvusHold/guard/internal/auth/service/sso_workos.go:473.15,473.40 1 1
github.com/corvusHold/guard/internal/auth/service/sso_workos.go:474.2,475.16 2 1
github.com/corvusHold/guard/internal/auth/service/sso_workos.go:475.16,479.3 3 0
github.com/corvusHold/guard/internal/auth/service/sso_workos.go:480.2,480.53 1 1
github.com/corvusHold/guard/internal/auth/service/sso_workos.go:480.53,488.3 3 0
github.com/corvusHold/guard/internal/auth/service/sso_workos.go:489.2,490.54 2 1
github.com/corvusHold/guard/internal/auth/service/sso_workos.go:490.54,494.3 3 0
github.com/corvusHold/guard/internal/auth/service/sso_workos.go:495.2,495.45 1 1
github.com/corvusHold/guard/internal/auth/service/sso_workos.go:495.45,498.44 2 1
github.com/corvusHold/guard/internal/auth/service/sso_workos.go:498.44,505.4 1 1
github.com/corvusHold/guard/internal/auth/service/sso_workos.go:505.9,511.4 1 0
github.com/corvusHold/guard/internal/auth/service/sso_workos.go:512.3,512.44 1 1
github.com/corvusHold/guard/internal/auth/service/sso_workos.go:514.2,516.80 3 0
github.com/corvusHold/guard/internal/auth/service/webauthn.go:33.60,35.2 1 0
github.com/corvusHold/guard/internal/auth/service/webauthn.go:38.95,46.2 2 0
github.com/corvusHold/guard/internal/auth/service/webauthn.go:49.122,55.16 2 0
github.com/corvusHold/guard/internal/auth/service/webauthn.go:55.16,57.3 1 0
github.com/corvusHold/guard/internal/auth/service/webauthn.go:58.2,61.18 3 0
github.com/corvusHold/guard/internal/auth/service/webauthn.go:61.18,64.122 2 0
github.com/corvusHold/guard/internal/auth/service/webauthn.go:64.122,66.4 1 0
github.com/corvusHold/guard/internal/auth/service/webauthn.go:67.3,67.27 1 0
github.com/corvusHold/guard/internal/auth/service/webauthn.go:69.2,69.26 1 0
github.com/corvusHold/guard/internal/auth/service/webauthn.go:73.115,82.2 3 0
github.com/corvusHold/guard/internal/auth/service/webauthn.go:85.109,91.2 2 0
github.com/corvusHold/guard/internal/auth/service/webauthn.go:94.123,100.2 2 0
github.com/corvusHold/guard/internal/auth/controller/http.go:64.64,65.45 1 2
github.com/corvusHold/guard/internal/auth/controller/http.go:65.45,67.3 1 0
github.com/corvusHold/guard/internal/auth/controller/http.go:69.2,70.16 2 2
github.com/corvusHold/guard/internal/auth/controller/http.go:70.16,72.3 1 1
github.com/corvusHold/guard/internal/auth/controller/http.go:73.2,74.26 2 1
github.com/corvusHold/guard/internal/auth/controller/http.go:74.26,76.3 1 1
github.com/corvusHold/guard/internal/auth/controller/http.go:77.2,77.69 1 1
github.com/corvusHold/guard/internal/auth/controller/http.go:92.58,94.18 2 5
github.com/corvusHold/guard/internal/auth/controller/http.go:94.18,96.3 1 2
github.com/corvusHold/guard/internal/auth/controller/http.go:97.2,98.16 2 3
github.com/corvusHold/guard/internal/auth/controller/http.go:98.16,100.3 1 1
github.com/corvusHold/guard/internal/auth/controller/http.go:101.2,101.64 1 2
github.com/corvusHold/guard/internal/auth/controller/http.go:101.64,103.3 1 0
github.com/corvusHold/guard/internal/auth/controller/http.go:105.2,106.16 2 2
github.com/corvusHold/guard/internal/auth/controller/http.go:106.16,108.3 1 1
github.com/corvusHold/guard/internal/auth/controller/http.go:109.2,110.26 2 1
github.com/corvusHold/guard/internal/auth/controller/http.go:110.26,112.3 1 1
github.com/corvusHold/guard/internal/auth/controller/http.go:113.2,113.57 1 1
github.com/corvusHold/guard/internal/auth/controller/http.go:129.59,131.37 2 5
github.com/corvusHold/guard/internal/auth/controller/http.go:131.37,133.3 1 2
github.com/corvusHold/guard/internal/auth/controller/http.go:134.2,134.41 1 3
github.com/corvusHold/guard/internal/auth/controller/http.go:134.41,136.3 1 0
github.com/corvusHold/guard/internal/auth/controller/http.go:137.2,138.16 2 3
github.com/corvusHold/guard/internal/auth/controller/http.go:138.16,140.3 1 1
github.com/corvusHold/guard/internal/auth/controller/http.go:141.2,141.64 1 2
github.com/corvusHold/guard/internal/auth/controller/http.go:141.64,143.3 1 0
github.com/corvusHold/guard/internal/auth/controller/http.go:145.2,146.16 2 2
github.com/corvusHold/guard/internal/auth/controller/http.go:146.16,148.3 1 1
github.com/corvusHold/guard/internal/auth/controller/http.go:149.2,149.171 1 1
github.com/corvusHold/guard/internal/auth/controller/http.go:166.59,169.16 3 5
github.com/corvusHold/guard/internal/auth/controller/http.go:169.16,171.3 1 1
github.com/corvusHold/guard/internal/auth/controller/http.go:173.2,174.37 2 4
github.com/corvusHold/guard/internal/auth/controller/http.go:174.37,176.3 1 1
github.com/corvusHold/guard/internal/auth/controller/http.go:177.2,177.41 1 3
github.com/corvusHold/guard/internal/auth/controller/http.go:177.41,179.3 1 0
github.com/corvusHold/guard/internal/auth/controller/http.go:180.2,181.16 2 3
github.com/corvusHold/guard/internal/auth/controller/http.go:181.16,183.3 1 1
github.com/corvusHold/guard/internal/auth/controller/http.go:184.2,184.64 1 2
github.com/corvusHold/guard/internal/auth/controller/http.go:184.64,186.3 1 0
github.com/corvusHold/guard/internal/auth/controller/http.go:188.2,189.16 2 2
github.com/corvusHold/guard/internal/auth/controller/http.go:189.16,191.3 1 1
github.com/corvusHold/guard/internal/auth/controller/http.go:192.2,192.166 1 1
github.com/corvusHold/guard/internal/auth/controller/http.go:207.59,210.16 3 5
github.com/corvusHold/guard/internal/auth/controller/http.go:210.16,212.3 1 1
github.com/corvusHold/guard/internal/auth/controller/http.go:213.2,214.18 2 4
github.com/corvusHold/guard/internal/auth/controller/http.go:214.18,216.3 1 1
github.com/corvusHold/guard/internal/auth/controller/http.go:217.2,218.16 2 3
github.com/corvusHold/guard/internal/auth/controller/http.go:218.16,220.3 1 1
github.com/corvusHold/guard/internal/auth/controller/http.go:221.2,221.64 1 2
github.com/corvusHold/guard/internal/auth/controller/http.go:221.64,223.3 1 0
github.com/corvusHold/guard/internal/auth/controller/http.go:225.2,225.82 1 2
github.com/corvusHold/guard/internal/auth/controller/http.go:225.82,227.3 1 1
github.com/corvusHold/guard/internal/auth/controller/http.go:228.2,228.42 1 1
github.com/corvusHold/guard/internal/auth/controller/http.go:244.62,247.16 3 4
github.com/corvusHold/guard/internal/auth/controller/http.go:247.16,249.3 1 1
github.com/corvusHold/guard/internal/auth/controller/http.go:250.2,251.18 2 3
github.com/corvusHold/guard/internal/auth/controller/http.go:251.18,253.3 1 1
github.com/corvusHold/guard/internal/auth/controller/http.go:254.2,255.16 2 2
github.com/corvusHold/guard/internal/auth/controller/http.go:255.16,257.3 1 0
github.com/corvusHold/guard/internal/auth/controller/http.go:258.2,258.64 1 2
github.com/corvusHold/guard/internal/auth/controller/http.go:258.64,260.3 1 0
github.com/corvusHold/guard/internal/auth/controller/http.go:262.2,263.16 2 2
github.com/corvusHold/guard/internal/auth/controller/http.go:263.16,265.3 1 1
github.com/corvusHold/guard/internal/auth/controller/http.go:266.2,268.26 3 1
github.com/corvusHold/guard/internal/auth/controller/http.go:268.26,271.3 2 1
github.com/corvusHold/guard/internal/auth/controller/http.go:272.2,272.77 1 1
github.com/corvusHold/guard/internal/auth/controller/http.go:288.60,291.16 3 4
github.com/corvusHold/guard/internal/auth/controller/http.go:291.16,293.3 1 1
github.com/corvusHold/guard/internal/auth/controller/http.go:295.2,296.37 2 3
github.com/corvusHold/guard/internal/auth/controller/http.go:296.37,298.3 1 1
github.com/corvusHold/guard/internal/auth/controller/http.go:299.2,299.41 1 2
github.com/corvusHold/guard/internal/auth/controller/http.go:299.41,301.3 1 0
github.com/corvusHold/guard/internal/auth/controller/http.go:302.2,303.16 2 2
github.com/corvusHold/guard/internal/auth/controller/http.go:303.16,305.3 1 0
github.com/corvusHold/guard/internal/auth/controller/http.go:306.2,306.64 1 2
github.com/corvusHold/guard/internal/auth/controller/http.go:306.64,308.3 1 0
github.com/corvusHold/guard/internal/auth/controller/http.go:309.2,310.16 2 2
github.com/corvusHold/guard/internal/auth/controller/http.go:310.16,312.3 1 0
github.com/corvusHold/guard/internal/auth/controller/http.go:314.2,314.91 1 2
github.com/corvusHold/guard/internal/auth/controller/http.go:314.91,316.3 1 1
github.com/corvusHold/guard/internal/auth/controller/http.go:317.2,317.42 1 1
github.com/corvusHold/guard/internal/auth/controller/http.go:333.63,336.16 3 4
github.com/corvusHold/guard/internal/auth/controller/http.go:336.16,338.3 1 1
github.com/corvusHold/guard/internal/auth/controller/http.go:340.2,341.37 2 3
github.com/corvusHold/guard/internal/auth/controller/http.go:341.37,343.3 1 1
github.com/corvusHold/guard/internal/auth/controller/http.go:344.2,344.41 1 2
github.com/corvusHold/guard/internal/auth/controller/http.go:344.41,346.3 1 0
github.com/corvusHold/guard/internal/auth/controller/http.go:347.2,348.16 2 2
github.com/corvusHold/guard/internal/auth/controller/http.go:348.16,350.3 1 0
github.com/corvusHold/guard/internal/auth/controller/http.go:351.2,351.64 1 2
github.com/corvusHold/guard/internal/auth/controller/http.go:351.64,353.3 1 0
github.com/corvusHold/guard/internal/auth/controller/http.go:354.2,355.16 2 2
github.com/corvusHold/guard/internal/auth/controller/http.go:355.16,357.3 1 0
github.com/corvusHold/guard/internal/auth/controller/http.go:359.2,359.94 1 2
github.com/corvusHold/guard/internal/auth/controller/http.go:359.94,361.3 1 1
github.com/corvusHold/guard/internal/auth/controller/http.go:362.2,362.42 1 1
github.com/corvusHold/guard/internal/auth/controller/http.go:378.69,379.45 1 3
github.com/corvusHold/guard/internal/auth/controller/http.go:379.45,381.3 1 0
github.com/corvusHold/guard/internal/auth/controller/http.go:383.2,385.16 3 3
github.com/corvusHold/guard/internal/auth/controller/http.go:385.16,387.3 1 1
github.com/corvusHold/guard/internal/auth/controller/http.go:389.2,390.37 2 2
github.com/corvusHold/guard/internal/auth/controller/http.go:390.37,392.3 1 0
github.com/corvusHold/guard/internal/auth/controller/http.go:393.2,393.41 1 2
github.com/corvusHold/guard/internal/auth/controller/http.go:393.41,395.3 1 0
github.com/corvusHold/guard/internal/auth/controller/http.go:396.2,397.28 2 2
github.com/corvusHold/guard/internal/auth/controller/http.go:397.28,399.3 1 1
github.com/corvusHold/guard/internal/auth/controller/http.go:400.2,400.26 1 2
github.com/corvusHold/guard/internal/auth/controller/http.go:400.26,402.3 1 1
github.com/corvusHold/guard/internal/auth/controller/http.go:404.2,404.125 1 2
github.com/corvusHold/guard/internal/auth/controller/http.go:404.125,406.3 1 1
github.com/corvusHold/guard/internal/auth/controller/http.go:407.2,407.42 1 1
github.com/corvusHold/guard/internal/auth/controller/http.go:423.69,424.45 1 4
github.com/corvusHold/guard/internal/auth/controller/http.go:424.45,426.3 1 0
github.com/corvusHold/guard/internal/auth/controller/http.go:428.2,430.16 3 4
github.com/corvusHold/guard/internal/auth/controller/http.go:430.16,432.3 1 1
github.com/corvusHold/guard/internal/auth/controller/http.go:434.2,435.37 2 3
github.com/corvusHold/guard/internal/auth/controller/http.go:435.37,437.3 1 0
github.com/corvusHold/guard/internal/auth/controller/http.go:438.2,438.41 1 3
github.com/corvusHold/guard/internal/auth/controller/http.go:438.41,440.3 1 0
github.com/corvusHold/guard/internal/auth/controller/http.go:441.2,442.28 2 3
github.com/corvusHold/guard/internal/auth/controller/http.go:442.28,444.3 1 1
github.com/corvusHold/guard/internal/auth/controller/http.go:445.2,445.26 1 3
github.com/corvusHold/guard/internal/auth/controller/http.go:445.26,447.3 1 1
github.com/corvusHold/guard/internal/auth/controller/http.go:449.2,449.125 1 3
github.com/corvusHold/guard/internal/auth/controller/http.go:449.125,451.3 1 1
github.com/corvusHold/guard/internal/auth/controller/http.go:452.2,452.42 1 2
github.com/corvusHold/guard/internal/auth/controller/http.go:468.71,471.16 3 4
github.com/corvusHold/guard/internal/auth/controller/http.go:471.16,473.3 1 1
github.com/corvusHold/guard/internal/auth/controller/http.go:474.2,475.18 2 3
github.com/corvusHold/guard/internal/auth/controller/http.go:475.18,477.3 1 1
github.com/corvusHold/guard/internal/auth/controller/http.go:478.2,479.16 2 2
github.com/corvusHold/guard/internal/auth/controller/http.go:479.16,481.3 1 0
github.com/corvusHold/guard/internal/auth/controller/http.go:482.2,482.64 1 2
github.com/corvusHold/guard/internal/auth/controller/http.go:482.64,484.3 1 0
github.com/corvusHold/guard/internal/auth/controller/http.go:486.2,487.16 2 2
github.com/corvusHold/guard/internal/auth/controller/http.go:487.16,489.3 1 1
github.com/corvusHold/guard/internal/auth/controller/http.go:490.2,491.30 2 1
github.com/corvusHold/guard/internal/auth/controller/http.go:491.30,493.3 1 1
github.com/corvusHold/guard/internal/auth/controller/http.go:494.2,494.72 1 1
github.com/corvusHold/guard/internal/auth/controller/http.go:498.62,500.51 1 5
github.com/corvusHold/guard/internal/auth/controller/http.go:500.51,502.3 1 1
github.com/corvusHold/guard/internal/auth/controller/http.go:503.2,504.37 2 4
github.com/corvusHold/guard/internal/auth/controller/http.go:504.37,506.3 1 1
github.com/corvusHold/guard/internal/auth/controller/http.go:507.2,507.41 1 3
github.com/corvusHold/guard/internal/auth/controller/http.go:507.41,509.3 1 0
github.com/corvusHold/guard/internal/auth/controller/http.go:510.2,511.16 2 3
github.com/corvusHold/guard/internal/auth/controller/http.go:511.16,513.3 1 1
github.com/corvusHold/guard/internal/auth/controller/http.go:514.2,519.16 2 2
github.com/corvusHold/guard/internal/auth/controller/http.go:519.16,521.3 1 1
github.com/corvusHold/guard/internal/auth/controller/http.go:522.2,522.58 1 1
github.com/corvusHold/guard/internal/auth/controller/http.go:526.96,529.2 2 1
github.com/corvusHold/guard/internal/auth/controller/http.go:532.125,534.2 1 2
github.com/corvusHold/guard/internal/auth/controller/http.go:537.97,541.2 3 1
github.com/corvusHold/guard/internal/auth/controller/http.go:544.70,544.93 2 1
github.com/corvusHold/guard/internal/auth/controller/http.go:547.71,547.99 2 1
github.com/corvusHold/guard/internal/auth/controller/http.go:551.68,553.22 2 82
github.com/corvusHold/guard/internal/auth/controller/http.go:553.22,555.3 1 16
github.com/corvusHold/guard/internal/auth/controller/http.go:556.2,556.40 1 66
github.com/corvusHold/guard/internal/auth/controller/http.go:556.40,558.3 1 6
github.com/corvusHold/guard/internal/auth/controller/http.go:559.2,559.33 1 60
github.com/corvusHold/guard/internal/auth/controller/http.go:559.33,561.3 1 4
github.com/corvusHold/guard/internal/auth/controller/http.go:562.2,562.17 1 56
github.com/corvusHold/guard/internal/auth/controller/http.go:565.38,566.19 1 4
github.com/corvusHold/guard/internal/auth/controller/http.go:566.19,568.3 1 1
github.com/corvusHold/guard/internal/auth/controller/http.go:569.2,569.51 1 3
github.com/corvusHold/guard/internal/auth/controller/http.go:573.91,601.2 8 3
github.com/corvusHold/guard/internal/auth/controller/http.go:603.59,607.55 4 3
github.com/corvusHold/guard/internal/auth/controller/http.go:607.55,617.3 1 6
github.com/corvusHold/guard/internal/auth/controller/http.go:618.2,619.62 2 3
github.com/corvusHold/guard/internal/auth/controller/http.go:622.128,623.17 1 9
github.com/corvusHold/guard/internal/auth/controller/http.go:623.17,625.3 1 1
github.com/corvusHold/guard/internal/auth/controller/http.go:626.2,626.26 1 9
github.com/corvusHold/guard/internal/auth/controller/http.go:626.26,629.3 2 2
github.com/corvusHold/guard/internal/auth/controller/http.go:630.2,630.95 1 7
github.com/corvusHold/guard/internal/auth/controller/http.go:633.68,634.20 1 11
github.com/corvusHold/guard/internal/auth/controller/http.go:634.20,636.3 1 2
github.com/corvusHold/guard/internal/auth/controller/http.go:637.2,637.28 1 9
github.com/corvusHold/guard/internal/auth/controller/http.go:637.28,639.3 1 1
github.com/corvusHold/guard/internal/auth/controller/http.go:640.2,640.71 1 8
github.com/corvusHold/guard/internal/auth/controller/http.go:640.71,641.49 1 3
github.com/corvusHold/guard/internal/auth/controller/http.go:641.49,643.4 1 1
github.com/corvusHold/guard/internal/auth/controller/http.go:644.3,644.59 1 3
github.com/corvusHold/guard/internal/auth/controller/http.go:644.59,646.4 1 3
github.com/corvusHold/guard/internal/auth/controller/http.go:648.2,648.29 1 5
github.com/corvusHold/guard/internal/auth/controller/http.go:648.29,649.57 1 2
github.com/corvusHold/guard/internal/auth/controller/http.go:649.57,650.44 1 2
github.com/corvusHold/guard/internal/auth/controller/http.go:650.44,652.5 1 1
github.com/corvusHold/guard/internal/auth/controller/http.go:655.2,655.14 1 4
github.com/corvusHold/guard/internal/auth/controller/http.go:665.59,667.19 2 3
github.com/corvusHold/guard/internal/auth/controller/http.go:667.19,670.29 2 0
github.com/corvusHold/guard/internal/auth/controller/http.go:670.29,672.4 1 0
github.com/corvusHold/guard/internal/auth/controller/http.go:673.3,673.46 1 0
github.com/corvusHold/guard/internal/auth/controller/http.go:675.2,678.84 3 3
github.com/corvusHold/guard/internal/auth/controller/http.go:678.84,680.17 2 0
github.com/corvusHold/guard/internal/auth/controller/http.go:680.17,682.4 1 0
github.com/corvusHold/guard/internal/auth/controller/http.go:683.3,683.18 1 0
github.com/corvusHold/guard/internal/auth/controller/http.go:686.2,687.21 2 3
github.com/corvusHold/guard/internal/auth/controller/http.go:687.21,689.3 1 0
github.com/corvusHold/guard/internal/auth/controller/http.go:690.2,691.19 2 3
github.com/corvusHold/guard/internal/auth/controller/http.go:691.19,693.3 1 0
github.com/corvusHold/guard/internal/auth/controller/http.go:695.2,743.36 2 3
github.com/corvusHold/guard/internal/auth/controller/http.go:747.45,753.2 3 1
github.com/corvusHold/guard/internal/auth/controller/http.go:755.52,758.2 2 1
github.com/corvusHold/guard/internal/auth/controller/http.go:762.52,764.15 2 3
github.com/corvusHold/guard/internal/auth/controller/http.go:764.15,766.3 1 2
github.com/corvusHold/guard/internal/auth/controller/http.go:767.2,767.15 1 3
github.com/corvusHold/guard/internal/auth/controller/http.go:767.15,769.3 1 0
github.com/corvusHold/guard/internal/auth/controller/http.go:770.2,771.44 2 3
github.com/corvusHold/guard/internal/auth/controller/http.go:771.44,773.3 1 2
github.com/corvusHold/guard/internal/auth/controller/http.go:774.2,774.12 1 1
github.com/corvusHold/guard/internal/auth/controller/http.go:777.56,780.108 1 2
github.com/corvusHold/guard/internal/auth/controller/http.go:780.108,783.24 3 12
github.com/corvusHold/guard/internal/auth/controller/http.go:783.24,784.54 1 12
github.com/corvusHold/guard/internal/auth/controller/http.go:784.54,789.5 3 0
github.com/corvusHold/guard/internal/auth/controller/http.go:790.4,790.43 1 12
github.com/corvusHold/guard/internal/auth/controller/http.go:790.43,794.5 3 0
github.com/corvusHold/guard/internal/auth/controller/http.go:796.3,796.11 1 12
github.com/corvusHold/guard/internal/auth/controller/http.go:798.2,798.55 1 2
github.com/corvusHold/guard/internal/auth/controller/http.go:798.55,799.18 1 12
github.com/corvusHold/guard/internal/auth/controller/http.go:799.18,801.4 1 0
github.com/corvusHold/guard/internal/auth/controller/http.go:802.3,802.33 1 12
github.com/corvusHold/guard/internal/auth/controller/http.go:805.2,919.32 78 2
github.com/corvusHold/guard/internal/auth/controller/http.go:953.71,954.19 1 3
github.com/corvusHold/guard/internal/auth/controller/http.go:954.19,956.3 1 2
github.com/corvusHold/guard/internal/auth/controller/http.go:957.2,960.3 1 3
github.com/corvusHold/guard/internal/auth/controller/http.go:1183.41,1185.13 2 166
github.com/corvusHold/guard/internal/auth/controller/http.go:1185.13,1187.3 1 23
github.com/corvusHold/guard/internal/auth/controller/http.go:1188.2,1189.62 2 143
github.com/corvusHold/guard/internal/auth/controller/http.go:1189.62,1191.3 1 142
github.com/corvusHold/guard/internal/auth/controller/http.go:1192.2,1192.11 1 1
github.com/corvusHold/guard/internal/auth/controller/http.go:1196.64,1197.38 1 156
github.com/corvusHold/guard/internal/auth/controller/http.go:1197.38,1199.3 1 137
github.com/corvusHold/guard/internal/auth/controller/http.go:1200.2,1200.58 1 19
github.com/corvusHold/guard/internal/auth/controller/http.go:1200.58,1201.92 1 1
github.com/corvusHold/guard/internal/auth/controller/http.go:1201.92,1203.4 1 1
github.com/corvusHold/guard/internal/auth/controller/http.go:1205.2,1205.11 1 18
github.com/corvusHold/guard/internal/auth/controller/http.go:1210.80,1212.15 2 120
github.com/corvusHold/guard/internal/auth/controller/http.go:1212.15,1215.3 2 11
github.com/corvusHold/guard/internal/auth/controller/http.go:1216.2,1217.30 2 109
github.com/corvusHold/guard/internal/auth/controller/http.go:1217.30,1220.3 2 0
github.com/corvusHold/guard/internal/auth/controller/http.go:1221.2,1221.16 1 109
github.com/corvusHold/guard/internal/auth/controller/http.go:1227.81,1229.16 2 70
github.com/corvusHold/guard/internal/auth/controller/http.go:1229.16,1231.3 1 3
github.com/corvusHold/guard/internal/auth/controller/http.go:1232.2,1232.29 1 67
github.com/corvusHold/guard/internal/auth/controller/http.go:1232.29,1233.69 1 67
github.com/corvusHold/guard/internal/auth/controller/http.go:1233.69,1235.4 1 67
github.com/corvusHold/guard/internal/auth/controller/http.go:1237.2,1238.45 2 0
github.com/corvusHold/guard/internal/auth/controller/http.go:1243.110,1245.16 2 30
github.com/corvusHold/guard/internal/auth/controller/http.go:1245.16,1247.3 1 1
github.com/corvusHold/guard/internal/auth/controller/http.go:1248.2,1248.29 1 29
github.com/corvusHold/guard/internal/auth/controller/http.go:1248.29,1251.3 2 0
github.com/corvusHold/guard/internal/auth/controller/http.go:1252.2,1252.16 1 29
github.com/corvusHold/guard/internal/auth/controller/http.go:1267.51,1270.37 3 10
github.com/corvusHold/guard/internal/auth/controller/http.go:1270.37,1272.3 1 1
github.com/corvusHold/guard/internal/auth/controller/http.go:1273.2,1273.41 1 9
github.com/corvusHold/guard/internal/auth/controller/http.go:1273.41,1275.3 1 0
github.com/corvusHold/guard/internal/auth/controller/http.go:1276.2,1277.16 2 9
github.com/corvusHold/guard/internal/auth/controller/http.go:1277.16,1279.3 1 1
github.com/corvusHold/guard/internal/auth/controller/http.go:1280.2,1287.16 2 8
github.com/corvusHold/guard/internal/auth/controller/http.go:1287.16,1289.3 1 1
github.com/corvusHold/guard/internal/auth/controller/http.go:1292.2,1292.21 1 7
github.com/corvusHold/guard/internal/auth/controller/http.go:1292.21,1295.17 2 7
github.com/corvusHold/guard/internal/auth/controller/http.go:1295.17,1297.4 1 1
github.com/corvusHold/guard/internal/auth/controller/http.go:1298.3,1298.31 1 6
github.com/corvusHold/guard/internal/auth/controller/http.go:1298.31,1300.4 1 1
github.com/corvusHold/guard/internal/auth/controller/http.go:1302.3,1303.22 2 5
github.com/corvusHold/guard/internal/auth/controller/http.go:1303.22,1305.4 1 1
github.com/corvusHold/guard/internal/auth/controller/http.go:1306.3,1306.32 1 4
github.com/corvusHold/guard/internal/auth/controller/http.go:1306.32,1308.4 1 1
github.com/corvusHold/guard/internal/auth/controller/http.go:1310.3,1310.102 1 3
github.com/corvusHold/guard/internal/auth/controller/http.go:1310.102,1312.4 1 1
github.com/corvusHold/guard/internal/auth/controller/http.go:1314.3,1314.104 1 2
github.com/corvusHold/guard/internal/auth/controller/http.go:1314.104,1316.4 1 1
github.com/corvusHold/guard/internal/auth/controller/http.go:1321.2,1321.101 1 1
github.com/corvusHold/guard/internal/auth/controller/http.go:1338.50,1341.37 3 5
github.com/corvusHold/guard/internal/auth/controller/http.go:1341.37,1343.3 1 1
github.com/corvusHold/guard/internal/auth/controller/http.go:1344.2,1344.41 1 4
github.com/corvusHold/guard/internal/auth/controller/http.go:1344.41,1346.3 1 0
github.com/corvusHold/guard/internal/auth/controller/http.go:1347.2,1348.16 2 4
github.com/corvusHold/guard/internal/auth/controller/http.go:1348.16,1350.3 1 1
github.com/corvusHold/guard/internal/auth/controller/http.go:1351.2,1362.16 5 3
github.com/corvusHold/guard/internal/auth/controller/http.go:1362.16,1364.30 2 2
github.com/corvusHold/guard/internal/auth/controller/http.go:1364.30,1366.4 1 1
github.com/corvusHold/guard/internal/auth/controller/http.go:1367.3,1367.82 1 1
github.com/corvusHold/guard/internal/auth/controller/http.go:1369.2,1369.96 1 1
github.com/corvusHold/guard/internal/auth/controller/http.go:1385.52,1388.45 3 8
github.com/corvusHold/guard/internal/auth/controller/http.go:1388.45,1389.59 1 1
github.com/corvusHold/guard/internal/auth/controller/http.go:1389.59,1392.4 2 1
github.com/corvusHold/guard/internal/auth/controller/http.go:1394.2,1394.18 1 8
github.com/corvusHold/guard/internal/auth/controller/http.go:1394.18,1397.3 2 1
github.com/corvusHold/guard/internal/auth/controller/http.go:1398.2,1399.37 2 8
github.com/corvusHold/guard/internal/auth/controller/http.go:1399.37,1400.19 1 1
github.com/corvusHold/guard/internal/auth/controller/http.go:1400.19,1402.4 1 0
github.com/corvusHold/guard/internal/auth/controller/http.go:1403.3,1403.83 1 1
github.com/corvusHold/guard/internal/auth/controller/http.go:1405.2,1408.41 4 7
github.com/corvusHold/guard/internal/auth/controller/http.go:1408.41,1409.19 1 0
github.com/corvusHold/guard/internal/auth/controller/http.go:1409.19,1411.4 1 0
github.com/corvusHold/guard/internal/auth/controller/http.go:1412.3,1412.70 1 0
github.com/corvusHold/guard/internal/auth/controller/http.go:1414.2,1416.26 3 7
github.com/corvusHold/guard/internal/auth/controller/http.go:1416.26,1417.71 1 3
github.com/corvusHold/guard/internal/auth/controller/http.go:1417.71,1419.4 1 2
github.com/corvusHold/guard/internal/auth/controller/http.go:1421.2,1421.45 1 7
github.com/corvusHold/guard/internal/auth/controller/http.go:1421.45,1423.3 1 2
github.com/corvusHold/guard/internal/auth/controller/http.go:1424.2,1424.24 1 7
github.com/corvusHold/guard/internal/auth/controller/http.go:1424.24,1425.27 1 2
github.com/corvusHold/guard/internal/auth/controller/http.go:1425.27,1427.4 1 1
github.com/corvusHold/guard/internal/auth/controller/http.go:1428.3,1428.72 1 1
github.com/corvusHold/guard/internal/auth/controller/http.go:1430.2,1431.16 2 5
github.com/corvusHold/guard/internal/auth/controller/http.go:1431.16,1433.3 1 2
github.com/corvusHold/guard/internal/auth/controller/http.go:1434.2,1434.96 1 3
github.com/corvusHold/guard/internal/auth/controller/http.go:1447.51,1450.45 3 7
github.com/corvusHold/guard/internal/auth/controller/http.go:1450.45,1451.59 1 1
github.com/corvusHold/guard/internal/auth/controller/http.go:1451.59,1454.4 2 1
github.com/corvusHold/guard/internal/auth/controller/http.go:1456.2,1456.18 1 7
github.com/corvusHold/guard/internal/auth/controller/http.go:1456.18,1459.3 2 1
github.com/corvusHold/guard/internal/auth/controller/http.go:1460.2,1461.37 2 7
github.com/corvusHold/guard/internal/auth/controller/http.go:1461.37,1462.19 1 1
github.com/corvusHold/guard/internal/auth/controller/http.go:1462.19,1464.4 1 0
github.com/corvusHold/guard/internal/auth/controller/http.go:1465.3,1465.83 1 1
github.com/corvusHold/guard/internal/auth/controller/http.go:1468.2,1470.48 3 6
github.com/corvusHold/guard/internal/auth/controller/http.go:1470.48,1471.71 1 3
github.com/corvusHold/guard/internal/auth/controller/http.go:1471.71,1473.4 1 1
github.com/corvusHold/guard/internal/auth/controller/http.go:1475.2,1475.24 1 6
github.com/corvusHold/guard/internal/auth/controller/http.go:1475.24,1477.27 1 2
github.com/corvusHold/guard/internal/auth/controller/http.go:1477.27,1479.4 1 2
github.com/corvusHold/guard/internal/auth/controller/http.go:1480.3,1480.43 1 2
github.com/corvusHold/guard/internal/auth/controller/http.go:1482.2,1482.74 1 4
github.com/corvusHold/guard/internal/auth/controller/http.go:1482.74,1484.3 1 2
github.com/corvusHold/guard/internal/auth/controller/http.go:1486.2,1486.26 1 2
github.com/corvusHold/guard/internal/auth/controller/http.go:1486.26,1488.3 1 0
github.com/corvusHold/guard/internal/auth/controller/http.go:1489.2,1489.42 1 2
github.com/corvusHold/guard/internal/auth/controller/http.go:1503.47,1506.60 3 7
github.com/corvusHold/guard/internal/auth/controller/http.go:1506.60,1508.17 2 4
github.com/corvusHold/guard/internal/auth/controller/http.go:1508.17,1510.4 1 1
github.com/corvusHold/guard/internal/auth/controller/http.go:1511.3,1511.37 1 3
github.com/corvusHold/guard/internal/auth/controller/http.go:1514.2,1514.38 1 7
github.com/corvusHold/guard/internal/auth/controller/http.go:1514.38,1516.30 2 4
github.com/corvusHold/guard/internal/auth/controller/http.go:1516.30,1518.4 1 2
github.com/corvusHold/guard/internal/auth/controller/http.go:1519.3,1520.38 2 2
github.com/corvusHold/guard/internal/auth/controller/http.go:1520.38,1522.4 1 2
github.com/corvusHold/guard/internal/auth/controller/http.go:1523.3,1523.27 1 2
github.com/corvusHold/guard/internal/auth/controller/http.go:1523.27,1524.95 1 1
github.com/corvusHold/guard/internal/auth/controller/http.go:1524.95,1525.84 1 1
github.com/corvusHold/guard/internal/auth/controller/http.go:1525.84,1527.6 1 1
github.com/corvusHold/guard/internal/auth/controller/http.go:1530.3,1530.82 1 1
github.com/corvusHold/guard/internal/auth/controller/http.go:1533.2,1533.26 1 3
github.com/corvusHold/guard/internal/auth/controller/http.go:1533.26,1534.92 1 2
github.com/corvusHold/guard/internal/auth/controller/http.go:1534.92,1536.32 2 2
github.com/corvusHold/guard/internal/auth/controller/http.go:1536.32,1538.5 1 1
github.com/corvusHold/guard/internal/auth/controller/http.go:1539.4,1540.41 2 1
github.com/corvusHold/guard/internal/auth/controller/http.go:1540.41,1542.5 1 1
github.com/corvusHold/guard/internal/auth/controller/http.go:1543.4,1543.78 1 1
github.com/corvusHold/guard/internal/auth/controller/http.go:1547.2,1547.92 1 1
github.com/corvusHold/guard/internal/auth/controller/http.go:1562.58,1565.16 3 3
github.com/corvusHold/guard/internal/auth/controller/http.go:1565.16,1567.3 1 0
github.com/corvusHold/guard/internal/auth/controller/http.go:1569.2,1570.37 2 3
github.com/corvusHold/guard/internal/auth/controller/http.go:1570.37,1572.3 1 1
github.com/corvusHold/guard/internal/auth/controller/http.go:1574.2,1574.93 1 2
github.com/corvusHold/guard/internal/auth/controller/http.go:1574.93,1576.3 1 1
github.com/corvusHold/guard/internal/auth/controller/http.go:1578.2,1578.35 1 1
github.com/corvusHold/guard/internal/auth/controller/http.go:1582.54,1591.19 3 3
github.com/corvusHold/guard/internal/auth/controller/http.go:1591.19,1593.3 1 1
github.com/corvusHold/guard/internal/auth/controller/http.go:1595.2,1601.45 4 2
github.com/corvusHold/guard/internal/auth/controller/http.go:1601.45,1602.29 1 12
github.com/corvusHold/guard/internal/auth/controller/http.go:1602.29,1604.4 1 12
github.com/corvusHold/guard/internal/auth/controller/http.go:1608.2,1608.26 1 2
github.com/corvusHold/guard/internal/auth/controller/http.go:1608.26,1610.3 1 2
github.com/corvusHold/guard/internal/auth/controller/http.go:1612.2,1612.20 1 2
github.com/corvusHold/guard/internal/auth/controller/http.go:1627.55,1631.15 4 1
github.com/corvusHold/guard/internal/auth/controller/http.go:1631.15,1633.3 1 1
github.com/corvusHold/guard/internal/auth/controller/http.go:1634.2,1634.15 1 1
github.com/corvusHold/guard/internal/auth/controller/http.go:1634.15,1636.3 1 1
github.com/corvusHold/guard/internal/auth/controller/http.go:1637.2,1638.16 2 0
github.com/corvusHold/guard/internal/auth/controller/http.go:1638.16,1641.3 1 0
github.com/corvusHold/guard/internal/auth/controller/http.go:1642.2,1642.35 1 0
github.com/corvusHold/guard/internal/auth/controller/http.go:1655.51,1657.37 2 2
github.com/corvusHold/guard/internal/auth/controller/http.go:1657.37,1659.3 1 1
github.com/corvusHold/guard/internal/auth/controller/http.go:1660.2,1660.41 1 1
github.com/corvusHold/guard/internal/auth/controller/http.go:1660.41,1662.3 1 0
github.com/corvusHold/guard/internal/auth/controller/http.go:1664.2,1664.82 1 1
github.com/corvusHold/guard/internal/auth/controller/http.go:1664.82,1666.3 1 1
github.com/corvusHold/guard/internal/auth/controller/http.go:1667.2,1667.86 1 0
github.com/corvusHold/guard/internal/auth/controller/http.go:1667.86,1669.3 1 0
github.com/corvusHold/guard/internal/auth/controller/http.go:1670.2,1670.42 1 0
github.com/corvusHold/guard/internal/auth/controller/http.go:1688.61,1691.45 3 4
github.com/corvusHold/guard/internal/auth/controller/http.go:1691.45,1693.3 1 0
github.com/corvusHold/guard/internal/auth/controller/http.go:1695.2,1697.16 3 4
github.com/corvusHold/guard/internal/auth/controller/http.go:1697.16,1699.3 1 1
github.com/corvusHold/guard/internal/auth/controller/http.go:1701.2,1702.37 2 3
github.com/corvusHold/guard/internal/auth/controller/http.go:1702.37,1704.3 1 0
github.com/corvusHold/guard/internal/auth/controller/http.go:1705.2,1705.41 1 3
github.com/corvusHold/guard/internal/auth/controller/http.go:1705.41,1707.3 1 0
github.com/corvusHold/guard/internal/auth/controller/http.go:1709.2,1709.25 1 3
github.com/corvusHold/guard/internal/auth/controller/http.go:1709.25,1711.3 1 1
github.com/corvusHold/guard/internal/auth/controller/http.go:1713.2,1713.88 1 2
github.com/corvusHold/guard/internal/auth/controller/http.go:1713.88,1715.3 1 1
github.com/corvusHold/guard/internal/auth/controller/http.go:1716.2,1716.42 1 1
github.com/corvusHold/guard/internal/auth/controller/http.go:1733.59,1735.18 2 4
github.com/corvusHold/guard/internal/auth/controller/http.go:1735.18,1737.3 1 1
github.com/corvusHold/guard/internal/auth/controller/http.go:1738.2,1739.16 2 3
github.com/corvusHold/guard/internal/auth/controller/http.go:1739.16,1741.3 1 1
github.com/corvusHold/guard/internal/auth/controller/http.go:1742.2,1742.64 1 2
github.com/corvusHold/guard/internal/auth/controller/http.go:1742.64,1744.3 1 0
github.com/corvusHold/guard/internal/auth/controller/http.go:1746.2,1747.16 2 2
github.com/corvusHold/guard/internal/auth/controller/http.go:1747.16,1749.3 1 1
github.com/corvusHold/guard/internal/auth/controller/http.go:1752.2,1755.26 3 1
github.com/corvusHold/guard/internal/auth/controller/http.go:1755.26,1756.68 1 2
github.com/corvusHold/guard/internal/auth/controller/http.go:1756.68,1757.12 1 1
github.com/corvusHold/guard/internal/auth/controller/http.go:1759.3,1770.5 1 1
github.com/corvusHold/guard/internal/auth/controller/http.go:1772.2,1772.58 1 1
github.com/corvusHold/guard/internal/auth/controller/http.go:1789.61,1790.45 1 3
github.com/corvusHold/guard/internal/auth/controller/http.go:1790.45,1792.3 1 0
github.com/corvusHold/guard/internal/auth/controller/http.go:1794.2,1796.16 3 3
github.com/corvusHold/guard/internal/auth/controller/http.go:1796.16,1798.3 1 1
github.com/corvusHold/guard/internal/auth/controller/http.go:1800.2,1801.37 2 2
github.com/corvusHold/guard/internal/auth/controller/http.go:1801.37,1803.3 1 0
github.com/corvusHold/guard/internal/auth/controller/http.go:1804.2,1804.41 1 2
github.com/corvusHold/guard/internal/auth/controller/http.go:1804.41,1806.3 1 0
github.com/corvusHold/guard/internal/auth/controller/http.go:1808.2,1808.106 1 2
github.com/corvusHold/guard/internal/auth/controller/http.go:1808.106,1810.3 1 1
github.com/corvusHold/guard/internal/auth/controller/http.go:1811.2,1811.42 1 1
github.com/corvusHold/guard/internal/auth/controller/http.go:1826.59,1828.16 2 3
github.com/corvusHold/guard/internal/auth/controller/http.go:1828.16,1830.3 1 0
github.com/corvusHold/guard/internal/auth/controller/http.go:1832.2,1834.16 3 3
github.com/corvusHold/guard/internal/auth/controller/http.go:1834.16,1836.3 1 1
github.com/corvusHold/guard/internal/auth/controller/http.go:1838.2,1838.82 1 2
github.com/corvusHold/guard/internal/auth/controller/http.go:1838.82,1840.3 1 1
github.com/corvusHold/guard/internal/auth/controller/http.go:1841.2,1841.18 1 1
github.com/corvusHold/guard/internal/auth/controller/http.go:1841.18,1849.3 1 0
github.com/corvusHold/guard/internal/auth/controller/http.go:1850.2,1850.42 1 1
github.com/corvusHold/guard/internal/auth/controller/http.go:1865.61,1867.16 2 3
github.com/corvusHold/guard/internal/auth/controller/http.go:1867.16,1869.3 1 0
github.com/corvusHold/guard/internal/auth/controller/http.go:1871.2,1873.16 3 3
github.com/corvusHold/guard/internal/auth/controller/http.go:1873.16,1875.3 1 1
github.com/corvusHold/guard/internal/auth/controller/http.go:1877.2,1877.81 1 2
github.com/corvusHold/guard/internal/auth/controller/http.go:1877.81,1879.3 1 1
github.com/corvusHold/guard/internal/auth/controller/http.go:1880.2,1880.18 1 1
github.com/corvusHold/guard/internal/auth/controller/http.go:1880.18,1888.3 1 0
github.com/corvusHold/guard/internal/auth/controller/http.go:1889.2,1889.42 1 1
github.com/corvusHold/guard/internal/auth/controller/http.go:1904.63,1906.16 2 3
github.com/corvusHold/guard/internal/auth/controller/http.go:1906.16,1908.3 1 0
github.com/corvusHold/guard/internal/auth/controller/http.go:1910.2,1912.16 3 3
github.com/corvusHold/guard/internal/auth/controller/http.go:1912.16,1914.3 1 1
github.com/corvusHold/guard/internal/auth/controller/http.go:1916.2,1916.75 1 2
github.com/corvusHold/guard/internal/auth/controller/http.go:1916.75,1918.3 1 1
github.com/corvusHold/guard/internal/auth/controller/http.go:1919.2,1919.18 1 1
github.com/corvusHold/guard/internal/auth/controller/http.go:1919.18,1927.3 1 0
github.com/corvusHold/guard/internal/auth/controller/http.go:1928.2,1928.42 1 1
github.com/corvusHold/guard/internal/auth/controller/http.go:1943.61,1945.16 2 3
github.com/corvusHold/guard/internal/auth/controller/http.go:1945.16,1947.3 1 0
github.com/corvusHold/guard/internal/auth/controller/http.go:1949.2,1951.16 3 3
github.com/corvusHold/guard/internal/auth/controller/http.go:1951.16,1953.3 1 1
github.com/corvusHold/guard/internal/auth/controller/http.go:1955.2,1955.88 1 2
github.com/corvusHold/guard/internal/auth/controller/http.go:1955.88,1957.3 1 1
github.com/corvusHold/guard/internal/auth/controller/http.go:1958.2,1958.18 1 1
github.com/corvusHold/guard/internal/auth/controller/http.go:1958.18,1966.3 1 0
github.com/corvusHold/guard/internal/auth/controller/http.go:1967.2,1967.42 1 1
github.com/corvusHold/guard/internal/auth/controller/http.go:1982.63,1984.16 2 3
github.com/corvusHold/guard/internal/auth/controller/http.go:1984.16,1986.3 1 0
github.com/corvusHold/guard/internal/auth/controller/http.go:1988.2,1990.16 3 3
github.com/corvusHold/guard/internal/auth/controller/http.go:1990.16,1992.3 1 1
github.com/corvusHold/guard/internal/auth/controller/http.go:1994.2,1994.89 1 2
github.com/corvusHold/guard/internal/auth/controller/http.go:1994.89,1996.3 1 1
github.com/corvusHold/guard/internal/auth/controller/http.go:1997.2,1997.18 1 1
github.com/corvusHold/guard/internal/auth/controller/http.go:1997.18,2005.3 1 0
github.com/corvusHold/guard/internal/auth/controller/http.go:2006.2,2006.42 1 1
github.com/corvusHold/guard/internal/auth/controller/http.go:2019.57,2021.16 2 2
github.com/corvusHold/guard/internal/auth/controller/http.go:2021.16,2023.3 1 0
github.com/corvusHold/guard/internal/auth/controller/http.go:2025.2,2026.16 2 2
github.com/corvusHold/guard/internal/auth/controller/http.go:2026.16,2028.3 1 1
github.com/corvusHold/guard/internal/auth/controller/http.go:2029.2,2030.29 2 1
github.com/corvusHold/guard/internal/auth/controller/http.go:2030.29,2032.29 2 1
github.com/corvusHold/guard/internal/auth/controller/http.go:2032.29,2035.4 2 1
github.com/corvusHold/guard/internal/auth/controller/http.go:2036.3,2047.5 1 1
github.com/corvusHold/guard/internal/auth/controller/http.go:2049.2,2049.63 1 1
github.com/corvusHold/guard/internal/auth/controller/http.go:2063.58,2065.16 2 2
github.com/corvusHold/guard/internal/auth/controller/http.go:2065.16,2067.3 1 0
github.com/corvusHold/guard/internal/auth/controller/http.go:2069.2,2071.16 3 2
github.com/corvusHold/guard/internal/auth/controller/http.go:2071.16,2073.3 1 1
github.com/corvusHold/guard/internal/auth/controller/http.go:2075.2,2075.96 1 1
github.com/corvusHold/guard/internal/auth/controller/http.go:2075.96,2077.3 1 1
github.com/corvusHold/guard/internal/auth/controller/http.go:2078.2,2078.42 1 0
github.com/corvusHold/guard/internal/auth/controller/http.go:2093.65,2095.37 2 2
github.com/corvusHold/guard/internal/auth/controller/http.go:2095.37,2097.3 1 1
github.com/corvusHold/guard/internal/auth/controller/http.go:2098.2,2098.41 1 1
github.com/corvusHold/guard/internal/auth/controller/http.go:2098.41,2100.3 1 0
github.com/corvusHold/guard/internal/auth/controller/http.go:2102.2,2103.24 2 1
github.com/corvusHold/guard/internal/auth/controller/http.go:2103.24,2105.17 2 1
github.com/corvusHold/guard/internal/auth/controller/http.go:2105.17,2107.4 1 1
github.com/corvusHold/guard/internal/auth/controller/http.go:2108.3,2108.18 1 0
github.com/corvusHold/guard/internal/auth/controller/http.go:2112.2,2119.32 3 0
github.com/corvusHold/guard/internal/auth/controller/http.go:2119.32,2125.3 1 0
github.com/corvusHold/guard/internal/auth/controller/http.go:2128.2,2128.41 1 0
github.com/corvusHold/guard/internal/auth/controller/http.go:2142.65,2144.37 2 2
github.com/corvusHold/guard/internal/auth/controller/http.go:2144.37,2146.3 1 1
github.com/corvusHold/guard/internal/auth/controller/http.go:2147.2,2147.41 1 1
github.com/corvusHold/guard/internal/auth/controller/http.go:2147.41,2149.3 1 0
github.com/corvusHold/guard/internal/auth/controller/http.go:2151.2,2152.24 2 1
github.com/corvusHold/guard/internal/auth/controller/http.go:2152.24,2154.17 2 1
github.com/corvusHold/guard/internal/auth/controller/http.go:2154.17,2156.4 1 1
github.com/corvusHold/guard/internal/auth/controller/http.go:2157.3,2157.18 1 0
github.com/corvusHold/guard/internal/auth/controller/http.go:2160.2,2164.17 1 0
github.com/corvusHold/guard/internal/auth/controller/http.go:2164.17,2166.3 1 0
github.com/corvusHold/guard/internal/auth/controller/http.go:2167.2,2167.35 1 0
github.com/corvusHold/guard/internal/auth/controller/http.go:2180.56,2182.37 2 2
github.com/corvusHold/guard/internal/auth/controller/http.go:2182.37,2184.3 1 1
github.com/corvusHold/guard/internal/auth/controller/http.go:2185.2,2185.21 1 1
github.com/corvusHold/guard/internal/auth/controller/http.go:2185.21,2187.3 1 1
github.com/corvusHold/guard/internal/auth/controller/http.go:2188.2,2188.76 1 0
github.com/corvusHold/guard/internal/auth/controller/http.go:2188.76,2190.3 1 0
github.com/corvusHold/guard/internal/auth/controller/http.go:2191.2,2191.71 1 0
github.com/corvusHold/guard/internal/auth/controller/http.go:2206.59,2209.16 3 1
github.com/corvusHold/guard/internal/auth/controller/http.go:2209.16,2211.3 1 1
github.com/corvusHold/guard/internal/auth/controller/http.go:2213.2,2214.37 2 0
github.com/corvusHold/guard/internal/auth/controller/http.go:2214.37,2216.3 1 0
github.com/corvusHold/guard/internal/auth/controller/http.go:2217.2,2217.41 1 0
github.com/corvusHold/guard/internal/auth/controller/http.go:2217.41,2219.3 1 0
github.com/corvusHold/guard/internal/auth/controller/http.go:2220.2,2225.17 1 0
github.com/corvusHold/guard/internal/auth/controller/http.go:2225.17,2227.3 1 0
github.com/corvusHold/guard/internal/auth/controller/http.go:2228.2,2228.35 1 0
github.com/corvusHold/guard/internal/auth/controller/http.go:2242.54,2244.37 2 2
github.com/corvusHold/guard/internal/auth/controller/http.go:2244.37,2246.3 1 1
github.com/corvusHold/guard/internal/auth/controller/http.go:2247.2,2247.41 1 1
github.com/corvusHold/guard/internal/auth/controller/http.go:2247.41,2249.3 1 0
github.com/corvusHold/guard/internal/auth/controller/http.go:2250.2,2251.16 2 1
github.com/corvusHold/guard/internal/auth/controller/http.go:2251.16,2253.3 1 1
github.com/corvusHold/guard/internal/auth/controller/http.go:2254.2,2258.17 1 0
github.com/corvusHold/guard/internal/auth/controller/http.go:2258.17,2260.3 1 0
github.com/corvusHold/guard/internal/auth/controller/http.go:2261.2,2261.41 1 0
github.com/corvusHold/guard/internal/auth/controller/http.go:2279.56,2283.17 3 1
github.com/corvusHold/guard/internal/auth/controller/http.go:2283.17,2285.38 2 1
github.com/corvusHold/guard/internal/auth/controller/http.go:2285.38,2287.4 1 1
github.com/corvusHold/guard/internal/auth/controller/http.go:2288.3,2288.42 1 0
github.com/corvusHold/guard/internal/auth/controller/http.go:2288.42,2290.4 1 0
github.com/corvusHold/guard/internal/auth/controller/http.go:2291.3,2291.20 1 0
github.com/corvusHold/guard/internal/auth/controller/http.go:2293.2,2296.16 4 0
github.com/corvusHold/guard/internal/auth/controller/http.go:2296.16,2298.3 1 0
github.com/corvusHold/guard/internal/auth/controller/http.go:2299.2,2299.98 1 0
github.com/corvusHold/guard/internal/auth/controller/http.go:2337.53,2339.39 2 3
github.com/corvusHold/guard/internal/auth/controller/http.go:2339.39,2341.3 1 1
github.com/corvusHold/guard/internal/auth/controller/http.go:2343.2,2349.17 6 2
github.com/corvusHold/guard/internal/auth/controller/http.go:2349.17,2350.55 1 1
github.com/corvusHold/guard/internal/auth/controller/http.go:2350.55,2352.4 1 1
github.com/corvusHold/guard/internal/auth/controller/http.go:2354.2,2355.16 2 1
github.com/corvusHold/guard/internal/auth/controller/http.go:2355.16,2357.3 1 1
github.com/corvusHold/guard/internal/auth/controller/http.go:2358.2,2359.16 2 0
github.com/corvusHold/guard/internal/auth/controller/http.go:2359.16,2361.3 1 0
github.com/corvusHold/guard/internal/auth/controller/http.go:2362.2,2362.46 1 0
github.com/corvusHold/guard/internal/auth/controller/http.go:2376.56,2379.39 3 1
github.com/corvusHold/guard/internal/auth/controller/http.go:2379.39,2381.3 1 1
github.com/corvusHold/guard/internal/auth/controller/http.go:2382.2,2383.16 2 0
github.com/corvusHold/guard/internal/auth/controller/http.go:2383.16,2385.3 1 0
github.com/corvusHold/guard/internal/auth/controller/http.go:2386.2,2386.98 1 0
github.com/corvusHold/guard/internal/auth/controller/http.go:2404.79,2410.16 5 1
github.com/corvusHold/guard/internal/auth/controller/http.go:2410.16,2413.3 2 1
github.com/corvusHold/guard/internal/auth/controller/http.go:2416.2,2418.16 3 0
github.com/corvusHold/guard/internal/auth/controller/http.go:2418.16,2421.3 2 0
github.com/corvusHold/guard/internal/auth/controller/http.go:2423.2,2423.29 1 0
github.com/corvusHold/guard/internal/auth/controller/http.go:2423.29,2426.3 2 0
github.com/corvusHold/guard/internal/auth/controller/http.go:2427.2,2428.34 2 0
github.com/corvusHold/guard/internal/auth/controller/http.go:2428.34,2431.3 2 0
github.com/corvusHold/guard/internal/auth/controller/http.go:2432.2,2433.21 2 0
github.com/corvusHold/guard/internal/auth/controller/http.go:2433.21,2434.67 1 0
github.com/corvusHold/guard/internal/auth/controller/http.go:2434.67,2437.4 2 0
github.com/corvusHold/guard/internal/auth/controller/http.go:2439.2,2441.16 3 0
github.com/corvusHold/guard/internal/auth/controller/http.go:2441.16,2444.3 2 0
github.com/corvusHold/guard/internal/auth/controller/http.go:2445.2,2446.36 2 0
github.com/corvusHold/guard/internal/auth/controller/http.go:2460.54,2462.16 2 1
github.com/corvusHold/guard/internal/auth/controller/http.go:2462.16,2464.3 1 1
github.com/corvusHold/guard/internal/auth/controller/http.go:2465.2,2466.16 2 0
github.com/corvusHold/guard/internal/auth/controller/http.go:2466.16,2468.3 1 0
github.com/corvusHold/guard/internal/auth/controller/http.go:2469.2,2469.81 1 0
github.com/corvusHold/guard/internal/auth/controller/http.go:2484.57,2486.37 2 2
github.com/corvusHold/guard/internal/auth/controller/http.go:2486.37,2488.3 1 1
github.com/corvusHold/guard/internal/auth/controller/http.go:2489.2,2489.41 1 1
github.com/corvusHold/guard/internal/auth/controller/http.go:2489.41,2491.3 1 0
github.com/corvusHold/guard/internal/auth/controller/http.go:2492.2,2493.16 2 1
github.com/corvusHold/guard/internal/auth/controller/http.go:2493.16,2495.3 1 1
github.com/corvusHold/guard/internal/auth/controller/http.go:2496.2,2496.87 1 0
github.com/corvusHold/guard/internal/auth/controller/http.go:2496.87,2498.3 1 0
github.com/corvusHold/guard/internal/auth/controller/http.go:2499.2,2499.42 1 0
github.com/corvusHold/guard/internal/auth/controller/http.go:2511.56,2513.16 2 1
github.com/corvusHold/guard/internal/auth/controller/http.go:2513.16,2515.3 1 1
github.com/corvusHold/guard/internal/auth/controller/http.go:2516.2,2516.76 1 0
github.com/corvusHold/guard/internal/auth/controller/http.go:2516.76,2518.3 1 0
github.com/corvusHold/guard/internal/auth/controller/http.go:2519.2,2519.42 1 0
github.com/corvusHold/guard/internal/auth/controller/http.go:2537.59,2540.20 3 1
github.com/corvusHold/guard/internal/auth/controller/http.go:2540.20,2542.3 1 1
github.com/corvusHold/guard/internal/auth/controller/http.go:2543.2,2543.41 1 1
github.com/corvusHold/guard/internal/auth/controller/http.go:2543.41,2545.3 1 0
github.com/corvusHold/guard/internal/auth/controller/http.go:2546.2,2547.16 2 1
github.com/corvusHold/guard/internal/auth/controller/http.go:2547.16,2549.3 1 1
github.com/corvusHold/guard/internal/auth/controller/http.go:2550.2,2551.16 2 0
github.com/corvusHold/guard/internal/auth/controller/http.go:2551.16,2553.3 1 0
github.com/corvusHold/guard/internal/auth/controller/http.go:2554.2,2554.67 1 0
github.com/corvusHold/guard/internal/auth/controller/http.go:2570.58,2572.37 2 2
github.com/corvusHold/guard/internal/auth/controller/http.go:2572.37,2574.3 1 1
github.com/corvusHold/guard/internal/auth/controller/http.go:2575.2,2575.41 1 1
github.com/corvusHold/guard/internal/auth/controller/http.go:2575.41,2577.3 1 0
github.com/corvusHold/guard/internal/auth/controller/http.go:2578.2,2579.16 2 1
github.com/corvusHold/guard/internal/auth/controller/http.go:2579.16,2581.3 1 1
github.com/corvusHold/guard/internal/auth/controller/http.go:2582.2,2583.16 2 0
github.com/corvusHold/guard/internal/auth/controller/http.go:2583.16,2585.3 1 0
github.com/corvusHold/guard/internal/auth/controller/http.go:2586.2,2586.66 1 0
github.com/corvusHold/guard/internal/auth/controller/http.go:2599.56,2601.16 2 1
github.com/corvusHold/guard/internal/auth/controller/http.go:2601.16,2603.3 1 1
github.com/corvusHold/guard/internal/auth/controller/http.go:2604.2,2605.16 2 0
github.com/corvusHold/guard/internal/auth/controller/http.go:2605.16,2607.3 1 0
github.com/corvusHold/guard/internal/auth/controller/http.go:2608.2,2608.60 1 0
github.com/corvusHold/guard/internal/auth/controller/http.go:2626.54,2629.37 3 3
github.com/corvusHold/guard/internal/auth/controller/http.go:2629.37,2631.3 1 1
github.com/corvusHold/guard/internal/auth/controller/http.go:2632.2,2632.41 1 2
github.com/corvusHold/guard/internal/auth/controller/http.go:2632.41,2634.3 1 0
github.com/corvusHold/guard/internal/auth/controller/http.go:2635.2,2638.40 3 2
github.com/corvusHold/guard/internal/auth/controller/http.go:2638.40,2640.3 1 0
github.com/corvusHold/guard/internal/auth/controller/http.go:2641.2,2648.16 2 2
github.com/corvusHold/guard/internal/auth/controller/http.go:2648.16,2650.3 1 1
github.com/corvusHold/guard/internal/auth/controller/http.go:2651.2,2651.98 1 1
github.com/corvusHold/guard/internal/auth/controller/http_api_keys.go:61.57,63.15 2 3
github.com/corvusHold/guard/internal/auth/controller/http_api_keys.go:63.15,65.3 1 0
github.com/corvusHold/guard/internal/auth/controller/http_api_keys.go:66.2,67.30 2 3
github.com/corvusHold/guard/internal/auth/controller/http_api_keys.go:67.30,69.3 1 0
github.com/corvusHold/guard/internal/auth/controller/http_api_keys.go:72.2,72.33 1 3
github.com/corvusHold/guard/internal/auth/controller/http_api_keys.go:72.33,74.3 1 0
github.com/corvusHold/guard/internal/auth/controller/http_api_keys.go:76.2,77.37 2 3
github.com/corvusHold/guard/internal/auth/controller/http_api_keys.go:77.37,79.3 1 0
github.com/corvusHold/guard/internal/auth/controller/http_api_keys.go:80.2,80.41 1 3
github.com/corvusHold/guard/internal/auth/controller/http_api_keys.go:80.41,82.3 1 0
github.com/corvusHold/guard/internal/auth/controller/http_api_keys.go:84.2,85.50 2 3
github.com/corvusHold/guard/internal/auth/controller/http_api_keys.go:85.50,87.17 2 1
github.com/corvusHold/guard/internal/auth/controller/http_api_keys.go:87.17,89.4 1 1
github.com/corvusHold/guard/internal/auth/controller/http_api_keys.go:90.3,90.17 1 0
github.com/corvusHold/guard/internal/auth/controller/http_api_keys.go:93.2,94.16 2 2
github.com/corvusHold/guard/internal/auth/controller/http_api_keys.go:94.16,96.3 1 1
github.com/corvusHold/guard/internal/auth/controller/http_api_keys.go:98.2,107.4 1 1
github.com/corvusHold/guard/internal/auth/controller/http_api_keys.go:120.56,122.15 2 2
github.com/corvusHold/guard/internal/auth/controller/http_api_keys.go:122.15,124.3 1 0
github.com/corvusHold/guard/internal/auth/controller/http_api_keys.go:125.2,126.30 2 2
github.com/corvusHold/guard/internal/auth/controller/http_api_keys.go:126.30,128.3 1 0
github.com/corvusHold/guard/internal/auth/controller/http_api_keys.go:130.2,130.33 1 2
github.com/corvusHold/guard/internal/auth/controller/http_api_keys.go:130.33,132.3 1 1
github.com/corvusHold/guard/internal/auth/controller/http_api_keys.go:134.2,135.16 2 1
github.com/corvusHold/guard/internal/auth/controller/http_api_keys.go:135.16,137.3 1 0
github.com/corvusHold/guard/internal/auth/controller/http_api_keys.go:139.2,140.25 2 1
github.com/corvusHold/guard/internal/auth/controller/http_api_keys.go:140.25,154.3 1 1
github.com/corvusHold/guard/internal/auth/controller/http_api_keys.go:156.2,156.61 1 1
github.com/corvusHold/guard/internal/auth/controller/http_api_keys.go:170.57,172.15 2 3
github.com/corvusHold/guard/internal/auth/controller/http_api_keys.go:172.15,174.3 1 0
github.com/corvusHold/guard/internal/auth/controller/http_api_keys.go:175.2,176.30 2 3
github.com/corvusHold/guard/internal/auth/controller/http_api_keys.go:176.30,178.3 1 0
github.com/corvusHold/guard/internal/auth/controller/http_api_keys.go:180.2,180.33 1 3
github.com/corvusHold/guard/internal/auth/controller/http_api_keys.go:180.33,182.3 1 0
github.com/corvusHold/guard/internal/auth/controller/http_api_keys.go:184.2,185.16 2 3
github.com/corvusHold/guard/internal/auth/controller/http_api_keys.go:185.16,187.3 1 1
github.com/corvusHold/guard/internal/auth/controller/http_api_keys.go:189.2,189.86 1 2
github.com/corvusHold/guard/internal/auth/controller/http_api_keys.go:189.86,191.3 1 1
github.com/corvusHold/guard/internal/auth/controller/http_api_keys.go:193.2,193.42 1 1
github.com/corvusHold/guard/internal/auth/controller/http_api_keys.go:197.50,198.26 1 8
github.com/corvusHold/guard/internal/auth/controller/http_api_keys.go:198.26,199.18 1 8
github.com/corvusHold/guard/internal/auth/controller/http_api_keys.go:199.18,201.4 1 7
github.com/corvusHold/guard/internal/auth/controller/http_api_keys.go:203.2,203.14 1 1
github.com/corvusHold/guard/internal/auth/controller/http_bulk.go:17.56,21.2 3 3
github.com/corvusHold/guard/internal/auth/controller/http_bulk.go:38.60,40.16 2 6
github.com/corvusHold/guard/internal/auth/controller/http_bulk.go:40.16,42.3 1 0
github.com/corvusHold/guard/internal/auth/controller/http_bulk.go:43.2,44.23 2 6
github.com/corvusHold/guard/internal/auth/controller/http_bulk.go:44.23,46.3 1 1
github.com/corvusHold/guard/internal/auth/controller/http_bulk.go:48.2,52.16 4 5
github.com/corvusHold/guard/internal/auth/controller/http_bulk.go:52.16,54.3 1 1
github.com/corvusHold/guard/internal/auth/controller/http_bulk.go:55.2,55.31 1 4
github.com/corvusHold/guard/internal/auth/controller/http_bulk.go:55.31,57.3 1 0
github.com/corvusHold/guard/internal/auth/controller/http_bulk.go:58.2,59.16 2 4
github.com/corvusHold/guard/internal/auth/controller/http_bulk.go:59.16,61.3 1 0
github.com/corvusHold/guard/internal/auth/controller/http_bulk.go:62.2,62.15 1 4
github.com/corvusHold/guard/internal/auth/controller/http_bulk.go:62.15,64.3 1 4
github.com/corvusHold/guard/internal/auth/controller/http_bulk.go:67.2,72.88 4 4
github.com/corvusHold/guard/internal/auth/controller/http_bulk.go:72.88,74.17 2 3
github.com/corvusHold/guard/internal/auth/controller/http_bulk.go:74.17,76.4 1 0
github.com/corvusHold/guard/internal/auth/controller/http_bulk.go:77.3,84.56 2 3
github.com/corvusHold/guard/internal/auth/controller/http_bulk.go:84.56,86.4 1 1
github.com/corvusHold/guard/internal/auth/controller/http_bulk.go:87.3,87.35 1 2
github.com/corvusHold/guard/internal/auth/controller/http_bulk.go:87.35,89.4 1 0
github.com/corvusHold/guard/internal/auth/controller/http_bulk.go:90.3,90.29 1 2
github.com/corvusHold/guard/internal/auth/controller/http_bulk.go:90.29,92.20 2 3
github.com/corvusHold/guard/internal/auth/controller/http_bulk.go:92.20,94.5 1 0
github.com/corvusHold/guard/internal/auth/controller/http_bulk.go:95.4,102.6 1 3
github.com/corvusHold/guard/internal/auth/controller/http_bulk.go:104.8,108.17 3 1
github.com/corvusHold/guard/internal/auth/controller/http_bulk.go:108.17,110.4 1 0
github.com/corvusHold/guard/internal/auth/controller/http_bulk.go:111.3,112.30 2 1
github.com/corvusHold/guard/internal/auth/controller/http_bulk.go:112.30,114.4 1 5
github.com/corvusHold/guard/internal/auth/controller/http_bulk.go:116.3,116.7 1 1
github.com/corvusHold/guard/internal/auth/controller/http_bulk.go:116.7,118.21 2 3
github.com/corvusHold/guard/internal/auth/controller/http_bulk.go:118.21,119.10 1 1
github.com/corvusHold/guard/internal/auth/controller/http_bulk.go:121.4,121.18 1 2
github.com/corvusHold/guard/internal/auth/controller/http_bulk.go:121.18,122.10 1 0
github.com/corvusHold/guard/internal/auth/controller/http_bulk.go:124.4,124.39 1 2
github.com/corvusHold/guard/internal/auth/controller/http_bulk.go:124.39,125.57 1 10
github.com/corvusHold/guard/internal/auth/controller/http_bulk.go:125.57,127.6 1 10
github.com/corvusHold/guard/internal/auth/controller/http_bulk.go:128.5,128.14 1 0
github.com/corvusHold/guard/internal/auth/controller/http_bulk.go:130.4,131.36 2 2
github.com/corvusHold/guard/internal/auth/controller/http_bulk.go:131.36,133.5 1 2
github.com/corvusHold/guard/internal/auth/controller/http_bulk.go:134.4,142.35 2 2
github.com/corvusHold/guard/internal/auth/controller/http_bulk.go:142.35,143.10 1 0
github.com/corvusHold/guard/internal/auth/controller/http_bulk.go:148.2,149.26 2 3
github.com/corvusHold/guard/internal/auth/controller/http_bulk.go:149.26,150.20 1 5
github.com/corvusHold/guard/internal/auth/controller/http_bulk.go:150.20,152.12 2 2
github.com/corvusHold/guard/internal/auth/controller/http_bulk.go:154.3,155.17 2 3
github.com/corvusHold/guard/internal/auth/controller/http_bulk.go:155.17,158.4 2 1
github.com/corvusHold/guard/internal/auth/controller/http_bulk.go:158.9,160.4 1 2
github.com/corvusHold/guard/internal/auth/controller/http_bulk.go:162.2,162.38 1 3
github.com/corvusHold/guard/internal/auth/controller/http_bulk.go:172.60,174.16 2 2
github.com/corvusHold/guard/internal/auth/controller/http_bulk.go:174.16,176.3 1 0
github.com/corvusHold/guard/internal/auth/controller/http_bulk.go:177.2,178.23 2 2
github.com/corvusHold/guard/internal/auth/controller/http_bulk.go:178.23,180.3 1 0
github.com/corvusHold/guard/internal/auth/controller/http_bulk.go:182.2,185.42 4 2
github.com/corvusHold/guard/internal/auth/controller/http_bulk.go:185.42,187.3 1 1
github.com/corvusHold/guard/internal/auth/controller/http_bulk.go:188.2,188.16 1 2
github.com/corvusHold/guard/internal/auth/controller/http_bulk.go:188.16,190.3 1 0
github.com/corvusHold/guard/internal/auth/controller/http_bulk.go:193.2,194.16 2 2
github.com/corvusHold/guard/internal/auth/controller/http_bulk.go:194.16,196.3 1 1
github.com/corvusHold/guard/internal/auth/controller/http_bulk.go:198.2,199.13 2 1
github.com/corvusHold/guard/internal/auth/controller/http_bulk.go:199.13,201.3 1 0
github.com/corvusHold/guard/internal/auth/controller/http_bulk.go:203.2,204.21 2 1
github.com/corvusHold/guard/internal/auth/controller/http_bulk.go:204.21,209.27 5 1
github.com/corvusHold/guard/internal/auth/controller/http_bulk.go:209.27,211.4 1 1
github.com/corvusHold/guard/internal/auth/controller/http_bulk.go:212.3,213.13 2 1
github.com/corvusHold/guard/internal/auth/controller/http_bulk.go:216.2,222.4 1 0
github.com/corvusHold/guard/internal/auth/controller/http_compliance.go:12.62,15.2 2 3
github.com/corvusHold/guard/internal/auth/controller/http_compliance.go:24.61,26.16 2 2
github.com/corvusHold/guard/internal/auth/controller/http_compliance.go:26.16,28.3 1 0
github.com/corvusHold/guard/internal/auth/controller/http_compliance.go:29.2,30.23 2 2
github.com/corvusHold/guard/internal/auth/controller/http_compliance.go:30.23,32.3 1 0
github.com/corvusHold/guard/internal/auth/controller/http_compliance.go:34.2,35.16 2 2
github.com/corvusHold/guard/internal/auth/controller/http_compliance.go:35.16,37.3 1 1
github.com/corvusHold/guard/internal/auth/controller/http_compliance.go:39.2,71.38 2 1
github.com/corvusHold/guard/internal/auth/controller/http_email_discovery.go:42.59,44.37 2 8
github.com/corvusHold/guard/internal/auth/controller/http_email_discovery.go:44.37,46.3 1 1
github.com/corvusHold/guard/internal/auth/controller/http_email_discovery.go:49.2,53.20 3 7
github.com/corvusHold/guard/internal/auth/controller/http_email_discovery.go:53.20,56.17 2 3
github.com/corvusHold/guard/internal/auth/controller/http_email_discovery.go:56.17,57.42 1 2
github.com/corvusHold/guard/internal/auth/controller/http_email_discovery.go:57.42,65.5 1 1
github.com/corvusHold/guard/internal/auth/controller/http_email_discovery.go:65.10,67.5 1 1
github.com/corvusHold/guard/internal/auth/controller/http_email_discovery.go:68.9,76.4 1 1
github.com/corvusHold/guard/internal/auth/controller/http_email_discovery.go:77.8,80.17 2 4
github.com/corvusHold/guard/internal/auth/controller/http_email_discovery.go:80.17,82.4 1 1
github.com/corvusHold/guard/internal/auth/controller/http_email_discovery.go:84.3,84.24 1 3
github.com/corvusHold/guard/internal/auth/controller/http_email_discovery.go:84.24,92.4 1 1
github.com/corvusHold/guard/internal/auth/controller/http_email_discovery.go:92.9,92.31 1 2
github.com/corvusHold/guard/internal/auth/controller/http_email_discovery.go:92.31,103.4 2 1
github.com/corvusHold/guard/internal/auth/controller/http_email_discovery.go:103.9,106.30 2 1
github.com/corvusHold/guard/internal/auth/controller/http_email_discovery.go:106.30,108.5 1 2
github.com/corvusHold/guard/internal/auth/controller/http_email_discovery.go:110.4,116.5 1 1
github.com/corvusHold/guard/internal/auth/controller/http_email_discovery.go:120.2,120.40 1 5
github.com/corvusHold/guard/internal/auth/controller/http_fga.go:52.59,54.37 2 4
github.com/corvusHold/guard/internal/auth/controller/http_fga.go:54.37,56.3 1 1
github.com/corvusHold/guard/internal/auth/controller/http_fga.go:57.2,57.41 1 3
github.com/corvusHold/guard/internal/auth/controller/http_fga.go:57.41,59.3 1 0
github.com/corvusHold/guard/internal/auth/controller/http_fga.go:60.2,61.16 2 3
github.com/corvusHold/guard/internal/auth/controller/http_fga.go:61.16,63.3 1 1
github.com/corvusHold/guard/internal/auth/controller/http_fga.go:64.2,65.16 2 2
github.com/corvusHold/guard/internal/auth/controller/http_fga.go:65.16,67.3 1 0
github.com/corvusHold/guard/internal/auth/controller/http_fga.go:69.2,70.16 2 2
github.com/corvusHold/guard/internal/auth/controller/http_fga.go:70.16,71.47 1 1
github.com/corvusHold/guard/internal/auth/controller/http_fga.go:71.47,73.4 1 1
github.com/corvusHold/guard/internal/auth/controller/http_fga.go:74.3,74.80 1 0
github.com/corvusHold/guard/internal/auth/controller/http_fga.go:76.2,76.18 1 1
github.com/corvusHold/guard/internal/auth/controller/http_fga.go:76.18,87.3 1 0
github.com/corvusHold/guard/internal/auth/controller/http_fga.go:88.2,88.123 1 1
github.com/corvusHold/guard/internal/auth/controller/http_fga.go:103.58,105.18 2 3
github.com/corvusHold/guard/internal/auth/controller/http_fga.go:105.18,107.3 1 1
github.com/corvusHold/guard/internal/auth/controller/http_fga.go:108.2,109.16 2 2
github.com/corvusHold/guard/internal/auth/controller/http_fga.go:109.16,111.3 1 0
github.com/corvusHold/guard/internal/auth/controller/http_fga.go:112.2,112.64 1 2
github.com/corvusHold/guard/internal/auth/controller/http_fga.go:112.64,114.3 1 0
github.com/corvusHold/guard/internal/auth/controller/http_fga.go:116.2,117.16 2 2
github.com/corvusHold/guard/internal/auth/controller/http_fga.go:117.16,119.3 1 1
github.com/corvusHold/guard/internal/auth/controller/http_fga.go:120.2,121.27 2 1
github.com/corvusHold/guard/internal/auth/controller/http_fga.go:121.27,123.3 1 1
github.com/corvusHold/guard/internal/auth/controller/http_fga.go:124.2,124.62 1 1
github.com/corvusHold/guard/internal/auth/controller/http_fga.go:139.59,142.16 3 4
github.com/corvusHold/guard/internal/auth/controller/http_fga.go:142.16,144.3 1 1
github.com/corvusHold/guard/internal/auth/controller/http_fga.go:145.2,146.18 2 3
github.com/corvusHold/guard/internal/auth/controller/http_fga.go:146.18,148.3 1 1
github.com/corvusHold/guard/internal/auth/controller/http_fga.go:149.2,150.16 2 2
github.com/corvusHold/guard/internal/auth/controller/http_fga.go:150.16,152.3 1 0
github.com/corvusHold/guard/internal/auth/controller/http_fga.go:153.2,154.16 2 2
github.com/corvusHold/guard/internal/auth/controller/http_fga.go:154.16,156.3 1 0
github.com/corvusHold/guard/internal/auth/controller/http_fga.go:158.2,158.84 1 2
github.com/corvusHold/guard/internal/auth/controller/http_fga.go:158.84,160.3 1 1
github.com/corvusHold/guard/internal/auth/controller/http_fga.go:161.2,161.18 1 1
github.com/corvusHold/guard/internal/auth/controller/http_fga.go:161.18,169.3 1 0
github.com/corvusHold/guard/internal/auth/controller/http_fga.go:170.2,170.42 1 1
github.com/corvusHold/guard/internal/auth/controller/http_fga.go:191.62,193.16 2 3
github.com/corvusHold/guard/internal/auth/controller/http_fga.go:193.16,195.3 1 0
github.com/corvusHold/guard/internal/auth/controller/http_fga.go:197.2,199.16 3 3
github.com/corvusHold/guard/internal/auth/controller/http_fga.go:199.16,201.3 1 1
github.com/corvusHold/guard/internal/auth/controller/http_fga.go:202.2,203.37 2 2
github.com/corvusHold/guard/internal/auth/controller/http_fga.go:203.37,205.3 1 0
github.com/corvusHold/guard/internal/auth/controller/http_fga.go:206.2,206.41 1 2
github.com/corvusHold/guard/internal/auth/controller/http_fga.go:206.41,208.3 1 0
github.com/corvusHold/guard/internal/auth/controller/http_fga.go:209.2,210.16 2 2
github.com/corvusHold/guard/internal/auth/controller/http_fga.go:210.16,212.3 1 0
github.com/corvusHold/guard/internal/auth/controller/http_fga.go:214.2,214.85 1 2
github.com/corvusHold/guard/internal/auth/controller/http_fga.go:214.85,216.3 1 1
github.com/corvusHold/guard/internal/auth/controller/http_fga.go:217.2,217.18 1 1
github.com/corvusHold/guard/internal/auth/controller/http_fga.go:217.18,225.3 1 0
github.com/corvusHold/guard/internal/auth/controller/http_fga.go:226.2,226.42 1 1
github.com/corvusHold/guard/internal/auth/controller/http_fga.go:242.65,244.16 2 4
github.com/corvusHold/guard/internal/auth/controller/http_fga.go:244.16,246.3 1 0
github.com/corvusHold/guard/internal/auth/controller/http_fga.go:248.2,250.16 3 4
github.com/corvusHold/guard/internal/auth/controller/http_fga.go:250.16,252.3 1 0
github.com/corvusHold/guard/internal/auth/controller/http_fga.go:253.2,254.37 2 4
github.com/corvusHold/guard/internal/auth/controller/http_fga.go:254.37,256.3 1 1
github.com/corvusHold/guard/internal/auth/controller/http_fga.go:257.2,257.41 1 3
github.com/corvusHold/guard/internal/auth/controller/http_fga.go:257.41,259.3 1 0
github.com/corvusHold/guard/internal/auth/controller/http_fga.go:260.2,261.16 2 3
github.com/corvusHold/guard/internal/auth/controller/http_fga.go:261.16,263.3 1 1
github.com/corvusHold/guard/internal/auth/controller/http_fga.go:265.2,265.88 1 2
github.com/corvusHold/guard/internal/auth/controller/http_fga.go:265.88,267.3 1 1
github.com/corvusHold/guard/internal/auth/controller/http_fga.go:268.2,268.18 1 1
github.com/corvusHold/guard/internal/auth/controller/http_fga.go:268.18,276.3 1 0
github.com/corvusHold/guard/internal/auth/controller/http_fga.go:277.2,277.42 1 1
github.com/corvusHold/guard/internal/auth/controller/http_fga.go:302.62,304.37 2 3
github.com/corvusHold/guard/internal/auth/controller/http_fga.go:304.37,306.3 1 1
github.com/corvusHold/guard/internal/auth/controller/http_fga.go:307.2,307.41 1 2
github.com/corvusHold/guard/internal/auth/controller/http_fga.go:307.41,309.3 1 0
github.com/corvusHold/guard/internal/auth/controller/http_fga.go:310.2,311.16 2 2
github.com/corvusHold/guard/internal/auth/controller/http_fga.go:311.16,313.3 1 0
github.com/corvusHold/guard/internal/auth/controller/http_fga.go:314.2,315.16 2 2
github.com/corvusHold/guard/internal/auth/controller/http_fga.go:315.16,317.3 1 0
github.com/corvusHold/guard/internal/auth/controller/http_fga.go:318.2,319.16 2 2
github.com/corvusHold/guard/internal/auth/controller/http_fga.go:319.16,321.3 1 0
github.com/corvusHold/guard/internal/auth/controller/http_fga.go:323.2,323.187 1 2
github.com/corvusHold/guard/internal/auth/controller/http_fga.go:323.187,325.3 1 1
github.com/corvusHold/guard/internal/auth/controller/http_fga.go:326.2,326.18 1 1
github.com/corvusHold/guard/internal/auth/controller/http_fga.go:326.18,333.26 2 0
github.com/corvusHold/guard/internal/auth/controller/http_fga.go:333.26,335.4 1 0
github.com/corvusHold/guard/internal/auth/controller/http_fga.go:336.3,342.5 1 0
github.com/corvusHold/guard/internal/auth/controller/http_fga.go:344.2,344.40 1 1
github.com/corvusHold/guard/internal/auth/controller/http_fga.go:369.62,371.37 2 5
github.com/corvusHold/guard/internal/auth/controller/http_fga.go:371.37,373.3 1 1
github.com/corvusHold/guard/internal/auth/controller/http_fga.go:374.2,374.41 1 4
github.com/corvusHold/guard/internal/auth/controller/http_fga.go:374.41,376.3 1 0
github.com/corvusHold/guard/internal/auth/controller/http_fga.go:377.2,378.16 2 4
github.com/corvusHold/guard/internal/auth/controller/http_fga.go:378.16,380.3 1 1
github.com/corvusHold/guard/internal/auth/controller/http_fga.go:381.2,382.16 2 3
github.com/corvusHold/guard/internal/auth/controller/http_fga.go:382.16,384.3 1 0
github.com/corvusHold/guard/internal/auth/controller/http_fga.go:385.2,386.16 2 3
github.com/corvusHold/guard/internal/auth/controller/http_fga.go:386.16,388.3 1 1
github.com/corvusHold/guard/internal/auth/controller/http_fga.go:390.2,390.172 1 2
github.com/corvusHold/guard/internal/auth/controller/http_fga.go:390.172,392.3 1 1
github.com/corvusHold/guard/internal/auth/controller/http_fga.go:393.2,393.18 1 1
github.com/corvusHold/guard/internal/auth/controller/http_fga.go:393.18,400.26 2 0
github.com/corvusHold/guard/internal/auth/controller/http_fga.go:400.26,402.4 1 0
github.com/corvusHold/guard/internal/auth/controller/http_fga.go:403.3,409.5 1 0
github.com/corvusHold/guard/internal/auth/controller/http_fga.go:411.2,411.42 1 1
github.com/corvusHold/guard/internal/auth/controller/http_fga.go:444.57,447.15 2 5
github.com/corvusHold/guard/internal/auth/controller/http_fga.go:447.15,449.3 1 1
github.com/corvusHold/guard/internal/auth/controller/http_fga.go:450.2,451.30 2 4
github.com/corvusHold/guard/internal/auth/controller/http_fga.go:451.30,453.3 1 0
github.com/corvusHold/guard/internal/auth/controller/http_fga.go:455.2,456.37 2 4
github.com/corvusHold/guard/internal/auth/controller/http_fga.go:456.37,458.3 1 0
github.com/corvusHold/guard/internal/auth/controller/http_fga.go:459.2,459.41 1 4
github.com/corvusHold/guard/internal/auth/controller/http_fga.go:459.41,461.3 1 0
github.com/corvusHold/guard/internal/auth/controller/http_fga.go:464.2,464.48 1 4
github.com/corvusHold/guard/internal/auth/controller/http_fga.go:464.48,467.3 2 3
github.com/corvusHold/guard/internal/auth/controller/http_fga.go:470.2,470.44 1 4
github.com/corvusHold/guard/internal/auth/controller/http_fga.go:470.44,472.3 1 1
github.com/corvusHold/guard/internal/auth/controller/http_fga.go:475.2,475.45 1 3
github.com/corvusHold/guard/internal/auth/controller/http_fga.go:475.45,477.3 1 1
github.com/corvusHold/guard/internal/auth/controller/http_fga.go:479.2,480.16 2 2
github.com/corvusHold/guard/internal/auth/controller/http_fga.go:480.16,482.3 1 0
github.com/corvusHold/guard/internal/auth/controller/http_fga.go:483.2,484.16 2 2
github.com/corvusHold/guard/internal/auth/controller/http_fga.go:484.16,486.3 1 0
github.com/corvusHold/guard/internal/auth/controller/http_fga.go:488.2,489.16 2 2
github.com/corvusHold/guard/internal/auth/controller/http_fga.go:489.16,491.3 1 1
github.com/corvusHold/guard/internal/auth/controller/http_fga.go:492.2,492.82 1 1
github.com/corvusHold/guard/internal/auth/controller/http_invitations.go:95.55,97.15 2 4
github.com/corvusHold/guard/internal/auth/controller/http_invitations.go:97.15,99.3 1 1
github.com/corvusHold/guard/internal/auth/controller/http_invitations.go:100.2,101.30 2 3
github.com/corvusHold/guard/internal/auth/controller/http_invitations.go:101.30,103.3 1 0
github.com/corvusHold/guard/internal/auth/controller/http_invitations.go:106.2,107.29 2 3
github.com/corvusHold/guard/internal/auth/controller/http_invitations.go:107.29,108.36 1 3
github.com/corvusHold/guard/internal/auth/controller/http_invitations.go:108.36,110.9 2 3
github.com/corvusHold/guard/internal/auth/controller/http_invitations.go:113.2,113.14 1 3
github.com/corvusHold/guard/internal/auth/controller/http_invitations.go:113.14,115.3 1 0
github.com/corvusHold/guard/internal/auth/controller/http_invitations.go:117.2,118.37 2 3
github.com/corvusHold/guard/internal/auth/controller/http_invitations.go:118.37,120.3 1 0
github.com/corvusHold/guard/internal/auth/controller/http_invitations.go:121.2,121.41 1 3
github.com/corvusHold/guard/internal/auth/controller/http_invitations.go:121.41,123.3 1 0
github.com/corvusHold/guard/internal/auth/controller/http_invitations.go:125.2,126.16 2 3
github.com/corvusHold/guard/internal/auth/controller/http_invitations.go:126.16,128.3 1 0
github.com/corvusHold/guard/internal/auth/controller/http_invitations.go:131.2,131.29 1 3
github.com/corvusHold/guard/internal/auth/controller/http_invitations.go:131.29,133.3 1 1
github.com/corvusHold/guard/internal/auth/controller/http_invitations.go:136.2,142.16 2 2
github.com/corvusHold/guard/internal/auth/controller/http_invitations.go:142.16,144.3 1 1
github.com/corvusHold/guard/internal/auth/controller/http_invitations.go:147.2,148.19 2 1
github.com/corvusHold/guard/internal/auth/controller/http_invitations.go:148.19,150.3 1 1
github.com/corvusHold/guard/internal/auth/controller/http_invitations.go:151.2,161.4 2 1
github.com/corvusHold/guard/internal/auth/controller/http_invitations.go:177.60,179.15 2 4
github.com/corvusHold/guard/internal/auth/controller/http_invitations.go:179.15,181.3 1 1
github.com/corvusHold/guard/internal/auth/controller/http_invitations.go:182.2,183.30 2 3
github.com/corvusHold/guard/internal/auth/controller/http_invitations.go:183.30,185.3 1 0
github.com/corvusHold/guard/internal/auth/controller/http_invitations.go:188.2,189.29 2 3
github.com/corvusHold/guard/internal/auth/controller/http_invitations.go:189.29,190.36 1 3
github.com/corvusHold/guard/internal/auth/controller/http_invitations.go:190.36,192.9 2 3
github.com/corvusHold/guard/internal/auth/controller/http_invitations.go:195.2,195.14 1 3
github.com/corvusHold/guard/internal/auth/controller/http_invitations.go:195.14,197.3 1 0
github.com/corvusHold/guard/internal/auth/controller/http_invitations.go:199.2,200.23 2 3
github.com/corvusHold/guard/internal/auth/controller/http_invitations.go:200.23,202.3 1 3
github.com/corvusHold/guard/internal/auth/controller/http_invitations.go:203.2,204.16 2 3
github.com/corvusHold/guard/internal/auth/controller/http_invitations.go:204.16,206.3 1 0
github.com/corvusHold/guard/internal/auth/controller/http_invitations.go:209.2,209.29 1 3
github.com/corvusHold/guard/internal/auth/controller/http_invitations.go:209.29,211.3 1 0
github.com/corvusHold/guard/internal/auth/controller/http_invitations.go:213.2,215.16 3 3
github.com/corvusHold/guard/internal/auth/controller/http_invitations.go:216.10,217.76 1 0
github.com/corvusHold/guard/internal/auth/controller/http_invitations.go:218.17,219.83 1 1
github.com/corvusHold/guard/internal/auth/controller/http_invitations.go:220.40,223.17 3 1
github.com/corvusHold/guard/internal/auth/controller/http_invitations.go:223.17,224.28 1 1
github.com/corvusHold/guard/internal/auth/controller/http_invitations.go:224.28,225.29 1 2
github.com/corvusHold/guard/internal/auth/controller/http_invitations.go:225.29,227.6 1 1
github.com/corvusHold/guard/internal/auth/controller/http_invitations.go:230.10,231.140 1 1
github.com/corvusHold/guard/internal/auth/controller/http_invitations.go:233.2,233.16 1 2
github.com/corvusHold/guard/internal/auth/controller/http_invitations.go:233.16,235.3 1 0
github.com/corvusHold/guard/internal/auth/controller/http_invitations.go:237.2,238.34 2 2
github.com/corvusHold/guard/internal/auth/controller/http_invitations.go:238.34,249.3 1 2
github.com/corvusHold/guard/internal/auth/controller/http_invitations.go:251.2,251.70 1 2
github.com/corvusHold/guard/internal/auth/controller/http_invitations.go:267.61,269.15 2 3
github.com/corvusHold/guard/internal/auth/controller/http_invitations.go:269.15,271.3 1 1
github.com/corvusHold/guard/internal/auth/controller/http_invitations.go:272.2,273.30 2 2
github.com/corvusHold/guard/internal/auth/controller/http_invitations.go:273.30,275.3 1 0
github.com/corvusHold/guard/internal/auth/controller/http_invitations.go:278.2,279.29 2 2
github.com/corvusHold/guard/internal/auth/controller/http_invitations.go:279.29,280.36 1 2
github.com/corvusHold/guard/internal/auth/controller/http_invitations.go:280.36,282.9 2 2
github.com/corvusHold/guard/internal/auth/controller/http_invitations.go:285.2,285.14 1 2
github.com/corvusHold/guard/internal/auth/controller/http_invitations.go:285.14,287.3 1 0
github.com/corvusHold/guard/internal/auth/controller/http_invitations.go:289.2,290.16 2 2
github.com/corvusHold/guard/internal/auth/controller/http_invitations.go:290.16,292.3 1 1
github.com/corvusHold/guard/internal/auth/controller/http_invitations.go:294.2,294.97 1 1
github.com/corvusHold/guard/internal/auth/controller/http_invitations.go:294.97,296.3 1 1
github.com/corvusHold/guard/internal/auth/controller/http_invitations.go:298.2,298.82 1 0
github.com/corvusHold/guard/internal/auth/controller/http_invitations.go:313.61,315.15 2 2
github.com/corvusHold/guard/internal/auth/controller/http_invitations.go:315.15,317.3 1 1
github.com/corvusHold/guard/internal/auth/controller/http_invitations.go:318.2,319.30 2 1
github.com/corvusHold/guard/internal/auth/controller/http_invitations.go:319.30,321.3 1 0
github.com/corvusHold/guard/internal/auth/controller/http_invitations.go:324.2,325.29 2 1
github.com/corvusHold/guard/internal/auth/controller/http_invitations.go:325.29,326.36 1 1
github.com/corvusHold/guard/internal/auth/controller/http_invitations.go:326.36,328.9 2 1
github.com/corvusHold/guard/internal/auth/controller/http_invitations.go:331.2,331.14 1 1
github.com/corvusHold/guard/internal/auth/controller/http_invitations.go:331.14,333.3 1 0
github.com/corvusHold/guard/internal/auth/controller/http_invitations.go:335.2,336.16 2 1
github.com/corvusHold/guard/internal/auth/controller/http_invitations.go:336.16,338.3 1 0
github.com/corvusHold/guard/internal/auth/controller/http_invitations.go:340.2,340.97 1 1
github.com/corvusHold/guard/internal/auth/controller/http_invitations.go:340.97,342.3 1 1
github.com/corvusHold/guard/internal/auth/controller/http_invitations.go:344.2,344.82 1 0
github.com/corvusHold/guard/internal/auth/controller/http_invitations.go:358.61,361.37 3 3
github.com/corvusHold/guard/internal/auth/controller/http_invitations.go:361.37,363.3 1 1
github.com/corvusHold/guard/internal/auth/controller/http_invitations.go:364.2,364.41 1 2
github.com/corvusHold/guard/internal/auth/controller/http_invitations.go:364.41,366.3 1 0
github.com/corvusHold/guard/internal/auth/controller/http_invitations.go:368.2,374.16 2 2
github.com/corvusHold/guard/internal/auth/controller/http_invitations.go:374.16,376.3 1 1
github.com/corvusHold/guard/internal/auth/controller/http_invitations.go:378.2,378.101 1 1
github.com/corvusHold/guard/internal/auth/controller/http_invitations.go:390.58,392.17 2 3
github.com/corvusHold/guard/internal/auth/controller/http_invitations.go:392.17,394.3 1 1
github.com/corvusHold/guard/internal/auth/controller/http_invitations.go:396.2,397.16 2 2
github.com/corvusHold/guard/internal/auth/controller/http_invitations.go:397.16,399.3 1 1
github.com/corvusHold/guard/internal/auth/controller/http_invitations.go:401.2,410.4 1 1
github.com/corvusHold/guard/internal/auth/controller/http_invitations.go:427.60,429.15 2 8
github.com/corvusHold/guard/internal/auth/controller/http_invitations.go:429.15,431.3 1 2
github.com/corvusHold/guard/internal/auth/controller/http_invitations.go:432.2,433.30 2 6
github.com/corvusHold/guard/internal/auth/controller/http_invitations.go:433.30,435.3 1 1
github.com/corvusHold/guard/internal/auth/controller/http_invitations.go:438.2,439.29 2 5
github.com/corvusHold/guard/internal/auth/controller/http_invitations.go:439.29,440.36 1 5
github.com/corvusHold/guard/internal/auth/controller/http_invitations.go:440.36,442.9 2 4
github.com/corvusHold/guard/internal/auth/controller/http_invitations.go:445.2,445.14 1 5
github.com/corvusHold/guard/internal/auth/controller/http_invitations.go:445.14,447.3 1 1
github.com/corvusHold/guard/internal/auth/controller/http_invitations.go:449.2,450.37 2 4
github.com/corvusHold/guard/internal/auth/controller/http_invitations.go:450.37,452.3 1 1
github.com/corvusHold/guard/internal/auth/controller/http_invitations.go:453.2,453.41 1 3
github.com/corvusHold/guard/internal/auth/controller/http_invitations.go:453.41,455.3 1 0
github.com/corvusHold/guard/internal/auth/controller/http_invitations.go:457.2,458.16 2 3
github.com/corvusHold/guard/internal/auth/controller/http_invitations.go:458.16,460.3 1 0
github.com/corvusHold/guard/internal/auth/controller/http_invitations.go:463.2,463.29 1 3
github.com/corvusHold/guard/internal/auth/controller/http_invitations.go:463.29,465.3 1 1
github.com/corvusHold/guard/internal/auth/controller/http_invitations.go:467.2,477.16 2 2
github.com/corvusHold/guard/internal/auth/controller/http_invitations.go:477.16,479.3 1 1
github.com/corvusHold/guard/internal/auth/controller/http_invitations.go:481.2,491.4 1 1
github.com/corvusHold/guard/internal/auth/controller/http_login_options.go:102.60,121.23 8 2
github.com/corvusHold/guard/internal/auth/controller/http_login_options.go:121.23,123.17 2 1
github.com/corvusHold/guard/internal/auth/controller/http_login_options.go:123.17,125.4 1 1
github.com/corvusHold/guard/internal/auth/controller/http_login_options.go:126.3,126.34 1 0
github.com/corvusHold/guard/internal/auth/controller/http_login_options.go:130.2,130.17 1 1
github.com/corvusHold/guard/internal/auth/controller/http_login_options.go:130.17,134.24 2 1
github.com/corvusHold/guard/internal/auth/controller/http_login_options.go:134.24,136.46 2 1
github.com/corvusHold/guard/internal/auth/controller/http_login_options.go:136.46,141.26 3 1
github.com/corvusHold/guard/internal/auth/controller/http_login_options.go:141.26,145.25 4 1
github.com/corvusHold/guard/internal/auth/controller/http_login_options.go:145.25,147.7 1 0
github.com/corvusHold/guard/internal/auth/controller/http_login_options.go:147.12,151.40 4 1
github.com/corvusHold/guard/internal/auth/controller/http_login_options.go:151.40,154.8 2 1
github.com/corvusHold/guard/internal/auth/controller/http_login_options.go:158.9,161.37 2 0
github.com/corvusHold/guard/internal/auth/controller/http_login_options.go:161.37,165.5 3 0
github.com/corvusHold/guard/internal/auth/controller/http_login_options.go:170.2,170.47 1 1
github.com/corvusHold/guard/internal/auth/controller/http_login_options.go:170.47,171.127 1 1
github.com/corvusHold/guard/internal/auth/controller/http_login_options.go:171.127,173.4 1 1
github.com/corvusHold/guard/internal/auth/controller/http_login_options.go:174.3,174.131 1 1
github.com/corvusHold/guard/internal/auth/controller/http_login_options.go:174.131,176.4 1 1
github.com/corvusHold/guard/internal/auth/controller/http_login_options.go:177.3,177.121 1 1
github.com/corvusHold/guard/internal/auth/controller/http_login_options.go:177.121,179.4 1 1
github.com/corvusHold/guard/internal/auth/controller/http_login_options.go:183.2,183.26 1 1
github.com/corvusHold/guard/internal/auth/controller/http_login_options.go:183.26,185.21 2 1
github.com/corvusHold/guard/internal/auth/controller/http_login_options.go:185.21,187.4 1 0
github.com/corvusHold/guard/internal/auth/controller/http_login_options.go:188.3,188.21 1 1
github.com/corvusHold/guard/internal/auth/controller/http_login_options.go:188.21,191.19 2 1
github.com/corvusHold/guard/internal/auth/controller/http_login_options.go:191.19,192.58 1 1
github.com/corvusHold/guard/internal/auth/controller/http_login_options.go:192.58,194.6 1 1
github.com/corvusHold/guard/internal/auth/controller/http_login_options.go:197.4,197.32 1 1
github.com/corvusHold/guard/internal/auth/controller/http_login_options.go:197.32,209.48 3 1
github.com/corvusHold/guard/internal/auth/controller/http_login_options.go:209.48,210.39 1 1
github.com/corvusHold/guard/internal/auth/controller/http_login_options.go:210.39,211.49 1 1
github.com/corvusHold/guard/internal/auth/controller/http_login_options.go:211.49,215.13 4 1
github.com/corvusHold/guard/internal/auth/controller/http_login_options.go:223.2,224.26 2 1
github.com/corvusHold/guard/internal/auth/controller/http_login_options.go:224.26,228.14 4 1
github.com/corvusHold/guard/internal/auth/controller/http_login_options.go:228.14,230.4 1 0
github.com/corvusHold/guard/internal/auth/controller/http_login_options.go:233.2,233.45 1 1
github.com/corvusHold/guard/internal/auth/controller/http_login_options.go:233.45,235.21 2 1
github.com/corvusHold/guard/internal/auth/controller/http_login_options.go:235.21,237.34 2 1
github.com/corvusHold/guard/internal/auth/controller/http_login_options.go:237.34,239.21 2 1
github.com/corvusHold/guard/internal/auth/controller/http_login_options.go:239.21,240.14 1 0
github.com/corvusHold/guard/internal/auth/controller/http_login_options.go:243.5,244.67 2 1
github.com/corvusHold/guard/internal/auth/controller/http_login_options.go:244.67,246.6 1 0
github.com/corvusHold/guard/internal/auth/controller/http_login_options.go:248.5,248.73 1 1
github.com/corvusHold/guard/internal/auth/controller/http_login_options.go:248.73,251.6 2 1
github.com/corvusHold/guard/internal/auth/controller/http_login_options.go:256.2,263.40 3 1
github.com/corvusHold/guard/internal/auth/controller/http_login_options.go:263.40,265.31 2 7
github.com/corvusHold/guard/internal/auth/controller/http_login_options.go:265.31,267.4 1 3
github.com/corvusHold/guard/internal/auth/controller/http_login_options.go:268.3,268.40 1 4
github.com/corvusHold/guard/internal/auth/controller/http_login_options.go:268.40,269.21 1 3
github.com/corvusHold/guard/internal/auth/controller/http_login_options.go:269.21,271.5 1 3
github.com/corvusHold/guard/internal/auth/controller/http_login_options.go:273.3,273.39 1 1
github.com/corvusHold/guard/internal/auth/controller/http_login_options.go:276.2,276.36 1 1
github.com/corvusHold/guard/internal/auth/controller/http_login_options.go:276.36,279.3 2 1
github.com/corvusHold/guard/internal/auth/controller/http_login_options.go:280.2,280.41 1 1
github.com/corvusHold/guard/internal/auth/controller/http_login_options.go:280.41,282.45 2 1
github.com/corvusHold/guard/internal/auth/controller/http_login_options.go:282.45,284.4 1 0
github.com/corvusHold/guard/internal/auth/controller/http_login_options.go:286.2,286.38 1 1
github.com/corvusHold/guard/internal/auth/controller/http_login_options.go:286.38,288.45 2 1
github.com/corvusHold/guard/internal/auth/controller/http_login_options.go:288.45,290.4 1 0
github.com/corvusHold/guard/internal/auth/controller/http_login_options.go:292.2,292.36 1 1
github.com/corvusHold/guard/internal/auth/controller/http_login_options.go:292.36,294.45 2 1
github.com/corvusHold/guard/internal/auth/controller/http_login_options.go:294.45,296.4 1 0
github.com/corvusHold/guard/internal/auth/controller/http_login_options.go:299.2,303.26 4 1
github.com/corvusHold/guard/internal/auth/controller/http_login_options.go:303.26,306.45 3 1
github.com/corvusHold/guard/internal/auth/controller/http_login_options.go:306.45,308.4 1 0
github.com/corvusHold/guard/internal/auth/controller/http_login_options.go:309.8,312.3 2 0
github.com/corvusHold/guard/internal/auth/controller/http_login_options.go:314.2,314.40 1 1
github.com/corvusHold/guard/internal/auth/controller/http_login_options.go:317.49,318.52 1 10
github.com/corvusHold/guard/internal/auth/controller/http_login_options.go:319.13,320.15 1 4
github.com/corvusHold/guard/internal/auth/controller/http_login_options.go:321.18,322.20 1 3
github.com/corvusHold/guard/internal/auth/controller/http_login_options.go:323.43,324.22 1 2
github.com/corvusHold/guard/internal/auth/controller/http_login_options.go:325.10,326.12 1 1
github.com/corvusHold/guard/internal/auth/controller/http_login_options.go:331.62,332.19 1 3
github.com/corvusHold/guard/internal/auth/controller/http_login_options.go:332.19,334.3 1 2
github.com/corvusHold/guard/internal/auth/controller/http_login_options.go:335.2,335.99 1 1
github.com/corvusHold/guard/internal/auth/controller/http_login_options.go:340.59,356.33 3 3
github.com/corvusHold/guard/internal/auth/controller/http_login_options.go:356.33,357.39 1 13
github.com/corvusHold/guard/internal/auth/controller/http_login_options.go:357.39,359.4 1 2
github.com/corvusHold/guard/internal/auth/controller/http_login_options.go:363.2,363.28 1 1
github.com/corvusHold/guard/internal/auth/controller/http_login_options.go:363.28,365.3 1 1
github.com/corvusHold/guard/internal/auth/controller/http_login_options.go:368.2,368.38 1 0
github.com/corvusHold/guard/internal/auth/controller/http_selfservice.go:16.63,26.2 9 3
github.com/corvusHold/guard/internal/auth/controller/http_selfservice.go:34.56,36.16 2 2
github.com/corvusHold/guard/internal/auth/controller/http_selfservice.go:36.16,38.3 1 0
github.com/corvusHold/guard/internal/auth/controller/http_selfservice.go:39.2,40.16 2 2
github.com/corvusHold/guard/internal/auth/controller/http_selfservice.go:40.16,43.3 2 1
github.com/corvusHold/guard/internal/auth/controller/http_selfservice.go:44.2,44.39 1 1
github.com/corvusHold/guard/internal/auth/controller/http_selfservice.go:60.62,62.16 2 5
github.com/corvusHold/guard/internal/auth/controller/http_selfservice.go:62.16,64.3 1 0
github.com/corvusHold/guard/internal/auth/controller/http_selfservice.go:65.2,66.37 2 5
github.com/corvusHold/guard/internal/auth/controller/http_selfservice.go:66.37,68.3 1 1
github.com/corvusHold/guard/internal/auth/controller/http_selfservice.go:69.2,69.49 1 4
github.com/corvusHold/guard/internal/auth/controller/http_selfservice.go:69.49,71.3 1 1
github.com/corvusHold/guard/internal/auth/controller/http_selfservice.go:73.2,74.16 2 3
github.com/corvusHold/guard/internal/auth/controller/http_selfservice.go:74.16,76.3 1 1
github.com/corvusHold/guard/internal/auth/controller/http_selfservice.go:77.2,79.26 3 2
github.com/corvusHold/guard/internal/auth/controller/http_selfservice.go:79.26,81.3 1 2
github.com/corvusHold/guard/internal/auth/controller/http_selfservice.go:82.2,82.25 1 2
github.com/corvusHold/guard/internal/auth/controller/http_selfservice.go:82.25,84.3 1 0
github.com/corvusHold/guard/internal/auth/controller/http_selfservice.go:85.2,86.16 2 2
github.com/corvusHold/guard/internal/auth/controller/http_selfservice.go:86.16,89.3 2 1
github.com/corvusHold/guard/internal/auth/controller/http_selfservice.go:90.2,90.70 1 1
github.com/corvusHold/guard/internal/auth/controller/http_selfservice.go:99.61,101.16 2 2
github.com/corvusHold/guard/internal/auth/controller/http_selfservice.go:101.16,103.3 1 0
github.com/corvusHold/guard/internal/auth/controller/http_selfservice.go:104.2,105.16 2 2
github.com/corvusHold/guard/internal/auth/controller/http_selfservice.go:105.16,108.3 2 1
github.com/corvusHold/guard/internal/auth/controller/http_selfservice.go:109.2,109.76 1 1
github.com/corvusHold/guard/internal/auth/controller/http_selfservice.go:118.62,120.16 2 3
github.com/corvusHold/guard/internal/auth/controller/http_selfservice.go:120.16,122.3 1 0
github.com/corvusHold/guard/internal/auth/controller/http_selfservice.go:123.2,124.16 2 3
github.com/corvusHold/guard/internal/auth/controller/http_selfservice.go:124.16,126.3 1 1
github.com/corvusHold/guard/internal/auth/controller/http_selfservice.go:128.2,128.102 1 2
github.com/corvusHold/guard/internal/auth/controller/http_selfservice.go:128.102,131.3 2 1
github.com/corvusHold/guard/internal/auth/controller/http_selfservice.go:132.2,132.42 1 1
github.com/corvusHold/guard/internal/auth/controller/http_selfservice.go:141.58,143.16 2 2
github.com/corvusHold/guard/internal/auth/controller/http_selfservice.go:143.16,145.3 1 0
github.com/corvusHold/guard/internal/auth/controller/http_selfservice.go:146.2,147.16 2 2
github.com/corvusHold/guard/internal/auth/controller/http_selfservice.go:147.16,150.3 2 1
github.com/corvusHold/guard/internal/auth/controller/http_selfservice.go:151.2,151.80 1 1
github.com/corvusHold/guard/internal/auth/controller/http_selfservice.go:160.61,162.16 2 1
github.com/corvusHold/guard/internal/auth/controller/http_selfservice.go:162.16,164.3 1 0
github.com/corvusHold/guard/internal/auth/controller/http_selfservice.go:165.2,165.23 1 1
github.com/corvusHold/guard/internal/auth/controller/http_selfservice.go:165.23,167.3 1 1
github.com/corvusHold/guard/internal/auth/controller/http_selfservice.go:168.2,169.16 2 0
github.com/corvusHold/guard/internal/auth/controller/http_selfservice.go:169.16,172.3 2 0
github.com/corvusHold/guard/internal/auth/controller/http_selfservice.go:173.2,174.27 2 0
github.com/corvusHold/guard/internal/auth/controller/http_selfservice.go:174.27,181.3 1 0
github.com/corvusHold/guard/internal/auth/controller/http_selfservice.go:182.2,182.71 1 0
github.com/corvusHold/guard/internal/auth/controller/http_selfservice.go:209.64,211.16 2 1
github.com/corvusHold/guard/internal/auth/controller/http_selfservice.go:211.16,213.3 1 0
github.com/corvusHold/guard/internal/auth/controller/http_selfservice.go:214.2,214.23 1 1
github.com/corvusHold/guard/internal/auth/controller/http_selfservice.go:214.23,216.3 1 1
github.com/corvusHold/guard/internal/auth/controller/http_selfservice.go:217.2,218.37 2 0
github.com/corvusHold/guard/internal/auth/controller/http_selfservice.go:218.37,220.3 1 0
github.com/corvusHold/guard/internal/auth/controller/http_selfservice.go:221.2,221.41 1 0
github.com/corvusHold/guard/internal/auth/controller/http_selfservice.go:221.41,223.3 1 0
github.com/corvusHold/guard/internal/auth/controller/http_selfservice.go:224.2,225.16 2 0
github.com/corvusHold/guard/internal/auth/controller/http_selfservice.go:225.16,227.3 1 0
github.com/corvusHold/guard/internal/auth/controller/http_selfservice.go:228.2,229.16 2 0
github.com/corvusHold/guard/internal/auth/controller/http_selfservice.go:229.16,231.3 1 0
github.com/corvusHold/guard/internal/auth/controller/http_selfservice.go:232.2,233.22 2 0
github.com/corvusHold/guard/internal/auth/controller/http_selfservice.go:233.22,236.23 3 0
github.com/corvusHold/guard/internal/auth/controller/http_selfservice.go:236.23,238.4 1 0
github.com/corvusHold/guard/internal/auth/controller/http_selfservice.go:240.2,253.80 2 0
github.com/corvusHold/guard/internal/auth/controller/http_selfservice.go:253.80,256.3 2 0
github.com/corvusHold/guard/internal/auth/controller/http_selfservice.go:257.2,261.4 1 0
github.com/corvusHold/guard/internal/auth/controller/http_selfservice.go:270.62,272.16 2 1
github.com/corvusHold/guard/internal/auth/controller/http_selfservice.go:272.16,274.3 1 0
github.com/corvusHold/guard/internal/auth/controller/http_selfservice.go:275.2,275.23 1 1
github.com/corvusHold/guard/internal/auth/controller/http_selfservice.go:275.23,277.3 1 1
github.com/corvusHold/guard/internal/auth/controller/http_selfservice.go:278.2,279.16 2 0
github.com/corvusHold/guard/internal/auth/controller/http_selfservice.go:279.16,281.3 1 0
github.com/corvusHold/guard/internal/auth/controller/http_selfservice.go:282.2,282.110 1 0
github.com/corvusHold/guard/internal/auth/controller/http_selfservice.go:282.110,285.3 2 0
github.com/corvusHold/guard/internal/auth/controller/http_selfservice.go:286.2,286.42 1 0
github.com/corvusHold/guard/internal/auth/controller/http_superadmin.go:12.62,18.2 5 3
github.com/corvusHold/guard/internal/auth/controller/http_superadmin.go:28.64,30.16 2 2
github.com/corvusHold/guard/internal/auth/controller/http_superadmin.go:30.16,32.3 1 0
github.com/corvusHold/guard/internal/auth/controller/http_superadmin.go:34.2,35.23 2 2
github.com/corvusHold/guard/internal/auth/controller/http_superadmin.go:35.23,37.3 1 0
github.com/corvusHold/guard/internal/auth/controller/http_superadmin.go:39.2,41.16 3 2
github.com/corvusHold/guard/internal/auth/controller/http_superadmin.go:41.16,43.3 1 1
github.com/corvusHold/guard/internal/auth/controller/http_superadmin.go:45.2,46.16 2 2
github.com/corvusHold/guard/internal/auth/controller/http_superadmin.go:46.16,48.3 1 1
github.com/corvusHold/guard/internal/auth/controller/http_superadmin.go:49.2,49.71 1 1
github.com/corvusHold/guard/internal/auth/controller/http_superadmin.go:59.64,61.16 2 2
github.com/corvusHold/guard/internal/auth/controller/http_superadmin.go:61.16,63.3 1 0
github.com/corvusHold/guard/internal/auth/controller/http_superadmin.go:64.2,65.23 2 2
github.com/corvusHold/guard/internal/auth/controller/http_superadmin.go:65.23,67.3 1 0
github.com/corvusHold/guard/internal/auth/controller/http_superadmin.go:69.2,70.17 2 2
github.com/corvusHold/guard/internal/auth/controller/http_superadmin.go:70.17,72.3 1 1
github.com/corvusHold/guard/internal/auth/controller/http_superadmin.go:74.2,75.16 2 1
github.com/corvusHold/guard/internal/auth/controller/http_superadmin.go:75.16,77.3 1 0
github.com/corvusHold/guard/internal/auth/controller/http_superadmin.go:78.2,78.70 1 1
github.com/corvusHold/guard/internal/auth/controller/http_superadmin.go:92.62,94.16 2 1
github.com/corvusHold/guard/internal/auth/controller/http_superadmin.go:94.16,96.3 1 0
github.com/corvusHold/guard/internal/auth/controller/http_superadmin.go:97.2,98.23 2 1
github.com/corvusHold/guard/internal/auth/controller/http_superadmin.go:98.23,100.3 1 0
github.com/corvusHold/guard/internal/auth/controller/http_superadmin.go:102.2,104.16 3 1
github.com/corvusHold/guard/internal/auth/controller/http_superadmin.go:104.16,106.3 1 0
github.com/corvusHold/guard/internal/auth/controller/http_superadmin.go:108.2,109.49 2 1
github.com/corvusHold/guard/internal/auth/controller/http_superadmin.go:109.49,110.45 1 1
github.com/corvusHold/guard/internal/auth/controller/http_superadmin.go:110.45,112.4 1 1
github.com/corvusHold/guard/internal/auth/controller/http_superadmin.go:114.2,115.47 2 1
github.com/corvusHold/guard/internal/auth/controller/http_superadmin.go:115.47,116.45 1 1
github.com/corvusHold/guard/internal/auth/controller/http_superadmin.go:116.45,118.4 1 1
github.com/corvusHold/guard/internal/auth/controller/http_superadmin.go:120.2,123.16 3 1
github.com/corvusHold/guard/internal/auth/controller/http_superadmin.go:123.16,125.3 1 0
github.com/corvusHold/guard/internal/auth/controller/http_superadmin.go:126.2,126.90 1 1
github.com/corvusHold/guard/internal/auth/controller/http_superadmin.go:135.58,137.16 2 3
github.com/corvusHold/guard/internal/auth/controller/http_superadmin.go:137.16,139.3 1 0
github.com/corvusHold/guard/internal/auth/controller/http_superadmin.go:140.2,141.23 2 3
github.com/corvusHold/guard/internal/auth/controller/http_superadmin.go:141.23,143.3 1 1
github.com/corvusHold/guard/internal/auth/controller/http_superadmin.go:145.2,146.16 2 2
github.com/corvusHold/guard/internal/auth/controller/http_superadmin.go:146.16,148.3 1 1
github.com/corvusHold/guard/internal/auth/controller/http_superadmin.go:149.2,149.37 1 1
github.com/corvusHold/guard/internal/auth/controller/tenant_info.go:16.66,18.28 2 3
github.com/corvusHold/guard/internal/auth/controller/tenant_info.go:18.28,23.3 1 4
github.com/corvusHold/guard/internal/auth/controller/tenant_info.go:24.2,24.12 1 3
github.com/corvusHold/guard/internal/applications/controller/http.go:18.42,20.2 1 0
github.com/corvusHold/guard/internal/applications/controller/http.go:38.51,45.2 6 0
github.com/corvusHold/guard/internal/applications/controller/http.go:56.54,58.37 2 0
github.com/corvusHold/guard/internal/applications/controller/http.go:58.37,60.3 1 0
github.com/corvusHold/guard/internal/applications/controller/http.go:62.2,63.16 2 0
github.com/corvusHold/guard/internal/applications/controller/http.go:63.16,65.3 1 0
github.com/corvusHold/guard/internal/applications/controller/http.go:68.2,69.41 2 0
github.com/corvusHold/guard/internal/applications/controller/http.go:69.41,70.36 1 0
github.com/corvusHold/guard/internal/applications/controller/http.go:70.36,72.4 1 0
github.com/corvusHold/guard/internal/applications/controller/http.go:75.2,83.16 2 0
github.com/corvusHold/guard/internal/applications/controller/http.go:83.16,85.3 1 0
github.com/corvusHold/guard/internal/applications/controller/http.go:86.2,86.40 1 0
github.com/corvusHold/guard/internal/applications/controller/http.go:97.52,99.16 2 0
github.com/corvusHold/guard/internal/applications/controller/http.go:99.16,101.3 1 0
github.com/corvusHold/guard/internal/applications/controller/http.go:103.2,107.16 4 0
github.com/corvusHold/guard/internal/applications/controller/http.go:107.16,109.3 1 0
github.com/corvusHold/guard/internal/applications/controller/http.go:110.2,113.4 1 0
github.com/corvusHold/guard/internal/applications/controller/http.go:124.51,126.16 2 0
github.com/corvusHold/guard/internal/applications/controller/http.go:126.16,128.3 1 0
github.com/corvusHold/guard/internal/applications/controller/http.go:129.2,130.16 2 0
github.com/corvusHold/guard/internal/applications/controller/http.go:130.16,132.3 1 0
github.com/corvusHold/guard/internal/applications/controller/http.go:133.2,133.35 1 0
github.com/corvusHold/guard/internal/applications/controller/http.go:146.54,148.16 2 0
github.com/corvusHold/guard/internal/applications/controller/http.go:148.16,150.3 1 0
github.com/corvusHold/guard/internal/applications/controller/http.go:151.2,152.37 2 0
github.com/corvusHold/guard/internal/applications/controller/http.go:152.37,154.3 1 0
github.com/corvusHold/guard/internal/applications/controller/http.go:155.2,162.16 2 0
github.com/corvusHold/guard/internal/applications/controller/http.go:162.16,164.3 1 0
github.com/corvusHold/guard/internal/applications/controller/http.go:165.2,165.35 1 0
github.com/corvusHold/guard/internal/applications/controller/http.go:175.54,177.16 2 0
github.com/corvusHold/guard/internal/applications/controller/http.go:177.16,179.3 1 0
github.com/corvusHold/guard/internal/applications/controller/http.go:180.2,180.67 1 0
github.com/corvusHold/guard/internal/applications/controller/http.go:180.67,182.3 1 0
github.com/corvusHold/guard/internal/applications/controller/http.go:183.2,183.42 1 0
github.com/corvusHold/guard/internal/applications/factory.go:13.50,18.2 4 0
github.com/corvusHold/guard/internal/applications/repository/sqlc.go:19.42,21.2 1 0
github.com/corvusHold/guard/internal/applications/repository/sqlc.go:23.102,31.2 2 0
github.com/corvusHold/guard/internal/applications/repository/sqlc.go:33.93,39.2 2 0
github.com/corvusHold/guard/internal/applications/repository/sqlc.go:41.128,42.21 1 0
github.com/corvusHold/guard/internal/applications/repository/sqlc.go:42.21,44.3 1 0
github.com/corvusHold/guard/internal/applications/repository/sqlc.go:45.2,46.126 2 0
github.com/corvusHold/guard/internal/applications/repository/sqlc.go:46.126,48.3 1 0
github.com/corvusHold/guard/internal/applications/repository/sqlc.go:49.2,54.16 2 0
github.com/corvusHold/guard/internal/applications/repository/sqlc.go:54.16,56.3 1 0
github.com/corvusHold/guard/internal/applications/repository/sqlc.go:57.2,60.18 3 0
github.com/corvusHold/guard/internal/applications/repository/sqlc.go:60.18,62.17 2 0
github.com/corvusHold/guard/internal/applications/repository/sqlc.go:62.17,64.4 1 0
github.com/corvusHold/guard/internal/applications/repository/sqlc.go:65.3,65.27 1 0
github.com/corvusHold/guard/internal/applications/repository/sqlc.go:67.2,67.32 1 0
github.com/corvusHold/guard/internal/applications/repository/sqlc.go:70.118,73.16 2 0
github.com/corvusHold/guard/internal/applications/repository/sqlc.go:73.16,75.3 1 0
github.com/corvusHold/guard/internal/applications/repository/sqlc.go:76.2,76.23 1 0
github.com/corvusHold/guard/internal/applications/repository/sqlc.go:76.23,78.3 1 0
github.com/corvusHold/guard/internal/applications/repository/sqlc.go:79.2,79.30 1 0
github.com/corvusHold/guard/internal/applications/repository/sqlc.go:79.30,81.3 1 0
github.com/corvusHold/guard/internal/applications/repository/sqlc.go:82.2,82.26 1 0
github.com/corvusHold/guard/internal/applications/repository/sqlc.go:82.26,84.3 1 0
github.com/corvusHold/guard/internal/applications/repository/sqlc.go:85.2,85.30 1 0
github.com/corvusHold/guard/internal/applications/repository/sqlc.go:85.30,87.3 1 0
github.com/corvusHold/guard/internal/applications/repository/sqlc.go:88.2,88.27 1 0
github.com/corvusHold/guard/internal/applications/repository/sqlc.go:88.27,90.3 1 0
github.com/corvusHold/guard/internal/applications/repository/sqlc.go:91.2,99.21 3 0
github.com/corvusHold/guard/internal/applications/repository/sqlc.go:102.70,105.2 2 0
github.com/corvusHold/guard/internal/applications/repository/sqlc.go:107.55,111.2 3 0
github.com/corvusHold/guard/internal/applications/repository/sqlc.go:113.61,117.2 3 0
github.com/corvusHold/guard/internal/auth/factory.go:42.76,52.16 7 0
github.com/corvusHold/guard/internal/auth/factory.go:52.16,54.3 1 0
github.com/corvusHold/guard/internal/auth/factory.go:55.2,87.125 21 0
github.com/corvusHold/guard/internal/auth/factory.go:91.85,93.2 1 0
github.com/corvusHold/guard/internal/auth/factory.go:96.48,96.68 1 0
github.com/corvusHold/guard/internal/auth/factory.go:98.35,99.23 1 0
github.com/corvusHold/guard/internal/auth/factory.go:99.23,101.3 1 0
github.com/corvusHold/guard/internal/auth/factory.go:102.2,102.12 1 0
github.com/corvusHold/guard/internal/auth/factory.go:105.53,107.45 2 0
github.com/corvusHold/guard/internal/auth/factory.go:107.45,109.23 2 0
github.com/corvusHold/guard/internal/auth/factory.go:109.23,111.4 1 0
github.com/corvusHold/guard/internal/auth/factory.go:113.3,114.61 2 0
github.com/corvusHold/guard/internal/auth/factory.go:114.61,116.4 1 0
github.com/corvusHold/guard/internal/auth/factory.go:118.3,119.29 2 0
github.com/corvusHold/guard/internal/auth/factory.go:119.29,121.4 1 0
github.com/corvusHold/guard/internal/auth/factory.go:122.3,123.68 2 0
github.com/corvusHold/guard/internal/auth/factory.go:123.68,125.4 1 0
github.com/corvusHold/guard/internal/auth/factory.go:127.3,129.36 3 0
github.com/corvusHold/guard/internal/auth/factory.go:129.36,131.4 1 0
github.com/corvusHold/guard/internal/auth/factory.go:132.3,132.31 1 0
github.com/corvusHold/guard/internal/auth/factory.go:132.31,134.4 1 0
github.com/corvusHold/guard/internal/auth/factory.go:135.3,135.35 1 0
github.com/corvusHold/guard/internal/auth/factory.go:135.35,137.4 1 0
github.com/corvusHold/guard/internal/auth/factory.go:138.3,138.48 1 0
github.com/corvusHold/guard/internal/auth/factory.go:142.2,142.72 1 0
github.com/corvusHold/guard/internal/auth/factory.go:142.72,144.20 2 0
github.com/corvusHold/guard/internal/auth/factory.go:144.20,146.30 2 0
github.com/corvusHold/guard/internal/auth/factory.go:146.30,148.5 1 0
github.com/corvusHold/guard/internal/auth/factory.go:149.4,149.47 1 0
github.com/corvusHold/guard/internal/auth/factory.go:152.3,153.67 2 0
github.com/corvusHold/guard/internal/auth/factory.go:153.67,155.4 1 0
github.com/corvusHold/guard/internal/auth/factory.go:157.3,172.5 1 0
github.com/corvusHold/guard/internal/auth/factory.go:176.2,176.85 1 0
github.com/corvusHold/guard/internal/auth/factory.go:176.85,178.17 2 0
github.com/corvusHold/guard/internal/auth/factory.go:178.17,180.4 1 0
github.com/corvusHold/guard/internal/auth/factory.go:182.3,183.22 2 0
github.com/corvusHold/guard/internal/auth/factory.go:183.22,185.4 1 0
github.com/corvusHold/guard/internal/auth/factory.go:186.3,189.67 3 0
github.com/corvusHold/guard/internal/auth/factory.go:189.67,191.4 1 0
github.com/corvusHold/guard/internal/auth/factory.go:193.3,208.5 1 0
github.com/corvusHold/guard/internal/auth/factory.go:212.2,212.66 1 0
github.com/corvusHold/guard/internal/auth/factory.go:212.66,213.62 1 0
github.com/corvusHold/guard/internal/auth/factory.go:213.62,215.18 2 0
github.com/corvusHold/guard/internal/auth/factory.go:215.18,217.5 1 0
github.com/corvusHold/guard/internal/auth/factory.go:218.4,219.32 2 0
github.com/corvusHold/guard/internal/auth/factory.go:221.3,221.75 1 0
github.com/corvusHold/guard/internal/auth/factory.go:221.75,222.62 1 0
github.com/corvusHold/guard/internal/auth/factory.go:222.62,224.5 1 0
github.com/corvusHold/guard/internal/auth/factory.go:225.4,226.18 2 0
github.com/corvusHold/guard/internal/auth/factory.go:226.18,228.5 1 0
github.com/corvusHold/guard/internal/auth/factory.go:229.4,230.42 2 0
github.com/corvusHold/guard/internal/auth/factory.go:232.8,234.62 1 0
github.com/corvusHold/guard/internal/auth/factory.go:234.62,236.4 1 0
github.com/corvusHold/guard/internal/auth/factory.go:237.3,237.75 1 0
github.com/corvusHold/guard/internal/auth/factory.go:237.75,238.62 1 0
github.com/corvusHold/guard/internal/auth/factory.go:238.62,240.5 1 0
github.com/corvusHold/guard/internal/auth/factory.go:241.4,241.81 1 0
github.com/corvusHold/guard/internal/auth/factory.go:246.54,248.2 1 0
github.com/corvusHold/guard/internal/auth/factory.go:250.47,253.2 2 0
github.com/corvusHold/guard/internal/auth/factory.go:256.73,259.2 2 0
github.com/corvusHold/guard/internal/auth/factory.go:263.81,265.16 2 0
github.com/corvusHold/guard/internal/auth/factory.go:265.16,267.3 1 0
github.com/corvusHold/guard/internal/auth/factory.go:268.2,268.15 1 0
github.com/corvusHold/guard/internal/auth/factory.go:268.15,268.32 1 0
github.com/corvusHold/guard/internal/auth/factory.go:269.2,270.12 2 0
github.com/corvusHold/guard/internal/auth/factory.go:275.82,277.16 2 0
github.com/corvusHold/guard/internal/auth/factory.go:277.16,279.3 1 0
github.com/corvusHold/guard/internal/auth/factory.go:280.2,281.12 2 0
github.com/corvusHold/guard/internal/auth/factory.go:285.72,287.16 2 0
github.com/corvusHold/guard/internal/auth/factory.go:287.16,289.3 1 0
github.com/corvusHold/guard/internal/auth/factory.go:290.2,295.12 6 0
github.com/corvusHold/guard/internal/auth/factory.go:299.75,301.16 2 0
github.com/corvusHold/guard/internal/auth/factory.go:301.16,303.3 1 0
github.com/corvusHold/guard/internal/auth/factory.go:304.2,305.12 2 0
github.com/corvusHold/guard/internal/oauth/factory.go:25.161,31.20 4 0
github.com/corvusHold/guard/internal/oauth/factory.go:31.20,45.3 3 0
github.com/corvusHold/guard/internal/oauth/factory.go:47.2,47.28 1 0
github.com/corvusHold/guard/internal/oauth/factory.go:51.65,53.2 1 0
github.com/corvusHold/guard/internal/oauth/factory.go:56.55,58.2 1 0
github.com/corvusHold/guard/internal/auth/sso/service/identity_linker.go:26.101,32.2 1 0
github.com/corvusHold/guard/internal/auth/sso/service/identity_linker.go:52.126,53.24 1 0
github.com/corvusHold/guard/internal/auth/sso/service/identity_linker.go:53.24,55.3 1 0
github.com/corvusHold/guard/internal/auth/sso/service/identity_linker.go:56.2,56.29 1 0
github.com/corvusHold/guard/internal/auth/sso/service/identity_linker.go:56.29,58.3 1 0
github.com/corvusHold/guard/internal/auth/sso/service/identity_linker.go:59.2,59.31 1 0
github.com/corvusHold/guard/internal/auth/sso/service/identity_linker.go:59.31,61.3 1 0
github.com/corvusHold/guard/internal/auth/sso/service/identity_linker.go:64.2,65.16 2 0
github.com/corvusHold/guard/internal/auth/sso/service/identity_linker.go:65.16,67.3 1 0
github.com/corvusHold/guard/internal/auth/sso/service/identity_linker.go:70.2,70.15 1 0
github.com/corvusHold/guard/internal/auth/sso/service/identity_linker.go:70.15,71.74 1 0
github.com/corvusHold/guard/internal/auth/sso/service/identity_linker.go:71.74,73.4 1 0
github.com/corvusHold/guard/internal/auth/sso/service/identity_linker.go:76.2,85.16 3 0
github.com/corvusHold/guard/internal/auth/sso/service/identity_linker.go:85.16,88.17 2 0
github.com/corvusHold/guard/internal/auth/sso/service/identity_linker.go:88.17,90.4 1 0
github.com/corvusHold/guard/internal/auth/sso/service/identity_linker.go:93.3,94.17 2 0
github.com/corvusHold/guard/internal/auth/sso/service/identity_linker.go:94.17,96.4 1 0
github.com/corvusHold/guard/internal/auth/sso/service/identity_linker.go:98.3,101.18 1 0
github.com/corvusHold/guard/internal/auth/sso/service/identity_linker.go:101.18,103.4 1 0
github.com/corvusHold/guard/internal/auth/sso/service/identity_linker.go:106.3,106.83 1 0
github.com/corvusHold/guard/internal/auth/sso/service/identity_linker.go:106.83,108.4 1 0
github.com/corvusHold/guard/internal/auth/sso/service/identity_linker.go:110.3,110.40 1 0
github.com/corvusHold/guard/internal/auth/sso/service/identity_linker.go:110.40,112.4 1 0
github.com/corvusHold/guard/internal/auth/sso/service/identity_linker.go:114.3,118.9 1 0
github.com/corvusHold/guard/internal/auth/sso/service/identity_linker.go:121.2,121.26 1 0
github.com/corvusHold/guard/internal/auth/sso/service/identity_linker.go:121.26,123.3 1 0
github.com/corvusHold/guard/internal/auth/sso/service/identity_linker.go:126.2,134.13 4 0
github.com/corvusHold/guard/internal/auth/sso/service/identity_linker.go:135.11,140.28 2 0
github.com/corvusHold/guard/internal/auth/sso/service/identity_linker.go:141.34,147.65 2 0
github.com/corvusHold/guard/internal/auth/sso/service/identity_linker.go:149.42,151.34 1 0
github.com/corvusHold/guard/internal/auth/sso/service/identity_linker.go:151.34,156.5 2 0
github.com/corvusHold/guard/internal/auth/sso/service/identity_linker.go:159.4,160.18 2 0
github.com/corvusHold/guard/internal/auth/sso/service/identity_linker.go:160.18,162.5 1 0
github.com/corvusHold/guard/internal/auth/sso/service/identity_linker.go:163.4,163.35 1 0
github.com/corvusHold/guard/internal/auth/sso/service/identity_linker.go:163.35,168.5 2 0
github.com/corvusHold/guard/internal/auth/sso/service/identity_linker.go:170.4,173.73 1 0
github.com/corvusHold/guard/internal/auth/sso/service/identity_linker.go:175.35,180.65 1 0
github.com/corvusHold/guard/internal/auth/sso/service/identity_linker.go:182.11,184.34 1 0
github.com/corvusHold/guard/internal/auth/sso/service/identity_linker.go:184.34,189.5 2 0
github.com/corvusHold/guard/internal/auth/sso/service/identity_linker.go:192.4,193.18 2 0
github.com/corvusHold/guard/internal/auth/sso/service/identity_linker.go:193.18,195.5 1 0
github.com/corvusHold/guard/internal/auth/sso/service/identity_linker.go:196.4,196.35 1 0
github.com/corvusHold/guard/internal/auth/sso/service/identity_linker.go:196.35,201.5 2 0
github.com/corvusHold/guard/internal/auth/sso/service/identity_linker.go:203.4,206.66 1 0
github.com/corvusHold/guard/internal/auth/sso/service/identity_linker.go:208.21,210.23 1 0
github.com/corvusHold/guard/internal/auth/sso/service/identity_linker.go:210.23,212.4 1 0
github.com/corvusHold/guard/internal/auth/sso/service/identity_linker.go:215.3,219.29 4 0
github.com/corvusHold/guard/internal/auth/sso/service/identity_linker.go:219.29,221.4 1 0
github.com/corvusHold/guard/internal/auth/sso/service/identity_linker.go:223.3,230.18 1 0
github.com/corvusHold/guard/internal/auth/sso/service/identity_linker.go:230.18,232.4 1 0
github.com/corvusHold/guard/internal/auth/sso/service/identity_linker.go:235.3,238.18 1 0
github.com/corvusHold/guard/internal/auth/sso/service/identity_linker.go:238.18,240.4 1 0
github.com/corvusHold/guard/internal/auth/sso/service/identity_linker.go:242.3,245.36 1 0
github.com/corvusHold/guard/internal/auth/sso/service/identity_linker.go:246.10,247.68 1 0
github.com/corvusHold/guard/internal/auth/sso/service/identity_linker.go:251.2,252.16 2 0
github.com/corvusHold/guard/internal/auth/sso/service/identity_linker.go:252.16,254.3 1 0
github.com/corvusHold/guard/internal/auth/sso/service/identity_linker.go:256.2,257.15 2 0
github.com/corvusHold/guard/internal/auth/sso/service/identity_linker.go:257.15,269.17 3 0
github.com/corvusHold/guard/internal/auth/sso/service/identity_linker.go:269.17,271.4 1 0
github.com/corvusHold/guard/internal/auth/sso/service/identity_linker.go:272.8,281.17 3 0
github.com/corvusHold/guard/internal/auth/sso/service/identity_linker.go:281.17,283.4 1 0
github.com/corvusHold/guard/internal/auth/sso/service/identity_linker.go:284.3,284.24 1 0
github.com/corvusHold/guard/internal/auth/sso/service/identity_linker.go:284.24,287.4 1 0
github.com/corvusHold/guard/internal/auth/sso/service/identity_linker.go:291.2,292.16 2 0
github.com/corvusHold/guard/internal/auth/sso/service/identity_linker.go:292.16,294.3 1 0
github.com/corvusHold/guard/internal/auth/sso/service/identity_linker.go:297.2,297.75 1 0
github.com/corvusHold/guard/internal/auth/sso/service/identity_linker.go:297.75,299.3 1 0
github.com/corvusHold/guard/internal/auth/sso/service/identity_linker.go:301.2,301.39 1 0
github.com/corvusHold/guard/internal/auth/sso/service/identity_linker.go:301.39,303.3 1 0
github.com/corvusHold/guard/internal/auth/sso/service/identity_linker.go:305.2,309.8 1 0
github.com/corvusHold/guard/internal/auth/sso/service/identity_linker.go:313.98,316.16 2 0
github.com/corvusHold/guard/internal/auth/sso/service/identity_linker.go:316.16,318.3 1 0
github.com/corvusHold/guard/internal/auth/sso/service/identity_linker.go:319.2,319.15 1 0
github.com/corvusHold/guard/internal/auth/sso/service/identity_linker.go:319.15,320.74 1 0
github.com/corvusHold/guard/internal/auth/sso/service/identity_linker.go:320.74,322.4 1 0
github.com/corvusHold/guard/internal/auth/sso/service/identity_linker.go:325.2,327.16 3 0
github.com/corvusHold/guard/internal/auth/sso/service/identity_linker.go:327.16,329.3 1 0
github.com/corvusHold/guard/internal/auth/sso/service/identity_linker.go:331.2,331.26 1 0
github.com/corvusHold/guard/internal/auth/sso/service/identity_linker.go:331.26,333.3 1 0
github.com/corvusHold/guard/internal/auth/sso/service/identity_linker.go:335.2,336.28 2 0
github.com/corvusHold/guard/internal/auth/sso/service/identity_linker.go:336.28,338.83 2 0
github.com/corvusHold/guard/internal/auth/sso/service/identity_linker.go:338.83,340.9 2 0
github.com/corvusHold/guard/internal/auth/sso/service/identity_linker.go:344.2,344.19 1 0
github.com/corvusHold/guard/internal/auth/sso/service/identity_linker.go:344.19,346.3 1 0
github.com/corvusHold/guard/internal/auth/sso/service/identity_linker.go:348.2,351.17 1 0
github.com/corvusHold/guard/internal/auth/sso/service/identity_linker.go:351.17,353.3 1 0
github.com/corvusHold/guard/internal/auth/sso/service/identity_linker.go:355.2,355.39 1 0
github.com/corvusHold/guard/internal/auth/sso/service/identity_linker.go:355.39,357.3 1 0
github.com/corvusHold/guard/internal/auth/sso/service/identity_linker.go:359.2,363.12 2 0
github.com/corvusHold/guard/internal/auth/sso/service/identity_linker.go:367.119,369.16 2 0
github.com/corvusHold/guard/internal/auth/sso/service/identity_linker.go:369.16,371.3 1 0
github.com/corvusHold/guard/internal/auth/sso/service/identity_linker.go:373.2,373.24 1 0
github.com/corvusHold/guard/internal/auth/sso/service/identity_linker.go:377.69,379.25 2 0
github.com/corvusHold/guard/internal/auth/sso/service/identity_linker.go:379.25,382.3 2 0
github.com/corvusHold/guard/internal/auth/sso/service/identity_linker.go:384.2,394.3 1 0
github.com/corvusHold/guard/internal/auth/sso/service/service.go:42.85,52.2 1 0
github.com/corvusHold/guard/internal/auth/sso/service/service.go:55.52,57.2 1 0
github.com/corvusHold/guard/internal/auth/sso/service/service.go:60.59,62.2 1 0
github.com/corvusHold/guard/internal/auth/sso/service/service.go:90.109,98.70 2 0
github.com/corvusHold/guard/internal/auth/sso/service/service.go:98.70,101.3 2 0
github.com/corvusHold/guard/internal/auth/sso/service/service.go:104.2,105.16 2 0
github.com/corvusHold/guard/internal/auth/sso/service/service.go:105.16,108.3 2 0
github.com/corvusHold/guard/internal/auth/sso/service/service.go:111.2,111.21 1 0
github.com/corvusHold/guard/internal/auth/sso/service/service.go:111.21,117.3 2 0
github.com/corvusHold/guard/internal/auth/sso/service/service.go:120.2,121.16 2 0
github.com/corvusHold/guard/internal/auth/sso/service/service.go:121.16,126.3 2 0
github.com/corvusHold/guard/internal/auth/sso/service/service.go:129.2,130.16 2 0
github.com/corvusHold/guard/internal/auth/sso/service/service.go:130.16,133.3 2 0
github.com/corvusHold/guard/internal/auth/sso/service/service.go:136.2,148.16 4 0
github.com/corvusHold/guard/internal/auth/sso/service/service.go:148.16,153.3 2 0
github.com/corvusHold/guard/internal/auth/sso/service/service.go:156.2,168.67 2 0
github.com/corvusHold/guard/internal/auth/sso/service/service.go:168.67,171.3 2 0
github.com/corvusHold/guard/internal/auth/sso/service/service.go:174.2,174.118 1 0
github.com/corvusHold/guard/internal/auth/sso/service/service.go:174.118,176.3 1 0
github.com/corvusHold/guard/internal/auth/sso/service/service.go:179.2,191.8 3 0
github.com/corvusHold/guard/internal/auth/sso/service/service.go:218.106,226.15 6 0
github.com/corvusHold/guard/internal/auth/sso/service/service.go:226.15,227.20 1 0
github.com/corvusHold/guard/internal/auth/sso/service/service.go:227.20,229.26 2 0
github.com/corvusHold/guard/internal/auth/sso/service/service.go:229.26,231.5 1 0
github.com/corvusHold/guard/internal/auth/sso/service/service.go:232.4,233.100 2 0
github.com/corvusHold/guard/internal/auth/sso/service/service.go:238.2,239.46 2 0
github.com/corvusHold/guard/internal/auth/sso/service/service.go:239.46,242.3 1 0
github.com/corvusHold/guard/internal/auth/sso/service/service.go:244.2,244.22 1 0
github.com/corvusHold/guard/internal/auth/sso/service/service.go:244.22,248.17 3 0
github.com/corvusHold/guard/internal/auth/sso/service/service.go:248.17,252.4 3 0
github.com/corvusHold/guard/internal/auth/sso/service/service.go:255.3,255.41 1 0
github.com/corvusHold/guard/internal/auth/sso/service/service.go:255.41,262.4 3 0
github.com/corvusHold/guard/internal/auth/sso/service/service.go:265.3,266.17 2 0
github.com/corvusHold/guard/internal/auth/sso/service/service.go:266.17,272.4 3 0
github.com/corvusHold/guard/internal/auth/sso/service/service.go:275.3,275.72 1 0
github.com/corvusHold/guard/internal/auth/sso/service/service.go:275.72,281.4 1 0
github.com/corvusHold/guard/internal/auth/sso/service/service.go:283.3,283.72 1 0
github.com/corvusHold/guard/internal/auth/sso/service/service.go:283.72,289.4 1 0
github.com/corvusHold/guard/internal/auth/sso/service/service.go:290.8,303.17 5 0
github.com/corvusHold/guard/internal/auth/sso/service/service.go:303.17,309.4 3 0
github.com/corvusHold/guard/internal/auth/sso/service/service.go:312.3,312.32 1 0
github.com/corvusHold/guard/internal/auth/sso/service/service.go:312.32,319.4 3 0
github.com/corvusHold/guard/internal/auth/sso/service/service.go:322.3,322.22 1 0
github.com/corvusHold/guard/internal/auth/sso/service/service.go:322.22,328.4 3 0
github.com/corvusHold/guard/internal/auth/sso/service/service.go:332.2,333.16 2 0
github.com/corvusHold/guard/internal/auth/sso/service/service.go:333.16,357.3 4 0
github.com/corvusHold/guard/internal/auth/sso/service/service.go:360.2,371.22 3 0
github.com/corvusHold/guard/internal/auth/sso/service/service.go:371.22,374.3 2 0
github.com/corvusHold/guard/internal/auth/sso/service/service.go:376.2,377.16 2 0
github.com/corvusHold/guard/internal/auth/sso/service/service.go:377.16,382.23 2 0
github.com/corvusHold/guard/internal/auth/sso/service/service.go:382.23,384.4 1 0
github.com/corvusHold/guard/internal/auth/sso/service/service.go:385.3,404.26 3 0
github.com/corvusHold/guard/internal/auth/sso/service/service.go:408.2,408.65 1 0
github.com/corvusHold/guard/internal/auth/sso/service/service.go:408.65,416.23 3 0
github.com/corvusHold/guard/internal/auth/sso/service/service.go:416.23,418.4 1 0
github.com/corvusHold/guard/internal/auth/sso/service/service.go:419.3,444.26 3 0
github.com/corvusHold/guard/internal/auth/sso/service/service.go:448.2,457.16 3 0
github.com/corvusHold/guard/internal/auth/sso/service/service.go:457.16,462.23 2 0
github.com/corvusHold/guard/internal/auth/sso/service/service.go:462.23,464.4 1 0
github.com/corvusHold/guard/internal/auth/sso/service/service.go:465.3,485.26 3 0
github.com/corvusHold/guard/internal/auth/sso/service/service.go:489.2,489.22 1 0
github.com/corvusHold/guard/internal/auth/sso/service/service.go:489.22,491.3 1 0
github.com/corvusHold/guard/internal/auth/sso/service/service.go:494.2,494.102 1 0
github.com/corvusHold/guard/internal/auth/sso/service/service.go:494.102,496.3 1 0
github.com/corvusHold/guard/internal/auth/sso/service/service.go:498.2,524.22 4 0
github.com/corvusHold/guard/internal/auth/sso/service/service.go:524.22,526.3 1 0
github.com/corvusHold/guard/internal/auth/sso/service/service.go:528.2,535.8 1 0
github.com/corvusHold/guard/internal/auth/sso/service/service.go:539.130,542.16 2 0
github.com/corvusHold/guard/internal/auth/sso/service/service.go:542.16,544.3 1 0
github.com/corvusHold/guard/internal/auth/sso/service/service.go:547.2,548.16 2 0
github.com/corvusHold/guard/internal/auth/sso/service/service.go:548.16,550.3 1 0
github.com/corvusHold/guard/internal/auth/sso/service/service.go:553.2,554.16 2 0
github.com/corvusHold/guard/internal/auth/sso/service/service.go:554.16,556.3 1 0
github.com/corvusHold/guard/internal/auth/sso/service/service.go:558.2,558.22 1 0
github.com/corvusHold/guard/internal/auth/sso/service/service.go:563.104,565.20 2 0
github.com/corvusHold/guard/internal/auth/sso/service/service.go:565.20,567.3 1 0
github.com/corvusHold/guard/internal/auth/sso/service/service.go:569.2,573.16 4 0
github.com/corvusHold/guard/internal/auth/sso/service/service.go:573.16,575.3 1 0
github.com/corvusHold/guard/internal/auth/sso/service/service.go:576.2,576.42 1 0
github.com/corvusHold/guard/internal/auth/sso/service/service.go:576.42,578.3 1 0
github.com/corvusHold/guard/internal/auth/sso/service/service.go:580.2,585.8 1 0
github.com/corvusHold/guard/internal/auth/sso/service/service.go:590.104,592.20 2 0
github.com/corvusHold/guard/internal/auth/sso/service/service.go:592.20,594.3 1 0
github.com/corvusHold/guard/internal/auth/sso/service/service.go:596.2,600.16 4 0
github.com/corvusHold/guard/internal/auth/sso/service/service.go:600.16,602.3 1 0
github.com/corvusHold/guard/internal/auth/sso/service/service.go:603.2,603.42 1 0
github.com/corvusHold/guard/internal/auth/sso/service/service.go:603.42,605.3 1 0
github.com/corvusHold/guard/internal/auth/sso/service/service.go:608.2,608.52 1 0
github.com/corvusHold/guard/internal/auth/sso/service/service.go:608.52,610.3 1 0
github.com/corvusHold/guard/internal/auth/sso/service/service.go:612.2,617.8 1 0
github.com/corvusHold/guard/internal/auth/sso/service/service.go:621.118,623.2 1 0
github.com/corvusHold/guard/internal/auth/sso/service/service.go:627.138,629.16 2 0
github.com/corvusHold/guard/internal/auth/sso/service/service.go:629.16,631.3 1 0
github.com/corvusHold/guard/internal/auth/sso/service/service.go:632.2,632.52 1 0
github.com/corvusHold/guard/internal/auth/sso/service/service.go:632.52,634.3 1 0
github.com/corvusHold/guard/internal/auth/sso/service/service.go:635.2,636.16 2 0
github.com/corvusHold/guard/internal/auth/sso/service/service.go:636.16,638.3 1 0
github.com/corvusHold/guard/internal/auth/sso/service/service.go:639.2,640.9 2 0
github.com/corvusHold/guard/internal/auth/sso/service/service.go:640.9,642.3 1 0
github.com/corvusHold/guard/internal/auth/sso/service/service.go:643.2,643.53 1 0
github.com/corvusHold/guard/internal/auth/sso/service/service.go:648.175,650.16 2 0
github.com/corvusHold/guard/internal/auth/sso/service/service.go:650.16,652.3 1 0
github.com/corvusHold/guard/internal/auth/sso/service/service.go:653.2,653.52 1 0
github.com/corvusHold/guard/internal/auth/sso/service/service.go:653.52,655.3 1 0
github.com/corvusHold/guard/internal/auth/sso/service/service.go:656.2,657.16 2 0
github.com/corvusHold/guard/internal/auth/sso/service/service.go:657.16,659.3 1 0
github.com/corvusHold/guard/internal/auth/sso/service/service.go:660.2,661.9 2 0
github.com/corvusHold/guard/internal/auth/sso/service/service.go:661.9,663.3 1 0
github.com/corvusHold/guard/internal/auth/sso/service/service.go:664.2,664.59 1 0
github.com/corvusHold/guard/internal/auth/sso/service/service.go:689.82,690.21 1 0
github.com/corvusHold/guard/internal/auth/sso/service/service.go:690.21,692.3 1 0
github.com/corvusHold/guard/internal/auth/sso/service/service.go:695.2,695.26 1 0
github.com/corvusHold/guard/internal/auth/sso/service/service.go:695.26,697.3 1 0
github.com/corvusHold/guard/internal/auth/sso/service/service.go:700.2,700.58 1 0
github.com/corvusHold/guard/internal/auth/sso/service/service.go:700.58,702.3 1 0
github.com/corvusHold/guard/internal/auth/sso/service/service.go:704.2,715.8 2 0
github.com/corvusHold/guard/internal/auth/sso/service/service.go:719.42,721.2 1 0
github.com/corvusHold/guard/internal/auth/sso/service/service.go:770.109,776.16 3 0
github.com/corvusHold/guard/internal/auth/sso/service/service.go:776.16,778.3 1 0
github.com/corvusHold/guard/internal/auth/sso/service/service.go:781.2,781.50 1 0
github.com/corvusHold/guard/internal/auth/sso/service/service.go:781.50,783.3 1 0
github.com/corvusHold/guard/internal/auth/sso/service/service.go:786.2,787.35 2 0
github.com/corvusHold/guard/internal/auth/sso/service/service.go:787.35,789.17 2 0
github.com/corvusHold/guard/internal/auth/sso/service/service.go:789.17,791.4 1 0
github.com/corvusHold/guard/internal/auth/sso/service/service.go:797.2,836.16 2 0
github.com/corvusHold/guard/internal/auth/sso/service/service.go:836.16,838.3 1 0
github.com/corvusHold/guard/internal/auth/sso/service/service.go:841.2,854.27 6 0
github.com/corvusHold/guard/internal/auth/sso/service/service.go:858.111,860.2 1 0
github.com/corvusHold/guard/internal/auth/sso/service/service.go:863.124,869.16 2 0
github.com/corvusHold/guard/internal/auth/sso/service/service.go:869.16,871.3 1 0
github.com/corvusHold/guard/internal/auth/sso/service/service.go:873.2,874.41 2 0
github.com/corvusHold/guard/internal/auth/sso/service/service.go:874.41,876.3 1 0
github.com/corvusHold/guard/internal/auth/sso/service/service.go:878.2,878.21 1 0
github.com/corvusHold/guard/internal/auth/sso/service/service.go:882.96,892.17 4 0
github.com/corvusHold/guard/internal/auth/sso/service/service.go:892.17,894.3 1 0
github.com/corvusHold/guard/internal/auth/sso/service/service.go:896.2,900.12 2 0
github.com/corvusHold/guard/internal/auth/sso/service/service.go:943.141,946.16 2 0
github.com/corvusHold/guard/internal/auth/sso/service/service.go:946.16,948.3 1 0
github.com/corvusHold/guard/internal/auth/sso/service/service.go:951.2,953.21 2 0
github.com/corvusHold/guard/internal/auth/sso/service/service.go:953.21,955.3 1 0
github.com/corvusHold/guard/internal/auth/sso/service/service.go:956.2,956.24 1 0
github.com/corvusHold/guard/internal/auth/sso/service/service.go:956.24,958.3 1 0
github.com/corvusHold/guard/internal/auth/sso/service/service.go:959.2,959.28 1 0
github.com/corvusHold/guard/internal/auth/sso/service/service.go:959.28,961.3 1 0
github.com/corvusHold/guard/internal/auth/sso/service/service.go:962.2,962.35 1 0
github.com/corvusHold/guard/internal/auth/sso/service/service.go:962.35,964.3 1 0
github.com/corvusHold/guard/internal/auth/sso/service/service.go:965.2,965.61 1 0
github.com/corvusHold/guard/internal/auth/sso/service/service.go:965.61,967.3 1 0
github.com/corvusHold/guard/internal/auth/sso/service/service.go:968.2,968.24 1 0
github.com/corvusHold/guard/internal/auth/sso/service/service.go:968.24,970.3 1 0
github.com/corvusHold/guard/internal/auth/sso/service/service.go:971.2,971.33 1 0
github.com/corvusHold/guard/internal/auth/sso/service/service.go:971.33,973.3 1 0
github.com/corvusHold/guard/internal/auth/sso/service/service.go:976.2,976.23 1 0
github.com/corvusHold/guard/internal/auth/sso/service/service.go:976.23,978.3 1 0
github.com/corvusHold/guard/internal/auth/sso/service/service.go:979.2,979.38 1 0
github.com/corvusHold/guard/internal/auth/sso/service/service.go:979.38,981.3 1 0
github.com/corvusHold/guard/internal/auth/sso/service/service.go:982.2,982.30 1 0
github.com/corvusHold/guard/internal/auth/sso/service/service.go:982.30,984.3 1 0
github.com/corvusHold/guard/internal/auth/sso/service/service.go:985.2,985.33 1 0
github.com/corvusHold/guard/internal/auth/sso/service/service.go:985.33,987.3 1 0
github.com/corvusHold/guard/internal/auth/sso/service/service.go:988.2,988.24 1 0
github.com/corvusHold/guard/internal/auth/sso/service/service.go:988.24,990.3 1 0
github.com/corvusHold/guard/internal/auth/sso/service/service.go:991.2,991.25 1 0
github.com/corvusHold/guard/internal/auth/sso/service/service.go:991.25,993.3 1 0
github.com/corvusHold/guard/internal/auth/sso/service/service.go:994.2,994.29 1 0
github.com/corvusHold/guard/internal/auth/sso/service/service.go:994.29,996.3 1 0
github.com/corvusHold/guard/internal/auth/sso/service/service.go:997.2,997.23 1 0
github.com/corvusHold/guard/internal/auth/sso/service/service.go:997.23,999.3 1 0
github.com/corvusHold/guard/internal/auth/sso/service/service.go:1000.2,1000.29 1 0
github.com/corvusHold/guard/internal/auth/sso/service/service.go:1000.29,1002.3 1 0
github.com/corvusHold/guard/internal/auth/sso/service/service.go:1003.2,1003.29 1 0
github.com/corvusHold/guard/internal/auth/sso/service/service.go:1003.29,1005.3 1 0
github.com/corvusHold/guard/internal/auth/sso/service/service.go:1008.2,1008.25 1 0
github.com/corvusHold/guard/internal/auth/sso/service/service.go:1008.25,1010.3 1 0
github.com/corvusHold/guard/internal/auth/sso/service/service.go:1011.2,1011.23 1 0
github.com/corvusHold/guard/internal/auth/sso/service/service.go:1011.23,1013.3 1 0
github.com/corvusHold/guard/internal/auth/sso/service/service.go:1014.2,1014.23 1 0
github.com/corvusHold/guard/internal/auth/sso/service/service.go:1014.23,1016.3 1 0
github.com/corvusHold/guard/internal/auth/sso/service/service.go:1017.2,1017.31 1 0
github.com/corvusHold/guard/internal/auth/sso/service/service.go:1017.31,1019.3 1 0
github.com/corvusHold/guard/internal/auth/sso/service/service.go:1020.2,1020.31 1 0
github.com/corvusHold/guard/internal/auth/sso/service/service.go:1020.31,1022.3 1 0
github.com/corvusHold/guard/internal/auth/sso/service/service.go:1023.2,1023.28 1 0
github.com/corvusHold/guard/internal/auth/sso/service/service.go:1023.28,1025.3 1 0
github.com/corvusHold/guard/internal/auth/sso/service/service.go:1026.2,1026.26 1 0
github.com/corvusHold/guard/internal/auth/sso/service/service.go:1026.26,1028.3 1 0
github.com/corvusHold/guard/internal/auth/sso/service/service.go:1029.2,1029.26 1 0
github.com/corvusHold/guard/internal/auth/sso/service/service.go:1029.26,1031.3 1 0
github.com/corvusHold/guard/internal/auth/sso/service/service.go:1032.2,1032.31 1 0
github.com/corvusHold/guard/internal/auth/sso/service/service.go:1032.31,1034.3 1 0
github.com/corvusHold/guard/internal/auth/sso/service/service.go:1035.2,1035.30 1 0
github.com/corvusHold/guard/internal/auth/sso/service/service.go:1035.30,1037.3 1 0
github.com/corvusHold/guard/internal/auth/sso/service/service.go:1038.2,1038.29 1 0
github.com/corvusHold/guard/internal/auth/sso/service/service.go:1038.29,1040.3 1 0
github.com/corvusHold/guard/internal/auth/sso/service/service.go:1041.2,1041.39 1 0
github.com/corvusHold/guard/internal/auth/sso/service/service.go:1041.39,1043.3 1 0
github.com/corvusHold/guard/internal/auth/sso/service/service.go:1044.2,1044.37 1 0
github.com/corvusHold/guard/internal/auth/sso/service/service.go:1044.37,1046.3 1 0
github.com/corvusHold/guard/internal/auth/sso/service/service.go:1047.2,1047.35 1 0
github.com/corvusHold/guard/internal/auth/sso/service/service.go:1047.35,1049.3 1 0
github.com/corvusHold/guard/internal/auth/sso/service/service.go:1050.2,1050.29 1 0
github.com/corvusHold/guard/internal/auth/sso/service/service.go:1050.29,1052.3 1 0
github.com/corvusHold/guard/internal/auth/sso/service/service.go:1053.2,1053.27 1 0
github.com/corvusHold/guard/internal/auth/sso/service/service.go:1053.27,1055.3 1 0
github.com/corvusHold/guard/internal/auth/sso/service/service.go:1059.2,1066.23 2 0
github.com/corvusHold/guard/internal/auth/sso/service/service.go:1066.23,1069.17 2 0
github.com/corvusHold/guard/internal/auth/sso/service/service.go:1069.17,1071.4 1 0
github.com/corvusHold/guard/internal/auth/sso/service/service.go:1073.3,1073.51 1 0
github.com/corvusHold/guard/internal/auth/sso/service/service.go:1073.51,1075.4 1 0
github.com/corvusHold/guard/internal/auth/sso/service/service.go:1080.2,1081.37 2 0
github.com/corvusHold/guard/internal/auth/sso/service/service.go:1081.37,1083.3 1 0
github.com/corvusHold/guard/internal/auth/sso/service/service.go:1086.2,1127.16 3 0
github.com/corvusHold/guard/internal/auth/sso/service/service.go:1127.16,1129.3 1 0
github.com/corvusHold/guard/internal/auth/sso/service/service.go:1132.2,1138.16 5 0
github.com/corvusHold/guard/internal/auth/sso/service/service.go:1138.16,1140.3 1 0
github.com/corvusHold/guard/internal/auth/sso/service/service.go:1142.2,1147.27 2 0
github.com/corvusHold/guard/internal/auth/sso/service/service.go:1152.118,1157.16 2 0
github.com/corvusHold/guard/internal/auth/sso/service/service.go:1157.16,1159.3 1 0
github.com/corvusHold/guard/internal/auth/sso/service/service.go:1161.2,1161.46 1 0
github.com/corvusHold/guard/internal/auth/sso/service/service.go:1164.115,1169.16 2 0
github.com/corvusHold/guard/internal/auth/sso/service/service.go:1169.16,1171.3 1 0
github.com/corvusHold/guard/internal/auth/sso/service/service.go:1173.2,1173.46 1 0
github.com/corvusHold/guard/internal/auth/sso/service/service.go:1176.112,1179.41 2 0
github.com/corvusHold/guard/internal/auth/sso/service/service.go:1179.41,1182.3 2 0
github.com/corvusHold/guard/internal/auth/sso/service/service.go:1183.2,1190.41 4 0
github.com/corvusHold/guard/internal/auth/sso/service/service.go:1190.41,1192.3 1 0
github.com/corvusHold/guard/internal/auth/sso/service/service.go:1194.2,1195.16 2 0
github.com/corvusHold/guard/internal/auth/sso/service/service.go:1195.16,1197.3 1 0
github.com/corvusHold/guard/internal/auth/sso/service/service.go:1199.2,1200.15 2 0
github.com/corvusHold/guard/internal/auth/sso/service/service.go:1203.113,1204.29 1 0
github.com/corvusHold/guard/internal/auth/sso/service/service.go:1205.31,1206.47 1 0
github.com/corvusHold/guard/internal/auth/sso/service/service.go:1207.31,1210.26 2 0
github.com/corvusHold/guard/internal/auth/sso/service/service.go:1210.26,1212.4 1 0
github.com/corvusHold/guard/internal/auth/sso/service/service.go:1213.3,1213.28 1 0
github.com/corvusHold/guard/internal/auth/sso/service/service.go:1213.28,1215.4 1 0
github.com/corvusHold/guard/internal/auth/sso/service/service.go:1216.3,1216.26 1 0
github.com/corvusHold/guard/internal/auth/sso/service/service.go:1216.26,1218.4 1 0
github.com/corvusHold/guard/internal/auth/sso/service/service.go:1219.3,1219.47 1 0
github.com/corvusHold/guard/internal/auth/sso/service/service.go:1220.10,1221.79 1 0
github.com/corvusHold/guard/internal/auth/sso/service/service.go:1225.135,1236.2 2 0
github.com/corvusHold/guard/internal/auth/sso/service/service.go:1238.149,1240.19 2 0
github.com/corvusHold/guard/internal/auth/sso/service/service.go:1240.19,1242.3 1 0
github.com/corvusHold/guard/internal/auth/sso/service/service.go:1245.2,1246.16 2 0
github.com/corvusHold/guard/internal/auth/sso/service/service.go:1246.16,1249.3 2 0
github.com/corvusHold/guard/internal/auth/sso/service/service.go:1251.2,1257.17 1 0
github.com/corvusHold/guard/internal/auth/sso/service/service.go:1257.17,1259.3 1 0
github.com/corvusHold/guard/internal/auth/sso/service/service.go:1262.131,1265.30 2 0
github.com/corvusHold/guard/internal/auth/sso/service/service.go:1265.30,1267.3 1 0
github.com/corvusHold/guard/internal/auth/sso/service/service.go:1269.2,1278.12 2 0
github.com/corvusHold/guard/internal/auth/sso/service/service.go:1281.76,1322.2 1 0
github.com/corvusHold/guard/internal/auth/sso/service/service.go:1324.74,1326.33 2 0
github.com/corvusHold/guard/internal/auth/sso/service/service.go:1326.33,1328.3 1 0
github.com/corvusHold/guard/internal/auth/sso/service/service.go:1330.2,1331.36 2 0
github.com/corvusHold/guard/internal/auth/sso/service/service.go:1331.36,1334.3 2 0
github.com/corvusHold/guard/internal/auth/sso/service/service.go:1336.2,1379.3 1 0
github.com/corvusHold/guard/internal/auth/sso/service/service.go:1383.41,1385.2 1 0
github.com/corvusHold/guard/internal/auth/sso/service/service.go:1387.39,1388.15 1 0
github.com/corvusHold/guard/internal/auth/sso/service/service.go:1388.15,1390.3 1 0
github.com/corvusHold/guard/internal/auth/sso/service/service.go:1391.2,1391.17 1 0
github.com/corvusHold/guard/internal/auth/sso/service/service.go:1394.37,1396.2 1 0
github.com/corvusHold/guard/internal/auth/sso/service/service.go:1398.35,1400.2 1 0
github.com/corvusHold/guard/internal/auth/sso/service/service.go:1402.38,1404.2 1 0
github.com/corvusHold/guard/internal/auth/sso/service/service.go:1406.53,1407.14 1 0
github.com/corvusHold/guard/internal/auth/sso/service/service.go:1407.14,1409.3 1 0
github.com/corvusHold/guard/internal/auth/sso/service/service.go:1410.2,1410.50 1 0
github.com/corvusHold/guard/internal/auth/sso/service/service.go:1414.44,1415.17 1 0
github.com/corvusHold/guard/internal/auth/sso/service/service.go:1415.17,1417.3 1 0
github.com/corvusHold/guard/internal/auth/sso/service/service.go:1418.2,1419.16 2 0
github.com/corvusHold/guard/internal/auth/sso/service/service.go:1419.16,1421.3 1 0
github.com/corvusHold/guard/internal/auth/sso/service/service.go:1422.2,1422.14 1 0
github.com/corvusHold/guard/internal/auth/repository/platform_admin.go:12.120,21.16 2 0
github.com/corvusHold/guard/internal/auth/repository/platform_admin.go:21.16,23.3 1 0
github.com/corvusHold/guard/internal/auth/repository/platform_admin.go:24.2,27.18 3 0
github.com/corvusHold/guard/internal/auth/repository/platform_admin.go:27.18,29.97 2 0
github.com/corvusHold/guard/internal/auth/repository/platform_admin.go:29.97,31.4 1 0
github.com/corvusHold/guard/internal/auth/repository/platform_admin.go:32.3,32.30 1 0
github.com/corvusHold/guard/internal/auth/repository/platform_admin.go:34.2,34.27 1 0
github.com/corvusHold/guard/internal/auth/repository/platform_admin.go:39.35,44.2 4 0
github.com/corvusHold/guard/internal/auth/repository/platform_admin.go:46.114,56.16 2 0
github.com/corvusHold/guard/internal/auth/repository/platform_admin.go:56.16,58.3 1 0
github.com/corvusHold/guard/internal/auth/repository/platform_admin.go:59.2,62.18 3 0
github.com/corvusHold/guard/internal/auth/repository/platform_admin.go:62.18,64.87 2 0
github.com/corvusHold/guard/internal/auth/repository/platform_admin.go:64.87,66.4 1 0
github.com/corvusHold/guard/internal/auth/repository/platform_admin.go:67.3,67.31 1 0
github.com/corvusHold/guard/internal/auth/repository/platform_admin.go:69.2,69.27 1 0
github.com/corvusHold/guard/internal/auth/repository/platform_admin.go:72.173,78.21 4 0
github.com/corvusHold/guard/internal/auth/repository/platform_admin.go:78.21,82.3 3 0
github.com/corvusHold/guard/internal/auth/repository/platform_admin.go:83.2,83.19 1 0
github.com/corvusHold/guard/internal/auth/repository/platform_admin.go:83.19,87.3 3 0
github.com/corvusHold/guard/internal/auth/repository/platform_admin.go:88.2,88.18 1 0
github.com/corvusHold/guard/internal/auth/repository/platform_admin.go:88.18,92.3 3 0
github.com/corvusHold/guard/internal/auth/repository/platform_admin.go:94.2,95.25 2 0
github.com/corvusHold/guard/internal/auth/repository/platform_admin.go:95.25,97.3 1 0
github.com/corvusHold/guard/internal/auth/repository/platform_admin.go:100.2,102.79 3 0
github.com/corvusHold/guard/internal/auth/repository/platform_admin.go:102.79,104.3 1 0
github.com/corvusHold/guard/internal/auth/repository/platform_admin.go:107.2,114.16 4 0
github.com/corvusHold/guard/internal/auth/repository/platform_admin.go:114.16,116.3 1 0
github.com/corvusHold/guard/internal/auth/repository/platform_admin.go:117.2,120.18 3 0
github.com/corvusHold/guard/internal/auth/repository/platform_admin.go:120.18,122.135 2 0
github.com/corvusHold/guard/internal/auth/repository/platform_admin.go:122.135,124.4 1 0
github.com/corvusHold/guard/internal/auth/repository/platform_admin.go:125.3,125.33 1 0
github.com/corvusHold/guard/internal/auth/repository/platform_admin.go:127.2,127.34 1 0
github.com/corvusHold/guard/internal/auth/repository/platform_admin.go:130.103,137.16 3 0
github.com/corvusHold/guard/internal/auth/repository/platform_admin.go:137.16,139.3 1 0
github.com/corvusHold/guard/internal/auth/repository/platform_admin.go:140.2,140.23 1 0
github.com/corvusHold/guard/internal/auth/repository/platform_admin.go:143.133,157.16 2 0
github.com/corvusHold/guard/internal/auth/repository/platform_admin.go:157.16,159.3 1 0
github.com/corvusHold/guard/internal/auth/repository/platform_admin.go:160.2,163.18 3 0
github.com/corvusHold/guard/internal/auth/repository/platform_admin.go:163.18,165.122 2 0
github.com/corvusHold/guard/internal/auth/repository/platform_admin.go:165.122,167.4 1 0
github.com/corvusHold/guard/internal/auth/repository/platform_admin.go:168.3,168.30 1 0
github.com/corvusHold/guard/internal/auth/repository/platform_admin.go:170.2,170.27 1 0
github.com/corvusHold/guard/internal/auth/repository/platform_admin.go:173.97,183.2 3 0
github.com/corvusHold/guard/internal/auth/repository/sqlc.go:24.40,33.2 1 0
github.com/corvusHold/guard/internal/auth/repository/sqlc.go:35.49,37.22 2 0
github.com/corvusHold/guard/internal/auth/repository/sqlc.go:37.22,40.3 2 0
github.com/corvusHold/guard/internal/auth/repository/sqlc.go:41.2,42.23 2 0
github.com/corvusHold/guard/internal/auth/repository/sqlc.go:42.23,45.3 2 0
github.com/corvusHold/guard/internal/auth/repository/sqlc.go:46.2,56.3 1 0
github.com/corvusHold/guard/internal/auth/repository/sqlc.go:60.37,69.2 1 0
github.com/corvusHold/guard/internal/auth/repository/sqlc.go:71.55,79.2 1 0
github.com/corvusHold/guard/internal/auth/repository/sqlc.go:81.89,83.26 2 0
github.com/corvusHold/guard/internal/auth/repository/sqlc.go:83.26,86.3 2 0
github.com/corvusHold/guard/internal/auth/repository/sqlc.go:87.2,88.24 2 0
github.com/corvusHold/guard/internal/auth/repository/sqlc.go:88.24,91.3 2 0
github.com/corvusHold/guard/internal/auth/repository/sqlc.go:92.2,98.3 1 0
github.com/corvusHold/guard/internal/auth/repository/sqlc.go:104.106,106.16 2 0
github.com/corvusHold/guard/internal/auth/repository/sqlc.go:106.16,108.3 1 0
github.com/corvusHold/guard/internal/auth/repository/sqlc.go:109.2,110.26 2 0
github.com/corvusHold/guard/internal/auth/repository/sqlc.go:110.26,112.26 2 0
github.com/corvusHold/guard/internal/auth/repository/sqlc.go:112.26,115.4 2 0
github.com/corvusHold/guard/internal/auth/repository/sqlc.go:116.3,127.5 1 0
github.com/corvusHold/guard/internal/auth/repository/sqlc.go:129.2,129.17 1 0
github.com/corvusHold/guard/internal/auth/repository/sqlc.go:133.98,135.2 1 0
github.com/corvusHold/guard/internal/auth/repository/sqlc.go:138.107,140.2 1 0
github.com/corvusHold/guard/internal/auth/repository/sqlc.go:143.115,146.16 2 0
github.com/corvusHold/guard/internal/auth/repository/sqlc.go:146.16,148.3 1 0
github.com/corvusHold/guard/internal/auth/repository/sqlc.go:149.2,154.4 1 0
github.com/corvusHold/guard/internal/auth/repository/sqlc.go:158.133,160.16 2 0
github.com/corvusHold/guard/internal/auth/repository/sqlc.go:160.16,162.3 1 0
github.com/corvusHold/guard/internal/auth/repository/sqlc.go:163.2,164.27 2 0
github.com/corvusHold/guard/internal/auth/repository/sqlc.go:164.27,166.3 1 0
github.com/corvusHold/guard/internal/auth/repository/sqlc.go:167.2,167.17 1 0
github.com/corvusHold/guard/internal/auth/repository/sqlc.go:170.53,177.2 1 0
github.com/corvusHold/guard/internal/auth/repository/sqlc.go:179.37,181.25 2 0
github.com/corvusHold/guard/internal/auth/repository/sqlc.go:181.25,184.3 2 0
github.com/corvusHold/guard/internal/auth/repository/sqlc.go:185.2,195.3 1 0
github.com/corvusHold/guard/internal/auth/repository/sqlc.go:198.44,198.95 1 0
github.com/corvusHold/guard/internal/auth/repository/sqlc.go:200.47,200.92 1 0
github.com/corvusHold/guard/internal/auth/repository/sqlc.go:201.47,201.96 1 0
github.com/corvusHold/guard/internal/auth/repository/sqlc.go:202.47,202.98 1 0
github.com/corvusHold/guard/internal/auth/repository/sqlc.go:203.49,204.14 1 0
github.com/corvusHold/guard/internal/auth/repository/sqlc.go:204.14,206.3 1 0
github.com/corvusHold/guard/internal/auth/repository/sqlc.go:207.2,207.21 1 0
github.com/corvusHold/guard/internal/auth/repository/sqlc.go:209.46,210.14 1 0
github.com/corvusHold/guard/internal/auth/repository/sqlc.go:210.14,212.3 1 0
github.com/corvusHold/guard/internal/auth/repository/sqlc.go:213.2,213.21 1 0
github.com/corvusHold/guard/internal/auth/repository/sqlc.go:216.38,216.67 1 0
github.com/corvusHold/guard/internal/auth/repository/sqlc.go:218.62,226.2 1 0
github.com/corvusHold/guard/internal/auth/repository/sqlc.go:228.86,230.28 2 0
github.com/corvusHold/guard/internal/auth/repository/sqlc.go:230.28,233.3 2 0
github.com/corvusHold/guard/internal/auth/repository/sqlc.go:234.2,235.26 2 0
github.com/corvusHold/guard/internal/auth/repository/sqlc.go:235.26,237.57 2 0
github.com/corvusHold/guard/internal/auth/repository/sqlc.go:237.57,239.4 1 0
github.com/corvusHold/guard/internal/auth/repository/sqlc.go:239.9,241.4 1 0
github.com/corvusHold/guard/internal/auth/repository/sqlc.go:243.2,244.25 2 0
github.com/corvusHold/guard/internal/auth/repository/sqlc.go:244.25,247.3 2 0
github.com/corvusHold/guard/internal/auth/repository/sqlc.go:248.2,262.3 1 0
github.com/corvusHold/guard/internal/auth/repository/sqlc.go:265.76,267.28 2 0
github.com/corvusHold/guard/internal/auth/repository/sqlc.go:267.28,270.3 2 0
github.com/corvusHold/guard/internal/auth/repository/sqlc.go:271.2,272.26 2 0
github.com/corvusHold/guard/internal/auth/repository/sqlc.go:272.26,274.57 2 0
github.com/corvusHold/guard/internal/auth/repository/sqlc.go:274.57,277.4 1 0
github.com/corvusHold/guard/internal/auth/repository/sqlc.go:277.9,279.4 1 0
github.com/corvusHold/guard/internal/auth/repository/sqlc.go:281.2,296.3 1 0
github.com/corvusHold/guard/internal/auth/repository/sqlc.go:299.53,301.21 2 0
github.com/corvusHold/guard/internal/auth/repository/sqlc.go:301.21,304.3 2 0
github.com/corvusHold/guard/internal/auth/repository/sqlc.go:305.2,306.25 2 0
github.com/corvusHold/guard/internal/auth/repository/sqlc.go:306.25,309.3 2 0
github.com/corvusHold/guard/internal/auth/repository/sqlc.go:310.2,320.3 1 0
github.com/corvusHold/guard/internal/auth/repository/sqlc.go:323.67,325.27 2 0
github.com/corvusHold/guard/internal/auth/repository/sqlc.go:325.27,328.3 2 0
github.com/corvusHold/guard/internal/auth/repository/sqlc.go:329.2,330.23 2 0
github.com/corvusHold/guard/internal/auth/repository/sqlc.go:330.23,333.3 2 0
github.com/corvusHold/guard/internal/auth/repository/sqlc.go:334.2,335.24 2 0
github.com/corvusHold/guard/internal/auth/repository/sqlc.go:335.24,338.3 2 0
github.com/corvusHold/guard/internal/auth/repository/sqlc.go:339.2,353.3 1 0
github.com/corvusHold/guard/internal/auth/repository/sqlc.go:356.122,365.2 1 0
github.com/corvusHold/guard/internal/auth/repository/sqlc.go:367.152,375.2 1 0
github.com/corvusHold/guard/internal/auth/repository/sqlc.go:377.139,382.16 2 0
github.com/corvusHold/guard/internal/auth/repository/sqlc.go:382.16,384.3 1 0
github.com/corvusHold/guard/internal/auth/repository/sqlc.go:385.2,391.9 1 0
github.com/corvusHold/guard/internal/auth/repository/sqlc.go:394.89,396.2 1 0
github.com/corvusHold/guard/internal/auth/repository/sqlc.go:398.107,400.2 1 0
github.com/corvusHold/guard/internal/auth/repository/sqlc.go:402.290,404.2 1 0
github.com/corvusHold/guard/internal/auth/repository/sqlc.go:406.320,408.21 2 0
github.com/corvusHold/guard/internal/auth/repository/sqlc.go:408.21,410.3 1 0
github.com/corvusHold/guard/internal/auth/repository/sqlc.go:411.2,412.26 2 0
github.com/corvusHold/guard/internal/auth/repository/sqlc.go:412.26,414.3 1 0
github.com/corvusHold/guard/internal/auth/repository/sqlc.go:415.2,416.21 2 0
github.com/corvusHold/guard/internal/auth/repository/sqlc.go:416.21,417.51 1 0
github.com/corvusHold/guard/internal/auth/repository/sqlc.go:417.51,419.4 1 0
github.com/corvusHold/guard/internal/auth/repository/sqlc.go:419.9,421.4 1 0
github.com/corvusHold/guard/internal/auth/repository/sqlc.go:423.2,430.12 2 0
github.com/corvusHold/guard/internal/auth/repository/sqlc.go:433.91,439.2 2 0
github.com/corvusHold/guard/internal/auth/repository/sqlc.go:441.116,443.16 2 0
github.com/corvusHold/guard/internal/auth/repository/sqlc.go:443.16,445.3 1 0
github.com/corvusHold/guard/internal/auth/repository/sqlc.go:446.2,446.45 1 0
github.com/corvusHold/guard/internal/auth/repository/sqlc.go:449.84,451.2 1 0
github.com/corvusHold/guard/internal/auth/repository/sqlc.go:454.181,464.2 1 0
github.com/corvusHold/guard/internal/auth/repository/sqlc.go:466.110,468.16 2 0
github.com/corvusHold/guard/internal/auth/repository/sqlc.go:468.16,470.3 1 0
github.com/corvusHold/guard/internal/auth/repository/sqlc.go:471.2,471.30 1 0
github.com/corvusHold/guard/internal/auth/repository/sqlc.go:474.88,476.2 1 0
github.com/corvusHold/guard/internal/auth/repository/sqlc.go:478.242,489.16 2 0
github.com/corvusHold/guard/internal/auth/repository/sqlc.go:489.16,491.3 1 0
github.com/corvusHold/guard/internal/auth/repository/sqlc.go:492.2,492.36 1 0
github.com/corvusHold/guard/internal/auth/repository/sqlc.go:496.98,498.16 2 0
github.com/corvusHold/guard/internal/auth/repository/sqlc.go:498.16,500.3 1 0
github.com/corvusHold/guard/internal/auth/repository/sqlc.go:501.2,501.24 1 0
github.com/corvusHold/guard/internal/auth/repository/sqlc.go:504.120,506.16 2 0
github.com/corvusHold/guard/internal/auth/repository/sqlc.go:506.16,508.3 1 0
github.com/corvusHold/guard/internal/auth/repository/sqlc.go:509.2,510.27 2 0
github.com/corvusHold/guard/internal/auth/repository/sqlc.go:510.27,518.3 1 0
github.com/corvusHold/guard/internal/auth/repository/sqlc.go:519.2,519.17 1 0
github.com/corvusHold/guard/internal/auth/repository/sqlc.go:522.104,524.16 2 0
github.com/corvusHold/guard/internal/auth/repository/sqlc.go:524.16,526.3 1 0
github.com/corvusHold/guard/internal/auth/repository/sqlc.go:527.2,533.8 1 0
github.com/corvusHold/guard/internal/auth/repository/sqlc.go:537.127,539.16 2 0
github.com/corvusHold/guard/internal/auth/repository/sqlc.go:539.16,541.3 1 0
github.com/corvusHold/guard/internal/auth/repository/sqlc.go:542.2,543.30 2 0
github.com/corvusHold/guard/internal/auth/repository/sqlc.go:543.30,550.3 1 0
github.com/corvusHold/guard/internal/auth/repository/sqlc.go:551.2,551.20 1 0
github.com/corvusHold/guard/internal/auth/repository/sqlc.go:555.103,558.16 2 0
github.com/corvusHold/guard/internal/auth/repository/sqlc.go:558.16,560.3 1 0
github.com/corvusHold/guard/internal/auth/repository/sqlc.go:561.2,566.4 1 0
github.com/corvusHold/guard/internal/auth/repository/sqlc.go:570.116,576.2 1 0
github.com/corvusHold/guard/internal/auth/repository/sqlc.go:578.104,580.16 2 0
github.com/corvusHold/guard/internal/auth/repository/sqlc.go:580.16,582.3 1 0
github.com/corvusHold/guard/internal/auth/repository/sqlc.go:583.2,583.30 1 0
github.com/corvusHold/guard/internal/auth/repository/sqlc.go:586.122,592.2 1 0
github.com/corvusHold/guard/internal/auth/repository/sqlc.go:594.109,596.2 1 0
github.com/corvusHold/guard/internal/auth/repository/sqlc.go:598.117,600.16 2 0
github.com/corvusHold/guard/internal/auth/repository/sqlc.go:600.16,601.27 1 0
github.com/corvusHold/guard/internal/auth/repository/sqlc.go:601.27,603.4 1 0
github.com/corvusHold/guard/internal/auth/repository/sqlc.go:604.3,604.20 1 0
github.com/corvusHold/guard/internal/auth/repository/sqlc.go:606.2,606.18 1 0
github.com/corvusHold/guard/internal/auth/repository/sqlc.go:612.92,614.16 2 0
github.com/corvusHold/guard/internal/auth/repository/sqlc.go:614.16,616.3 1 0
github.com/corvusHold/guard/internal/auth/repository/sqlc.go:617.2,618.26 2 0
github.com/corvusHold/guard/internal/auth/repository/sqlc.go:618.26,620.3 1 0
github.com/corvusHold/guard/internal/auth/repository/sqlc.go:621.2,621.17 1 0
github.com/corvusHold/guard/internal/auth/repository/sqlc.go:624.105,626.16 2 0
github.com/corvusHold/guard/internal/auth/repository/sqlc.go:626.16,628.3 1 0
github.com/corvusHold/guard/internal/auth/repository/sqlc.go:629.2,629.30 1 0
github.com/corvusHold/guard/internal/auth/repository/sqlc.go:633.108,635.16 2 0
github.com/corvusHold/guard/internal/auth/repository/sqlc.go:635.16,637.3 1 0
github.com/corvusHold/guard/internal/auth/repository/sqlc.go:638.2,639.27 2 0
github.com/corvusHold/guard/internal/auth/repository/sqlc.go:639.27,641.3 1 0
github.com/corvusHold/guard/internal/auth/repository/sqlc.go:642.2,642.17 1 0
github.com/corvusHold/guard/internal/auth/repository/sqlc.go:645.139,652.16 2 0
github.com/corvusHold/guard/internal/auth/repository/sqlc.go:652.16,654.3 1 0
github.com/corvusHold/guard/internal/auth/repository/sqlc.go:655.2,655.25 1 0
github.com/corvusHold/guard/internal/auth/repository/sqlc.go:658.143,665.16 2 0
github.com/corvusHold/guard/internal/auth/repository/sqlc.go:665.16,667.3 1 0
github.com/corvusHold/guard/internal/auth/repository/sqlc.go:668.2,668.25 1 0
github.com/corvusHold/guard/internal/auth/repository/sqlc.go:671.102,673.2 1 0
github.com/corvusHold/guard/internal/auth/repository/sqlc.go:675.115,677.16 2 0
github.com/corvusHold/guard/internal/auth/repository/sqlc.go:677.16,679.3 1 0
github.com/corvusHold/guard/internal/auth/repository/sqlc.go:680.2,680.25 1 0
github.com/corvusHold/guard/internal/auth/repository/sqlc.go:684.122,686.16 2 0
github.com/corvusHold/guard/internal/auth/repository/sqlc.go:686.16,688.3 1 0
github.com/corvusHold/guard/internal/auth/repository/sqlc.go:689.2,690.25 2 0
github.com/corvusHold/guard/internal/auth/repository/sqlc.go:690.25,692.3 1 0
github.com/corvusHold/guard/internal/auth/repository/sqlc.go:693.2,693.17 1 0
github.com/corvusHold/guard/internal/auth/repository/sqlc.go:696.121,698.2 1 0
github.com/corvusHold/guard/internal/auth/repository/sqlc.go:700.124,702.2 1 0
github.com/corvusHold/guard/internal/auth/repository/sqlc.go:704.121,706.2 1 0
github.com/corvusHold/guard/internal/auth/repository/sqlc.go:708.122,710.16 2 0
github.com/corvusHold/guard/internal/auth/repository/sqlc.go:710.16,712.3 1 0
github.com/corvusHold/guard/internal/auth/repository/sqlc.go:713.2,714.27 2 0
github.com/corvusHold/guard/internal/auth/repository/sqlc.go:714.27,716.3 1 0
github.com/corvusHold/guard/internal/auth/repository/sqlc.go:717.2,717.17 1 0
github.com/corvusHold/guard/internal/auth/repository/sqlc.go:721.129,723.29 2 0
github.com/corvusHold/guard/internal/auth/repository/sqlc.go:723.29,725.3 1 0
github.com/corvusHold/guard/internal/auth/repository/sqlc.go:726.2,727.16 2 0
github.com/corvusHold/guard/internal/auth/repository/sqlc.go:727.16,729.3 1 0
github.com/corvusHold/guard/internal/auth/repository/sqlc.go:730.2,731.27 2 0
github.com/corvusHold/guard/internal/auth/repository/sqlc.go:731.27,733.3 1 0
github.com/corvusHold/guard/internal/auth/repository/sqlc.go:734.2,734.17 1 0
github.com/corvusHold/guard/internal/auth/repository/sqlc.go:737.168,745.2 1 0
github.com/corvusHold/guard/internal/auth/repository/sqlc.go:747.168,755.2 1 0
github.com/corvusHold/guard/internal/auth/repository/sqlc.go:760.141,767.16 2 0
github.com/corvusHold/guard/internal/auth/repository/sqlc.go:767.16,769.29 2 0
github.com/corvusHold/guard/internal/auth/repository/sqlc.go:769.29,770.29 1 0
github.com/corvusHold/guard/internal/auth/repository/sqlc.go:770.29,772.5 1 0
github.com/corvusHold/guard/internal/auth/repository/sqlc.go:774.3,774.29 1 0
github.com/corvusHold/guard/internal/auth/repository/sqlc.go:776.2,776.26 1 0
github.com/corvusHold/guard/internal/auth/repository/sqlc.go:779.102,781.16 2 0
github.com/corvusHold/guard/internal/auth/repository/sqlc.go:781.16,783.3 1 0
github.com/corvusHold/guard/internal/auth/repository/sqlc.go:784.2,785.26 2 0
github.com/corvusHold/guard/internal/auth/repository/sqlc.go:785.26,787.3 1 0
github.com/corvusHold/guard/internal/auth/repository/sqlc.go:788.2,788.17 1 0
github.com/corvusHold/guard/internal/auth/repository/sqlc.go:791.99,793.2 1 0
github.com/corvusHold/guard/internal/auth/repository/sqlc.go:796.105,798.2 1 0
github.com/corvusHold/guard/internal/auth/repository/sqlc.go:800.108,802.2 1 0
github.com/corvusHold/guard/internal/auth/repository/sqlc.go:805.245,816.16 2 0
github.com/corvusHold/guard/internal/auth/repository/sqlc.go:816.16,818.3 1 0
github.com/corvusHold/guard/internal/auth/repository/sqlc.go:819.2,819.29 1 0
github.com/corvusHold/guard/internal/auth/repository/sqlc.go:822.190,831.2 1 0
github.com/corvusHold/guard/internal/auth/repository/sqlc.go:834.134,836.2 1 0
github.com/corvusHold/guard/internal/auth/repository/sqlc.go:838.145,840.2 1 0
github.com/corvusHold/guard/internal/auth/repository/sqlc.go:843.101,845.16 2 0
github.com/corvusHold/guard/internal/auth/repository/sqlc.go:845.16,847.3 1 0
github.com/corvusHold/guard/internal/auth/repository/sqlc.go:848.2,849.25 2 0
github.com/corvusHold/guard/internal/auth/repository/sqlc.go:849.25,851.3 1 0
github.com/corvusHold/guard/internal/auth/repository/sqlc.go:852.2,852.17 1 0
github.com/corvusHold/guard/internal/auth/repository/sqlc.go:855.148,857.16 2 0
github.com/corvusHold/guard/internal/auth/repository/sqlc.go:857.16,859.3 1 0
github.com/corvusHold/guard/internal/auth/repository/sqlc.go:860.2,861.27 2 0
github.com/corvusHold/guard/internal/auth/repository/sqlc.go:861.27,863.25 2 0
github.com/corvusHold/guard/internal/auth/repository/sqlc.go:863.25,866.4 2 0
github.com/corvusHold/guard/internal/auth/repository/sqlc.go:867.3,867.101 1 0
github.com/corvusHold/guard/internal/auth/repository/sqlc.go:869.2,869.17 1 0
github.com/corvusHold/guard/internal/auth/repository/sqlc.go:872.159,874.30 2 0
github.com/corvusHold/guard/internal/auth/repository/sqlc.go:874.30,876.3 1 0
github.com/corvusHold/guard/internal/auth/repository/sqlc.go:877.2,878.16 2 0
github.com/corvusHold/guard/internal/auth/repository/sqlc.go:878.16,880.3 1 0
github.com/corvusHold/guard/internal/auth/repository/sqlc.go:881.2,882.27 2 0
github.com/corvusHold/guard/internal/auth/repository/sqlc.go:882.27,884.25 2 0
github.com/corvusHold/guard/internal/auth/repository/sqlc.go:884.25,887.4 2 0
github.com/corvusHold/guard/internal/auth/repository/sqlc.go:888.3,888.136 1 0
github.com/corvusHold/guard/internal/auth/repository/sqlc.go:890.2,890.17 1 0
github.com/corvusHold/guard/internal/auth/repository/sqlc.go:894.118,895.19 1 0
github.com/corvusHold/guard/internal/auth/repository/sqlc.go:895.19,897.3 1 0
github.com/corvusHold/guard/internal/auth/repository/sqlc.go:898.2,903.16 2 0
github.com/corvusHold/guard/internal/auth/repository/sqlc.go:903.16,905.3 1 0
github.com/corvusHold/guard/internal/auth/repository/sqlc.go:906.2,909.18 3 0
github.com/corvusHold/guard/internal/auth/repository/sqlc.go:909.18,918.17 3 0
github.com/corvusHold/guard/internal/auth/repository/sqlc.go:918.17,920.4 1 0
github.com/corvusHold/guard/internal/auth/repository/sqlc.go:921.3,921.44 1 0
github.com/corvusHold/guard/internal/auth/repository/sqlc.go:924.2,924.31 1 0
github.com/corvusHold/guard/internal/auth/repository/sqlc.go:929.176,938.2 1 0
github.com/corvusHold/guard/internal/auth/repository/sqlc.go:940.128,942.16 2 0
github.com/corvusHold/guard/internal/auth/repository/sqlc.go:942.16,944.3 1 0
github.com/corvusHold/guard/internal/auth/repository/sqlc.go:945.2,946.26 2 0
github.com/corvusHold/guard/internal/auth/repository/sqlc.go:946.26,949.3 2 0
github.com/corvusHold/guard/internal/auth/repository/sqlc.go:950.2,959.8 1 0
github.com/corvusHold/guard/internal/auth/repository/sqlc.go:962.106,964.2 1 0
github.com/corvusHold/guard/internal/auth/repository/sqlc.go:968.160,974.2 2 0
github.com/corvusHold/guard/internal/auth/repository/sqlc.go:976.136,985.16 6 0
github.com/corvusHold/guard/internal/auth/repository/sqlc.go:985.16,987.3 1 0
github.com/corvusHold/guard/internal/auth/repository/sqlc.go:988.2,997.8 1 0
github.com/corvusHold/guard/internal/auth/repository/sqlc.go:1000.101,1005.16 2 0
github.com/corvusHold/guard/internal/auth/repository/sqlc.go:1005.16,1007.3 1 0
github.com/corvusHold/guard/internal/auth/repository/sqlc.go:1008.2,1008.29 1 0
github.com/corvusHold/guard/internal/auth/repository/sqlc.go:1008.29,1010.3 1 0
github.com/corvusHold/guard/internal/auth/repository/sqlc.go:1011.2,1011.12 1 0
github.com/corvusHold/guard/internal/auth/repository/sqlc.go:1014.137,1020.2 1 0
github.com/corvusHold/guard/internal/auth/repository/sqlc.go:1024.109,1029.2 1 0
github.com/corvusHold/guard/internal/auth/repository/sqlc.go:1033.105,1035.2 1 0
github.com/corvusHold/guard/internal/auth/repository/sqlc.go:1039.102,1041.2 1 0
github.com/corvusHold/guard/internal/auth/repository/sqlc.go:1044.98,1046.2 1 0
github.com/corvusHold/guard/internal/auth/repository/sqlc.go:1050.120,1055.2 1 0
github.com/corvusHold/guard/internal/auth/repository/sqlc.go:1057.107,1062.2 1 0
github.com/corvusHold/guard/internal/auth/repository/sqlc.go:1064.122,1070.2 1 0
github.com/corvusHold/guard/internal/auth/repository/sqlc.go:1072.85,1074.2 1 0
github.com/corvusHold/guard/internal/auth/repository/sqlc.go:1076.125,1081.16 2 0
github.com/corvusHold/guard/internal/auth/repository/sqlc.go:1081.16,1083.3 1 0
github.com/corvusHold/guard/internal/auth/repository/sqlc.go:1084.2,1085.27 2 0
github.com/corvusHold/guard/internal/auth/repository/sqlc.go:1085.27,1088.3 2 0
github.com/corvusHold/guard/internal/auth/repository/sqlc.go:1089.2,1089.45 1 0
github.com/corvusHold/guard/internal/auth/repository/sqlc.go:1094.55,1096.22 2 0
github.com/corvusHold/guard/internal/auth/repository/sqlc.go:1096.22,1099.3 2 0
github.com/corvusHold/guard/internal/auth/repository/sqlc.go:1100.2,1101.23 2 0
github.com/corvusHold/guard/internal/auth/repository/sqlc.go:1101.23,1104.3 2 0
github.com/corvusHold/guard/internal/auth/repository/sqlc.go:1105.2,1106.24 2 0
github.com/corvusHold/guard/internal/auth/repository/sqlc.go:1106.24,1109.3 2 0
github.com/corvusHold/guard/internal/auth/repository/sqlc.go:1110.2,1122.3 1 0
github.com/corvusHold/guard/internal/auth/repository/sqlc.go:1125.200,1127.21 2 0
github.com/corvusHold/guard/internal/auth/repository/sqlc.go:1127.21,1129.3 1 0
github.com/corvusHold/guard/internal/auth/repository/sqlc.go:1130.2,1139.16 2 0
github.com/corvusHold/guard/internal/auth/repository/sqlc.go:1139.16,1141.3 1 0
github.com/corvusHold/guard/internal/auth/repository/sqlc.go:1142.2,1142.32 1 0
github.com/corvusHold/guard/internal/auth/repository/sqlc.go:1145.112,1147.16 2 0
github.com/corvusHold/guard/internal/auth/repository/sqlc.go:1147.16,1149.3 1 0
github.com/corvusHold/guard/internal/auth/repository/sqlc.go:1150.2,1150.32 1 0
github.com/corvusHold/guard/internal/auth/repository/sqlc.go:1153.106,1155.16 2 0
github.com/corvusHold/guard/internal/auth/repository/sqlc.go:1155.16,1157.3 1 0
github.com/corvusHold/guard/internal/auth/repository/sqlc.go:1158.2,1158.32 1 0
github.com/corvusHold/guard/internal/auth/repository/sqlc.go:1161.120,1163.16 2 0
github.com/corvusHold/guard/internal/auth/repository/sqlc.go:1163.16,1165.3 1 0
github.com/corvusHold/guard/internal/auth/repository/sqlc.go:1166.2,1167.27 2 0
github.com/corvusHold/guard/internal/auth/repository/sqlc.go:1167.27,1169.3 1 0
github.com/corvusHold/guard/internal/auth/repository/sqlc.go:1170.2,1170.25 1 0
github.com/corvusHold/guard/internal/auth/repository/sqlc.go:1173.127,1175.16 2 0
github.com/corvusHold/guard/internal/auth/repository/sqlc.go:1175.16,1177.3 1 0
github.com/corvusHold/guard/internal/auth/repository/sqlc.go:1178.2,1179.27 2 0
github.com/corvusHold/guard/internal/auth/repository/sqlc.go:1179.27,1181.3 1 0
github.com/corvusHold/guard/internal/auth/repository/sqlc.go:1182.2,1182.25 1 0
github.com/corvusHold/guard/internal/auth/repository/sqlc.go:1185.101,1187.16 2 0
github.com/corvusHold/guard/internal/auth/repository/sqlc.go:1187.16,1189.3 1 0
github.com/corvusHold/guard/internal/auth/repository/sqlc.go:1190.2,1190.17 1 0
github.com/corvusHold/guard/internal/auth/repository/sqlc.go:1190.17,1192.3 1 0
github.com/corvusHold/guard/internal/auth/repository/sqlc.go:1193.2,1193.26 1 0
github.com/corvusHold/guard/internal/auth/repository/sqlc.go:1197.88,1199.16 2 0
github.com/corvusHold/guard/internal/auth/repository/sqlc.go:1199.16,1201.3 1 0
github.com/corvusHold/guard/internal/auth/repository/sqlc.go:1202.2,1202.66 1 0
github.com/corvusHold/guard/internal/auth/repository/sqlc.go:1205.104,1210.2 1 0
github.com/corvusHold/guard/internal/auth/repository/sqlc.go:1212.104,1217.2 1 0
github.com/corvusHold/guard/internal/auth/repository/sqlc.go:1221.210,1223.22 2 0
github.com/corvusHold/guard/internal/auth/repository/sqlc.go:1223.22,1225.3 1 0
github.com/corvusHold/guard/internal/auth/repository/sqlc.go:1226.2,1236.16 2 0
github.com/corvusHold/guard/internal/auth/repository/sqlc.go:1236.16,1238.3 1 0
github.com/corvusHold/guard/internal/auth/repository/sqlc.go:1239.2,1239.37 1 0
github.com/corvusHold/guard/internal/auth/repository/sqlc.go:1242.102,1244.16 2 0
github.com/corvusHold/guard/internal/auth/repository/sqlc.go:1244.16,1246.3 1 0
github.com/corvusHold/guard/internal/auth/repository/sqlc.go:1247.2,1247.40 1 0
github.com/corvusHold/guard/internal/auth/repository/sqlc.go:1250.112,1252.16 2 0
github.com/corvusHold/guard/internal/auth/repository/sqlc.go:1252.16,1254.3 1 0
github.com/corvusHold/guard/internal/auth/repository/sqlc.go:1255.2,1256.27 2 0
github.com/corvusHold/guard/internal/auth/repository/sqlc.go:1256.27,1266.26 2 0
github.com/corvusHold/guard/internal/auth/repository/sqlc.go:1266.26,1269.4 2 0
github.com/corvusHold/guard/internal/auth/repository/sqlc.go:1270.3,1270.26 1 0
github.com/corvusHold/guard/internal/auth/repository/sqlc.go:1270.26,1273.4 2 0
github.com/corvusHold/guard/internal/auth/repository/sqlc.go:1274.3,1274.26 1 0
github.com/corvusHold/guard/internal/auth/repository/sqlc.go:1274.26,1277.4 2 0
github.com/corvusHold/guard/internal/auth/repository/sqlc.go:1278.3,1278.27 1 0
github.com/corvusHold/guard/internal/auth/repository/sqlc.go:1278.27,1281.4 2 0
github.com/corvusHold/guard/internal/auth/repository/sqlc.go:1282.3,1282.23 1 0
github.com/corvusHold/guard/internal/auth/repository/sqlc.go:1284.2,1284.17 1 0
github.com/corvusHold/guard/internal/auth/repository/sqlc.go:1287.93,1292.2 1 0
github.com/corvusHold/guard/internal/auth/repository/sqlc.go:1294.91,1296.2 1 0
github.com/corvusHold/guard/internal/auth/repository/sqlc.go:1299.63,1309.25 2 0
github.com/corvusHold/guard/internal/auth/repository/sqlc.go:1309.25,1312.3 2 0
github.com/corvusHold/guard/internal/auth/repository/sqlc.go:1313.2,1313.25 1 0
github.com/corvusHold/guard/internal/auth/repository/sqlc.go:1313.25,1316.3 2 0
github.com/corvusHold/guard/internal/auth/repository/sqlc.go:1317.2,1317.25 1 0
github.com/corvusHold/guard/internal/auth/repository/sqlc.go:1317.25,1320.3 2 0
github.com/corvusHold/guard/internal/auth/repository/sqlc.go:1321.2,1321.26 1 0
github.com/corvusHold/guard/internal/auth/repository/sqlc.go:1321.26,1324.3 2 0
github.com/corvusHold/guard/internal/auth/repository/sqlc.go:1325.2,1325.10 1 0
github.com/corvusHold/guard/internal/auth/repository/sqlc.go:1329.69,1339.25 2 0
github.com/corvusHold/guard/internal/auth/repository/sqlc.go:1339.25,1342.3 2 0
github.com/corvusHold/guard/internal/auth/repository/sqlc.go:1343.2,1343.25 1 0
github.com/corvusHold/guard/internal/auth/repository/sqlc.go:1343.25,1346.3 2 0
github.com/corvusHold/guard/internal/auth/repository/sqlc.go:1347.2,1347.25 1 0
github.com/corvusHold/guard/internal/auth/repository/sqlc.go:1347.25,1350.3 2 0
github.com/corvusHold/guard/internal/auth/repository/sqlc.go:1351.2,1351.26 1 0
github.com/corvusHold/guard/internal/auth/repository/sqlc.go:1351.26,1354.3 2 0
github.com/corvusHold/guard/internal/auth/repository/sqlc.go:1355.2,1355.10 1 0
github.com/corvusHold/guard/internal/oauth/repository/sqlc.go:22.44,24.2 1 0
github.com/corvusHold/guard/internal/oauth/repository/sqlc.go:26.120,40.16 2 0
github.com/corvusHold/guard/internal/oauth/repository/sqlc.go:40.16,42.3 1 0
github.com/corvusHold/guard/internal/oauth/repository/sqlc.go:43.2,43.28 1 0
github.com/corvusHold/guard/internal/oauth/repository/sqlc.go:46.117,48.16 2 0
github.com/corvusHold/guard/internal/oauth/repository/sqlc.go:48.16,50.3 1 0
github.com/corvusHold/guard/internal/oauth/repository/sqlc.go:51.2,51.28 1 0
github.com/corvusHold/guard/internal/oauth/repository/sqlc.go:54.118,59.16 2 0
github.com/corvusHold/guard/internal/oauth/repository/sqlc.go:59.16,61.3 1 0
github.com/corvusHold/guard/internal/oauth/repository/sqlc.go:62.2,62.28 1 0
github.com/corvusHold/guard/internal/oauth/repository/sqlc.go:65.122,67.16 2 0
github.com/corvusHold/guard/internal/oauth/repository/sqlc.go:67.16,69.3 1 0
github.com/corvusHold/guard/internal/oauth/repository/sqlc.go:70.2,71.27 2 0
github.com/corvusHold/guard/internal/oauth/repository/sqlc.go:71.27,73.3 1 0
github.com/corvusHold/guard/internal/oauth/repository/sqlc.go:74.2,74.17 1 0
github.com/corvusHold/guard/internal/oauth/repository/sqlc.go:77.129,79.20 2 0
github.com/corvusHold/guard/internal/oauth/repository/sqlc.go:79.20,81.3 1 0
github.com/corvusHold/guard/internal/oauth/repository/sqlc.go:82.2,83.24 2 0
github.com/corvusHold/guard/internal/oauth/repository/sqlc.go:83.24,85.3 1 0
github.com/corvusHold/guard/internal/oauth/repository/sqlc.go:86.2,96.16 2 0
github.com/corvusHold/guard/internal/oauth/repository/sqlc.go:96.16,98.3 1 0
github.com/corvusHold/guard/internal/oauth/repository/sqlc.go:99.2,99.15 1 0
github.com/corvusHold/guard/internal/oauth/repository/sqlc.go:99.15,101.3 1 0
github.com/corvusHold/guard/internal/oauth/repository/sqlc.go:102.2,102.12 1 0
github.com/corvusHold/guard/internal/oauth/repository/sqlc.go:105.95,110.16 2 0
github.com/corvusHold/guard/internal/oauth/repository/sqlc.go:110.16,112.3 1 0
github.com/corvusHold/guard/internal/oauth/repository/sqlc.go:113.2,113.15 1 0
github.com/corvusHold/guard/internal/oauth/repository/sqlc.go:113.15,115.3 1 0
github.com/corvusHold/guard/internal/oauth/repository/sqlc.go:116.2,116.12 1 0
github.com/corvusHold/guard/internal/oauth/repository/sqlc.go:119.136,133.16 2 0
github.com/corvusHold/guard/internal/oauth/repository/sqlc.go:133.16,135.3 1 0
github.com/corvusHold/guard/internal/oauth/repository/sqlc.go:136.2,136.26 1 0
github.com/corvusHold/guard/internal/oauth/repository/sqlc.go:139.125,141.16 2 0
github.com/corvusHold/guard/internal/oauth/repository/sqlc.go:141.16,143.3 1 0
github.com/corvusHold/guard/internal/oauth/repository/sqlc.go:144.2,144.26 1 0
github.com/corvusHold/guard/internal/oauth/repository/sqlc.go:147.95,149.16 2 0
github.com/corvusHold/guard/internal/oauth/repository/sqlc.go:149.16,151.3 1 0
github.com/corvusHold/guard/internal/oauth/repository/sqlc.go:152.2,152.15 1 0
github.com/corvusHold/guard/internal/oauth/repository/sqlc.go:152.15,154.3 1 0
github.com/corvusHold/guard/internal/oauth/repository/sqlc.go:155.2,155.12 1 0
github.com/corvusHold/guard/internal/oauth/repository/sqlc.go:158.157,165.16 2 0
github.com/corvusHold/guard/internal/oauth/repository/sqlc.go:165.16,167.3 1 0
github.com/corvusHold/guard/internal/oauth/repository/sqlc.go:168.2,168.34 1 0
github.com/corvusHold/guard/internal/oauth/repository/sqlc.go:171.137,177.16 2 0
github.com/corvusHold/guard/internal/oauth/repository/sqlc.go:177.16,179.3 1 0
github.com/corvusHold/guard/internal/oauth/repository/sqlc.go:180.2,180.34 1 0
github.com/corvusHold/guard/internal/oauth/repository/sqlc.go:183.117,189.16 2 0
github.com/corvusHold/guard/internal/oauth/repository/sqlc.go:189.16,191.3 1 0
github.com/corvusHold/guard/internal/oauth/repository/sqlc.go:192.2,192.15 1 0
github.com/corvusHold/guard/internal/oauth/repository/sqlc.go:192.15,194.3 1 0
github.com/corvusHold/guard/internal/oauth/repository/sqlc.go:195.2,195.12 1 0
github.com/corvusHold/guard/internal/oauth/repository/sqlc.go:200.55,212.18 2 0
github.com/corvusHold/guard/internal/oauth/repository/sqlc.go:212.18,214.3 1 0
github.com/corvusHold/guard/internal/oauth/repository/sqlc.go:215.2,215.24 1 0
github.com/corvusHold/guard/internal/oauth/repository/sqlc.go:215.24,217.3 1 0
github.com/corvusHold/guard/internal/oauth/repository/sqlc.go:218.2,218.25 1 0
github.com/corvusHold/guard/internal/oauth/repository/sqlc.go:218.25,220.3 1 0
github.com/corvusHold/guard/internal/oauth/repository/sqlc.go:221.2,221.25 1 0
github.com/corvusHold/guard/internal/oauth/repository/sqlc.go:221.25,223.3 1 0
github.com/corvusHold/guard/internal/oauth/repository/sqlc.go:224.2,224.25 1 0
github.com/corvusHold/guard/internal/oauth/repository/sqlc.go:224.25,226.3 1 0
github.com/corvusHold/guard/internal/oauth/repository/sqlc.go:227.2,227.10 1 0
github.com/corvusHold/guard/internal/oauth/repository/sqlc.go:230.70,240.18 2 0
github.com/corvusHold/guard/internal/oauth/repository/sqlc.go:240.18,242.3 1 0
github.com/corvusHold/guard/internal/oauth/repository/sqlc.go:243.2,243.22 1 0
github.com/corvusHold/guard/internal/oauth/repository/sqlc.go:243.22,245.3 1 0
github.com/corvusHold/guard/internal/oauth/repository/sqlc.go:246.2,246.24 1 0
github.com/corvusHold/guard/internal/oauth/repository/sqlc.go:246.24,248.3 1 0
github.com/corvusHold/guard/internal/oauth/repository/sqlc.go:249.2,249.25 1 0
github.com/corvusHold/guard/internal/oauth/repository/sqlc.go:249.25,251.3 1 0
github.com/corvusHold/guard/internal/oauth/repository/sqlc.go:252.2,252.26 1 0
github.com/corvusHold/guard/internal/oauth/repository/sqlc.go:252.26,255.3 2 0
github.com/corvusHold/guard/internal/oauth/repository/sqlc.go:256.2,256.25 1 0
github.com/corvusHold/guard/internal/oauth/repository/sqlc.go:256.25,258.3 1 0
github.com/corvusHold/guard/internal/oauth/repository/sqlc.go:259.2,259.10 1 0
github.com/corvusHold/guard/internal/oauth/repository/sqlc.go:266.41,268.2 1 0
github.com/corvusHold/guard/internal/oauth/repository/sqlc.go:272.49,273.20 1 0
github.com/corvusHold/guard/internal/oauth/repository/sqlc.go:273.20,275.3 1 0
github.com/corvusHold/guard/internal/oauth/repository/sqlc.go:276.2,276.44 1 0
github.com/corvusHold/guard/internal/oauth/repository/sqlc.go:279.37,280.13 1 0
github.com/corvusHold/guard/internal/oauth/repository/sqlc.go:280.13,282.3 1 0
github.com/corvusHold/guard/internal/oauth/repository/sqlc.go:283.2,283.44 1 0
github.com/corvusHold/guard/internal/oauth/repository/sqlc.go:286.41,287.26 1 0
github.com/corvusHold/guard/internal/oauth/repository/sqlc.go:287.26,289.3 1 0
github.com/corvusHold/guard/internal/oauth/repository/sqlc.go:290.2,290.45 1 0
github.com/corvusHold/guard/internal/oauth/repository/sqlc.go:293.37,294.13 1 0
github.com/corvusHold/guard/internal/oauth/repository/sqlc.go:294.13,296.3 1 0
github.com/corvusHold/guard/internal/oauth/repository/sqlc.go:297.2,297.11 1 0
github.com/corvusHold/guard/internal/oauth/repository/sqlc.go:300.52,302.2 1 0
github.com/corvusHold/guard/internal/oauth/repository/sqlc.go:304.68,309.18 2 0
github.com/corvusHold/guard/internal/oauth/repository/sqlc.go:309.18,311.3 1 0
github.com/corvusHold/guard/internal/oauth/repository/sqlc.go:312.2,312.22 1 0
github.com/corvusHold/guard/internal/oauth/repository/sqlc.go:312.22,314.3 1 0
github.com/corvusHold/guard/internal/oauth/repository/sqlc.go:315.2,315.24 1 0
github.com/corvusHold/guard/internal/oauth/repository/sqlc.go:315.24,317.3 1 0
github.com/corvusHold/guard/internal/oauth/repository/sqlc.go:318.2,318.25 1 0
github.com/corvusHold/guard/internal/oauth/repository/sqlc.go:318.25,320.3 1 0
github.com/corvusHold/guard/internal/oauth/repository/sqlc.go:321.2,321.25 1 0
github.com/corvusHold/guard/internal/oauth/repository/sqlc.go:321.25,324.3 2 0
github.com/corvusHold/guard/internal/oauth/repository/sqlc.go:325.2,325.10 1 0
github.com/corvusHold/guard/internal/auth/domain/types.go:47.40,47.65 1 0
github.com/corvusHold/guard/internal/auth/domain/types.go:588.55,590.2 1 0
github.com/corvusHold/guard/internal/auth/sso/controller/http.go:31.89,37.2 1 0
github.com/corvusHold/guard/internal/auth/sso/controller/http.go:40.55,42.2 1 0
github.com/corvusHold/guard/internal/auth/sso/controller/http.go:45.82,48.2 2 0
github.com/corvusHold/guard/internal/auth/sso/controller/http.go:51.48,54.17 2 0
github.com/corvusHold/guard/internal/auth/sso/controller/http.go:54.17,59.40 1 0
github.com/corvusHold/guard/internal/auth/sso/controller/http.go:59.40,59.61 1 0
github.com/corvusHold/guard/internal/auth/sso/controller/http.go:62.3,66.40 1 0
github.com/corvusHold/guard/internal/auth/sso/controller/http.go:66.40,66.61 1 0
github.com/corvusHold/guard/internal/auth/sso/controller/http.go:72.2,72.23 1 0
github.com/corvusHold/guard/internal/auth/sso/controller/http.go:72.23,75.3 2 0
github.com/corvusHold/guard/internal/auth/sso/controller/http.go:75.8,78.3 2 0
github.com/corvusHold/guard/internal/auth/sso/controller/http.go:80.2,80.23 1 0
github.com/corvusHold/guard/internal/auth/sso/controller/http.go:80.23,85.3 4 0
github.com/corvusHold/guard/internal/auth/sso/controller/http.go:85.8,90.3 4 0
github.com/corvusHold/guard/internal/auth/sso/controller/http.go:92.2,95.70 4 0
github.com/corvusHold/guard/internal/auth/sso/controller/http.go:100.55,103.17 2 0
github.com/corvusHold/guard/internal/auth/sso/controller/http.go:103.17,108.40 1 0
github.com/corvusHold/guard/internal/auth/sso/controller/http.go:108.40,108.85 1 0
github.com/corvusHold/guard/internal/auth/sso/controller/http.go:111.3,115.40 1 0
github.com/corvusHold/guard/internal/auth/sso/controller/http.go:115.40,115.86 1 0
github.com/corvusHold/guard/internal/auth/sso/controller/http.go:120.2,130.28 9 0
github.com/corvusHold/guard/internal/auth/sso/controller/http.go:130.28,132.3 1 0
github.com/corvusHold/guard/internal/auth/sso/controller/http.go:132.8,134.3 1 0
github.com/corvusHold/guard/internal/auth/sso/controller/http.go:135.2,135.29 1 0
github.com/corvusHold/guard/internal/auth/sso/controller/http.go:135.29,137.3 1 0
github.com/corvusHold/guard/internal/auth/sso/controller/http.go:137.8,139.3 1 0
github.com/corvusHold/guard/internal/auth/sso/controller/http.go:151.67,155.23 3 0
github.com/corvusHold/guard/internal/auth/sso/controller/http.go:155.23,157.3 1 0
github.com/corvusHold/guard/internal/auth/sso/controller/http.go:158.2,158.16 1 0
github.com/corvusHold/guard/internal/auth/sso/controller/http.go:158.16,160.3 1 0
github.com/corvusHold/guard/internal/auth/sso/controller/http.go:162.2,163.16 2 0
github.com/corvusHold/guard/internal/auth/sso/controller/http.go:163.16,165.3 1 0
github.com/corvusHold/guard/internal/auth/sso/controller/http.go:167.2,183.16 7 0
github.com/corvusHold/guard/internal/auth/sso/controller/http.go:183.16,186.3 2 0
github.com/corvusHold/guard/internal/auth/sso/controller/http.go:188.2,188.60 1 0
github.com/corvusHold/guard/internal/auth/sso/controller/http.go:221.98,232.16 2 0
github.com/corvusHold/guard/internal/auth/sso/controller/http.go:232.16,235.3 2 0
github.com/corvusHold/guard/internal/auth/sso/controller/http.go:237.2,244.16 2 0
github.com/corvusHold/guard/internal/auth/sso/controller/http.go:244.16,247.3 2 0
github.com/corvusHold/guard/internal/auth/sso/controller/http.go:249.2,262.3 2 0
github.com/corvusHold/guard/internal/auth/sso/controller/http.go:267.67,271.23 3 0
github.com/corvusHold/guard/internal/auth/sso/controller/http.go:271.23,273.3 1 0
github.com/corvusHold/guard/internal/auth/sso/controller/http.go:274.2,274.16 1 0
github.com/corvusHold/guard/internal/auth/sso/controller/http.go:274.16,276.3 1 0
github.com/corvusHold/guard/internal/auth/sso/controller/http.go:278.2,279.16 2 0
github.com/corvusHold/guard/internal/auth/sso/controller/http.go:279.16,281.3 1 0
github.com/corvusHold/guard/internal/auth/sso/controller/http.go:284.2,295.25 2 0
github.com/corvusHold/guard/internal/auth/sso/controller/http.go:295.25,297.73 1 0
github.com/corvusHold/guard/internal/auth/sso/controller/http.go:297.73,299.4 1 0
github.com/corvusHold/guard/internal/auth/sso/controller/http.go:300.3,300.89 1 0
github.com/corvusHold/guard/internal/auth/sso/controller/http.go:304.2,304.30 1 0
github.com/corvusHold/guard/internal/auth/sso/controller/http.go:304.30,306.17 2 0
github.com/corvusHold/guard/internal/auth/sso/controller/http.go:306.17,309.4 2 0
github.com/corvusHold/guard/internal/auth/sso/controller/http.go:313.3,315.15 2 0
github.com/corvusHold/guard/internal/auth/sso/controller/http.go:315.15,322.4 5 0
github.com/corvusHold/guard/internal/auth/sso/controller/http.go:322.9,327.4 1 0
github.com/corvusHold/guard/internal/auth/sso/controller/http.go:328.3,328.60 1 0
github.com/corvusHold/guard/internal/auth/sso/controller/http.go:332.2,335.4 1 0
github.com/corvusHold/guard/internal/auth/sso/controller/http.go:340.68,344.23 3 0
github.com/corvusHold/guard/internal/auth/sso/controller/http.go:344.23,346.3 1 0
github.com/corvusHold/guard/internal/auth/sso/controller/http.go:347.2,347.16 1 0
github.com/corvusHold/guard/internal/auth/sso/controller/http.go:347.16,349.3 1 0
github.com/corvusHold/guard/internal/auth/sso/controller/http.go:351.2,352.16 2 0
github.com/corvusHold/guard/internal/auth/sso/controller/http.go:352.16,354.3 1 0
github.com/corvusHold/guard/internal/auth/sso/controller/http.go:356.2,357.16 2 0
github.com/corvusHold/guard/internal/auth/sso/controller/http.go:357.16,360.3 2 0
github.com/corvusHold/guard/internal/auth/sso/controller/http.go:362.2,362.32 1 0
github.com/corvusHold/guard/internal/auth/sso/controller/http.go:362.32,364.3 1 0
github.com/corvusHold/guard/internal/auth/sso/controller/http.go:366.2,366.40 1 0
github.com/corvusHold/guard/internal/auth/sso/controller/http.go:371.63,375.23 3 0
github.com/corvusHold/guard/internal/auth/sso/controller/http.go:375.23,377.3 1 0
github.com/corvusHold/guard/internal/auth/sso/controller/http.go:378.2,378.16 1 0
github.com/corvusHold/guard/internal/auth/sso/controller/http.go:378.16,380.3 1 0
github.com/corvusHold/guard/internal/auth/sso/controller/http.go:382.2,383.16 2 0
github.com/corvusHold/guard/internal/auth/sso/controller/http.go:383.16,385.3 1 0
github.com/corvusHold/guard/internal/auth/sso/controller/http.go:388.2,396.17 7 0
github.com/corvusHold/guard/internal/auth/sso/controller/http.go:396.17,398.94 1 0
github.com/corvusHold/guard/internal/auth/sso/controller/http.go:398.94,400.4 1 0
github.com/corvusHold/guard/internal/auth/sso/controller/http.go:402.2,402.17 1 0
github.com/corvusHold/guard/internal/auth/sso/controller/http.go:402.17,403.129 1 0
github.com/corvusHold/guard/internal/auth/sso/controller/http.go:403.129,406.4 2 0
github.com/corvusHold/guard/internal/auth/sso/controller/http.go:410.2,410.20 1 0
github.com/corvusHold/guard/internal/auth/sso/controller/http.go:410.20,412.23 2 0
github.com/corvusHold/guard/internal/auth/sso/controller/http.go:412.23,418.4 1 0
github.com/corvusHold/guard/internal/auth/sso/controller/http.go:418.9,424.4 1 0
github.com/corvusHold/guard/internal/auth/sso/controller/http.go:428.2,428.23 1 0
github.com/corvusHold/guard/internal/auth/sso/controller/http.go:428.23,432.20 3 0
github.com/corvusHold/guard/internal/auth/sso/controller/http.go:432.20,435.4 2 0
github.com/corvusHold/guard/internal/auth/sso/controller/http.go:438.3,438.19 1 0
github.com/corvusHold/guard/internal/auth/sso/controller/http.go:438.19,440.4 1 0
github.com/corvusHold/guard/internal/auth/sso/controller/http.go:443.3,443.24 1 0
github.com/corvusHold/guard/internal/auth/sso/controller/http.go:443.24,445.4 1 0
github.com/corvusHold/guard/internal/auth/sso/controller/http.go:446.3,446.74 1 0
github.com/corvusHold/guard/internal/auth/sso/controller/http.go:450.2,450.24 1 0
github.com/corvusHold/guard/internal/auth/sso/controller/http.go:450.24,454.23 2 0
github.com/corvusHold/guard/internal/auth/sso/controller/http.go:454.23,455.34 1 0
github.com/corvusHold/guard/internal/auth/sso/controller/http.go:455.34,457.5 1 0
github.com/corvusHold/guard/internal/auth/sso/controller/http.go:458.4,458.90 1 0
github.com/corvusHold/guard/internal/auth/sso/controller/http.go:460.3,460.74 1 0
github.com/corvusHold/guard/internal/auth/sso/controller/http.go:464.2,468.16 3 0
github.com/corvusHold/guard/internal/auth/sso/controller/http.go:468.16,470.3 1 0
github.com/corvusHold/guard/internal/auth/sso/controller/http.go:473.2,473.28 1 0
github.com/corvusHold/guard/internal/auth/sso/controller/http.go:473.28,476.21 2 0
github.com/corvusHold/guard/internal/auth/sso/controller/http.go:476.21,477.130 1 0
github.com/corvusHold/guard/internal/auth/sso/controller/http.go:477.130,479.5 1 0
github.com/corvusHold/guard/internal/auth/sso/controller/http.go:482.3,483.20 2 0
github.com/corvusHold/guard/internal/auth/sso/controller/http.go:483.20,486.4 2 0
github.com/corvusHold/guard/internal/auth/sso/controller/http.go:487.3,487.49 1 0
github.com/corvusHold/guard/internal/auth/sso/controller/http.go:491.2,491.73 1 0
github.com/corvusHold/guard/internal/auth/sso/controller/http.go:501.71,505.23 3 0
github.com/corvusHold/guard/internal/auth/sso/controller/http.go:505.23,510.3 1 0
github.com/corvusHold/guard/internal/auth/sso/controller/http.go:513.2,513.51 1 0
github.com/corvusHold/guard/internal/auth/sso/controller/http.go:513.51,515.3 1 0
github.com/corvusHold/guard/internal/auth/sso/controller/http.go:517.2,526.20 5 0
github.com/corvusHold/guard/internal/auth/sso/controller/http.go:526.20,528.3 1 0
github.com/corvusHold/guard/internal/auth/sso/controller/http.go:530.2,530.57 1 0
github.com/corvusHold/guard/internal/auth/sso/controller/http.go:535.71,538.23 3 0
github.com/corvusHold/guard/internal/auth/sso/controller/http.go:538.23,540.3 1 0
github.com/corvusHold/guard/internal/auth/sso/controller/http.go:542.2,542.23 1 0
github.com/corvusHold/guard/internal/auth/sso/controller/http.go:542.23,547.3 1 0
github.com/corvusHold/guard/internal/auth/sso/controller/http.go:549.2,549.51 1 0
github.com/corvusHold/guard/internal/auth/sso/controller/http.go:549.51,551.3 1 0
github.com/corvusHold/guard/internal/auth/sso/controller/http.go:553.2,559.43 2 0
github.com/corvusHold/guard/internal/auth/sso/controller/http.go:559.43,571.26 3 0
github.com/corvusHold/guard/internal/auth/sso/controller/http.go:571.26,572.74 1 0
github.com/corvusHold/guard/internal/auth/sso/controller/http.go:572.74,574.5 1 0
github.com/corvusHold/guard/internal/auth/sso/controller/http.go:575.4,575.90 1 0
github.com/corvusHold/guard/internal/auth/sso/controller/http.go:578.3,581.5 1 0
github.com/corvusHold/guard/internal/auth/sso/controller/http.go:585.2,588.20 4 0
github.com/corvusHold/guard/internal/auth/sso/controller/http.go:588.20,590.3 1 0
github.com/corvusHold/guard/internal/auth/sso/controller/http.go:592.2,592.57 1 0
github.com/corvusHold/guard/internal/auth/sso/controller/http.go:597.72,601.23 3 0
github.com/corvusHold/guard/internal/auth/sso/controller/http.go:601.23,606.3 1 0
github.com/corvusHold/guard/internal/auth/sso/controller/http.go:608.2,608.51 1 0
github.com/corvusHold/guard/internal/auth/sso/controller/http.go:608.51,610.3 1 0
github.com/corvusHold/guard/internal/auth/sso/controller/http.go:612.2,618.57 3 0
github.com/corvusHold/guard/internal/auth/sso/controller/http.go:642.67,644.37 2 0
github.com/corvusHold/guard/internal/auth/sso/controller/http.go:644.37,646.3 1 0
github.com/corvusHold/guard/internal/auth/sso/controller/http.go:647.2,647.40 1 0
github.com/corvusHold/guard/internal/auth/sso/controller/http.go:647.40,650.3 1 0
github.com/corvusHold/guard/internal/auth/sso/controller/http.go:651.2,651.40 1 0
github.com/corvusHold/guard/internal/auth/sso/controller/http.go:651.40,653.3 1 0
github.com/corvusHold/guard/internal/auth/sso/controller/http.go:655.2,656.16 2 0
github.com/corvusHold/guard/internal/auth/sso/controller/http.go:656.16,658.3 1 0
github.com/corvusHold/guard/internal/auth/sso/controller/http.go:660.2,665.4 1 0
github.com/corvusHold/guard/internal/auth/sso/controller/http.go:679.68,681.17 2 0
github.com/corvusHold/guard/internal/auth/sso/controller/http.go:681.17,683.3 1 0
github.com/corvusHold/guard/internal/auth/sso/controller/http.go:684.2,684.17 1 0
github.com/corvusHold/guard/internal/auth/sso/controller/http.go:684.17,686.3 1 0
github.com/corvusHold/guard/internal/auth/sso/controller/http.go:690.2,691.16 2 0
github.com/corvusHold/guard/internal/auth/sso/controller/http.go:691.16,693.3 1 0
github.com/corvusHold/guard/internal/auth/sso/controller/http.go:695.2,696.16 2 0
github.com/corvusHold/guard/internal/auth/sso/controller/http.go:696.16,698.3 1 0
github.com/corvusHold/guard/internal/auth/sso/controller/http.go:700.2,700.53 1 0
github.com/corvusHold/guard/internal/auth/sso/controller/http.go:717.68,720.16 2 0
github.com/corvusHold/guard/internal/auth/sso/controller/http.go:720.16,722.3 1 0
github.com/corvusHold/guard/internal/auth/sso/controller/http.go:724.2,725.37 2 0
github.com/corvusHold/guard/internal/auth/sso/controller/http.go:725.37,727.3 1 0
github.com/corvusHold/guard/internal/auth/sso/controller/http.go:730.2,730.30 1 0
github.com/corvusHold/guard/internal/auth/sso/controller/http.go:730.30,732.3 1 0
github.com/corvusHold/guard/internal/auth/sso/controller/http.go:735.2,735.20 1 0
github.com/corvusHold/guard/internal/auth/sso/controller/http.go:735.20,737.3 1 0
github.com/corvusHold/guard/internal/auth/sso/controller/http.go:738.2,738.20 1 0
github.com/corvusHold/guard/internal/auth/sso/controller/http.go:738.20,740.3 1 0
github.com/corvusHold/guard/internal/auth/sso/controller/http.go:741.2,741.28 1 0
github.com/corvusHold/guard/internal/auth/sso/controller/http.go:741.28,743.3 1 0
github.com/corvusHold/guard/internal/auth/sso/controller/http.go:746.2,784.16 2 0
github.com/corvusHold/guard/internal/auth/sso/controller/http.go:784.16,787.3 2 0
github.com/corvusHold/guard/internal/auth/sso/controller/http.go:789.2,795.58 2 0
github.com/corvusHold/guard/internal/auth/sso/controller/http.go:809.67,812.16 2 0
github.com/corvusHold/guard/internal/auth/sso/controller/http.go:812.16,814.3 1 0
github.com/corvusHold/guard/internal/auth/sso/controller/http.go:817.2,818.25 2 0
github.com/corvusHold/guard/internal/auth/sso/controller/http.go:818.25,819.56 1 0
github.com/corvusHold/guard/internal/auth/sso/controller/http.go:819.56,821.4 1 0
github.com/corvusHold/guard/internal/auth/sso/controller/http.go:825.2,829.16 4 0
github.com/corvusHold/guard/internal/auth/sso/controller/http.go:829.16,832.3 2 0
github.com/corvusHold/guard/internal/auth/sso/controller/http.go:835.2,836.33 2 0
github.com/corvusHold/guard/internal/auth/sso/controller/http.go:836.33,838.3 1 0
github.com/corvusHold/guard/internal/auth/sso/controller/http.go:840.2,843.4 1 0
github.com/corvusHold/guard/internal/auth/sso/controller/http.go:858.65,861.16 2 0
github.com/corvusHold/guard/internal/auth/sso/controller/http.go:861.16,863.3 1 0
github.com/corvusHold/guard/internal/auth/sso/controller/http.go:865.2,867.16 3 0
github.com/corvusHold/guard/internal/auth/sso/controller/http.go:867.16,869.3 1 0
github.com/corvusHold/guard/internal/auth/sso/controller/http.go:871.2,872.16 2 0
github.com/corvusHold/guard/internal/auth/sso/controller/http.go:872.16,875.3 2 0
github.com/corvusHold/guard/internal/auth/sso/controller/http.go:877.2,877.53 1 0
github.com/corvusHold/guard/internal/auth/sso/controller/http.go:894.68,897.16 2 0
github.com/corvusHold/guard/internal/auth/sso/controller/http.go:897.16,899.3 1 0
github.com/corvusHold/guard/internal/auth/sso/controller/http.go:901.2,903.16 3 0
github.com/corvusHold/guard/internal/auth/sso/controller/http.go:903.16,905.3 1 0
github.com/corvusHold/guard/internal/auth/sso/controller/http.go:907.2,908.37 2 0
github.com/corvusHold/guard/internal/auth/sso/controller/http.go:908.37,910.3 1 0
github.com/corvusHold/guard/internal/auth/sso/controller/http.go:913.2,914.30 2 0
github.com/corvusHold/guard/internal/auth/sso/controller/http.go:914.30,916.20 2 0
github.com/corvusHold/guard/internal/auth/sso/controller/http.go:916.20,918.4 1 0
github.com/corvusHold/guard/internal/auth/sso/controller/http.go:919.3,919.22 1 0
github.com/corvusHold/guard/internal/auth/sso/controller/http.go:923.2,962.16 3 0
github.com/corvusHold/guard/internal/auth/sso/controller/http.go:962.16,965.3 2 0
github.com/corvusHold/guard/internal/auth/sso/controller/http.go:967.2,972.53 2 0
github.com/corvusHold/guard/internal/auth/sso/controller/http.go:986.68,989.16 2 0
github.com/corvusHold/guard/internal/auth/sso/controller/http.go:989.16,991.3 1 0
github.com/corvusHold/guard/internal/auth/sso/controller/http.go:993.2,995.16 3 0
github.com/corvusHold/guard/internal/auth/sso/controller/http.go:995.16,997.3 1 0
github.com/corvusHold/guard/internal/auth/sso/controller/http.go:999.2,999.97 1 0
github.com/corvusHold/guard/internal/auth/sso/controller/http.go:999.97,1002.3 2 0
github.com/corvusHold/guard/internal/auth/sso/controller/http.go:1004.2,1004.42 1 0
github.com/corvusHold/guard/internal/auth/sso/controller/http.go:1019.66,1022.16 2 0
github.com/corvusHold/guard/internal/auth/sso/controller/http.go:1022.16,1024.3 1 0
github.com/corvusHold/guard/internal/auth/sso/controller/http.go:1026.2,1028.16 3 0
github.com/corvusHold/guard/internal/auth/sso/controller/http.go:1028.16,1030.3 1 0
github.com/corvusHold/guard/internal/auth/sso/controller/http.go:1033.2,1034.16 2 0
github.com/corvusHold/guard/internal/auth/sso/controller/http.go:1034.16,1036.3 1 0
github.com/corvusHold/guard/internal/auth/sso/controller/http.go:1039.2,1040.16 2 0
github.com/corvusHold/guard/internal/auth/sso/controller/http.go:1040.16,1045.3 1 0
github.com/corvusHold/guard/internal/auth/sso/controller/http.go:1047.2,1050.4 1 0
github.com/corvusHold/guard/internal/auth/sso/controller/http.go:1079.63,1082.16 2 0
github.com/corvusHold/guard/internal/auth/sso/controller/http.go:1082.16,1084.3 1 0
github.com/corvusHold/guard/internal/auth/sso/controller/http.go:1086.2,1087.16 2 0
github.com/corvusHold/guard/internal/auth/sso/controller/http.go:1087.16,1089.3 1 0
github.com/corvusHold/guard/internal/auth/sso/controller/http.go:1092.2,1093.23 2 0
github.com/corvusHold/guard/internal/auth/sso/controller/http.go:1093.23,1095.22 2 0
github.com/corvusHold/guard/internal/auth/sso/controller/http.go:1095.22,1097.4 1 0
github.com/corvusHold/guard/internal/auth/sso/controller/http.go:1098.3,1098.28 1 0
github.com/corvusHold/guard/internal/auth/sso/controller/http.go:1102.2,1103.16 2 0
github.com/corvusHold/guard/internal/auth/sso/controller/http.go:1103.16,1106.3 2 0
github.com/corvusHold/guard/internal/auth/sso/controller/http.go:1108.2,1116.4 1 0
github.com/corvusHold/guard/internal/auth/sso/controller/http.go:1122.108,1124.17 2 0
github.com/corvusHold/guard/internal/auth/sso/controller/http.go:1124.17,1126.23 2 0
github.com/corvusHold/guard/internal/auth/sso/controller/http.go:1126.23,1127.95 1 0
github.com/corvusHold/guard/internal/auth/sso/controller/http.go:1127.95,1129.5 1 0
github.com/corvusHold/guard/internal/auth/sso/controller/http.go:1132.2,1132.17 1 0
github.com/corvusHold/guard/internal/auth/sso/controller/http.go:1132.17,1135.3 2 0
github.com/corvusHold/guard/internal/auth/sso/controller/http.go:1137.2,1138.46 2 0
github.com/corvusHold/guard/internal/auth/sso/controller/http.go:1138.46,1141.3 2 0
github.com/corvusHold/guard/internal/auth/sso/controller/http.go:1143.2,1147.43 3 0
github.com/corvusHold/guard/internal/auth/sso/controller/http.go:1147.43,1148.39 1 0
github.com/corvusHold/guard/internal/auth/sso/controller/http.go:1148.39,1150.9 2 0
github.com/corvusHold/guard/internal/auth/sso/controller/http.go:1154.2,1154.14 1 0
github.com/corvusHold/guard/internal/auth/sso/controller/http.go:1154.14,1157.3 2 0
github.com/corvusHold/guard/internal/auth/sso/controller/http.go:1159.2,1159.8 1 0
github.com/corvusHold/guard/internal/auth/sso/controller/http.go:1163.41,1165.16 2 0
github.com/corvusHold/guard/internal/auth/sso/controller/http.go:1165.16,1167.3 1 0
github.com/corvusHold/guard/internal/auth/sso/controller/http.go:1168.2,1169.63 2 0
github.com/corvusHold/guard/internal/auth/sso/controller/http.go:1169.63,1171.3 1 0
github.com/corvusHold/guard/internal/auth/sso/controller/http.go:1172.2,1172.17 1 0
github.com/corvusHold/guard/internal/auth/sso/controller/http.go:1176.83,1193.25 2 0
github.com/corvusHold/guard/internal/auth/sso/controller/http.go:1193.25,1204.3 10 0
github.com/corvusHold/guard/internal/auth/sso/controller/http.go:1207.2,1207.27 1 0
github.com/corvusHold/guard/internal/auth/sso/controller/http.go:1207.27,1220.32 12 0
github.com/corvusHold/guard/internal/auth/sso/controller/http.go:1220.32,1222.4 1 0
github.com/corvusHold/guard/internal/auth/sso/controller/http.go:1223.3,1223.33 1 0
github.com/corvusHold/guard/internal/auth/sso/controller/http.go:1223.33,1225.4 1 0
github.com/corvusHold/guard/internal/auth/sso/controller/http.go:1226.3,1226.43 1 0
github.com/corvusHold/guard/internal/auth/sso/controller/http.go:1226.43,1228.4 1 0
github.com/corvusHold/guard/internal/auth/sso/controller/http.go:1231.2,1231.15 1 0
github.com/corvusHold/guard/internal/auth/sso/controller/http.go:1236.41,1238.16 2 0
github.com/corvusHold/guard/internal/auth/sso/controller/http.go:1238.16,1240.3 1 0
github.com/corvusHold/guard/internal/auth/sso/controller/http.go:1242.2,1242.36 1 0
github.com/corvusHold/guard/internal/auth/sso/controller/http.go:1242.36,1244.3 1 0
github.com/corvusHold/guard/internal/auth/sso/controller/http.go:1245.2,1245.14 1 0
github.com/corvusHold/guard/internal/auth/sso/controller/http.go:1249.34,1250.13 1 0
github.com/corvusHold/guard/internal/auth/sso/controller/http.go:1250.13,1252.3 1 0
github.com/corvusHold/guard/internal/auth/sso/controller/http.go:1253.2,1253.17 1 0
github.com/corvusHold/guard/internal/auth/sso/controller/http.go:1253.17,1255.3 1 0
github.com/corvusHold/guard/internal/auth/sso/controller/http.go:1256.2,1256.52 1 0
github.com/corvusHold/guard/internal/config/config.go:55.29,96.50 34 0
github.com/corvusHold/guard/internal/config/config.go:96.50,98.3 1 0
github.com/corvusHold/guard/internal/config/config.go:99.2,101.42 3 0
github.com/corvusHold/guard/internal/config/config.go:101.42,103.3 1 0
github.com/corvusHold/guard/internal/config/config.go:104.2,108.93 3 0
github.com/corvusHold/guard/internal/config/config.go:108.93,110.3 1 0
github.com/corvusHold/guard/internal/config/config.go:112.2,112.15 1 0
github.com/corvusHold/guard/internal/config/config.go:115.37,116.47 1 0
github.com/corvusHold/guard/internal/config/config.go:116.47,118.3 1 0
github.com/corvusHold/guard/internal/config/config.go:119.2,119.12 1 0
github.com/corvusHold/guard/internal/config/config.go:122.38,123.47 1 0
github.com/corvusHold/guard/internal/config/config.go:123.47,124.44 1 0
github.com/corvusHold/guard/internal/config/config.go:124.44,126.4 1 0
github.com/corvusHold/guard/internal/config/config.go:128.2,128.12 1 0
github.com/corvusHold/guard/internal/config/config.go:131.63,132.47 1 0
github.com/corvusHold/guard/internal/config/config.go:132.47,134.17 2 0
github.com/corvusHold/guard/internal/config/config.go:134.17,136.4 1 0
github.com/corvusHold/guard/internal/config/config.go:138.2,138.12 1 0
github.com/corvusHold/guard/internal/config/config.go:141.41,142.47 1 0
github.com/corvusHold/guard/internal/config/config.go:142.47,143.49 1 0
github.com/corvusHold/guard/internal/config/config.go:143.49,145.4 1 0
github.com/corvusHold/guard/internal/config/config.go:147.2,147.12 1 0
github.com/corvusHold/guard/internal/config/config.go:150.63,152.9 2 0
github.com/corvusHold/guard/internal/config/config.go:152.9,154.3 1 0
github.com/corvusHold/guard/internal/config/config.go:155.2,156.13 2 0
github.com/corvusHold/guard/internal/config/config.go:156.13,158.3 1 0
github.com/corvusHold/guard/internal/config/config.go:159.2,159.28 1 0
github.com/corvusHold/guard/internal/config/config.go:160.13,161.30 1 0
github.com/corvusHold/guard/internal/config/config.go:162.16,163.33 1 0
github.com/corvusHold/guard/internal/config/config.go:164.14,165.31 1 0
github.com/corvusHold/guard/internal/config/config.go:166.17,167.34 1 0
github.com/corvusHold/guard/internal/config/config.go:168.10,169.13 1 0
github.com/corvusHold/guard/internal/config/config.go:173.34,176.26 3 0
github.com/corvusHold/guard/internal/config/config.go:176.26,178.14 2 0
github.com/corvusHold/guard/internal/config/config.go:178.14,180.4 1 0
github.com/corvusHold/guard/internal/config/config.go:182.2,182.19 1 0
github.com/corvusHold/guard/internal/config/config.go:182.19,184.3 1 0
github.com/corvusHold/guard/internal/config/config.go:185.2,185.12 1 0
github.com/corvusHold/guard/internal/config/config.go:188.33,190.2 1 0
github.com/corvusHold/guard/cmd/api/cli.go:26.43,27.20 1 4
github.com/corvusHold/guard/cmd/api/cli.go:27.20,29.3 1 1
github.com/corvusHold/guard/cmd/api/cli.go:30.2,30.17 1 3
github.com/corvusHold/guard/cmd/api/cli.go:31.17,34.14 3 1
github.com/corvusHold/guard/cmd/api/cli.go:35.30,38.14 3 1
github.com/corvusHold/guard/cmd/api/cli.go:39.10,40.15 1 1
github.com/corvusHold/guard/cmd/api/cli.go:44.36,45.20 1 5
github.com/corvusHold/guard/cmd/api/cli.go:45.20,48.3 2 1
github.com/corvusHold/guard/cmd/api/cli.go:49.2,50.16 2 4
github.com/corvusHold/guard/cmd/api/cli.go:51.30,51.30 0 3
github.com/corvusHold/guard/cmd/api/cli.go:52.10,54.19 2 1
github.com/corvusHold/guard/cmd/api/cli.go:57.2,58.16 2 3
github.com/corvusHold/guard/cmd/api/cli.go:58.16,61.3 2 0
github.com/corvusHold/guard/cmd/api/cli.go:63.2,63.26 1 3
github.com/corvusHold/guard/cmd/api/cli.go:63.26,65.3 1 0
github.com/corvusHold/guard/cmd/api/cli.go:67.2,67.63 1 3
github.com/corvusHold/guard/cmd/api/cli.go:67.63,70.3 2 1
github.com/corvusHold/guard/cmd/api/cli.go:72.2,72.15 1 2
github.com/corvusHold/guard/cmd/api/cli.go:75.58,76.23 1 1
github.com/corvusHold/guard/cmd/api/cli.go:76.23,78.3 1 1
github.com/corvusHold/guard/cmd/api/cli.go:80.2,81.16 2 0
github.com/corvusHold/guard/cmd/api/cli.go:81.16,83.3 1 0
github.com/corvusHold/guard/cmd/api/cli.go:84.2,84.15 1 0
github.com/corvusHold/guard/cmd/api/cli.go:84.15,86.3 1 0
github.com/corvusHold/guard/cmd/api/cli.go:88.2,88.53 1 0
github.com/corvusHold/guard/cmd/api/cli.go:88.53,90.3 1 0
github.com/corvusHold/guard/cmd/api/cli.go:91.2,93.16 2 0
github.com/corvusHold/guard/cmd/api/cli.go:94.12,95.37 1 0
github.com/corvusHold/guard/cmd/api/cli.go:96.14,97.39 1 0
github.com/corvusHold/guard/cmd/api/cli.go:98.16,99.41 1 0
github.com/corvusHold/guard/cmd/api/cli.go:100.10,101.65 1 0
github.com/corvusHold/guard/cmd/api/cli.go:105.18,113.2 7 1
github.com/corvusHold/guard/cmd/api/main.go:58.60,59.54 1 0
github.com/corvusHold/guard/cmd/api/main.go:59.54,60.37 1 0
github.com/corvusHold/guard/cmd/api/main.go:60.37,72.11 8 0
github.com/corvusHold/guard/cmd/api/main.go:73.23,74.24 1 0
github.com/corvusHold/guard/cmd/api/main.go:75.23,76.23 1 0
github.com/corvusHold/guard/cmd/api/main.go:77.12,78.23 1 0
github.com/corvusHold/guard/cmd/api/main.go:82.4,96.18 2 0
github.com/corvusHold/guard/cmd/api/main.go:96.18,98.5 1 0
github.com/corvusHold/guard/cmd/api/main.go:101.4,101.45 1 0
github.com/corvusHold/guard/cmd/api/main.go:101.45,103.5 1 0
github.com/corvusHold/guard/cmd/api/main.go:106.4,106.54 1 0
github.com/corvusHold/guard/cmd/api/main.go:106.54,108.5 1 0
github.com/corvusHold/guard/cmd/api/main.go:110.4,112.14 2 0
github.com/corvusHold/guard/cmd/api/main.go:123.105,127.43 3 2
github.com/corvusHold/guard/cmd/api/main.go:127.43,130.14 3 2
github.com/corvusHold/guard/cmd/api/main.go:130.14,131.12 1 0
github.com/corvusHold/guard/cmd/api/main.go:133.3,133.15 1 2
github.com/corvusHold/guard/cmd/api/main.go:133.15,135.4 1 0
github.com/corvusHold/guard/cmd/api/main.go:136.3,136.25 1 2
github.com/corvusHold/guard/cmd/api/main.go:139.2,169.54 5 2
github.com/corvusHold/guard/cmd/api/main.go:169.54,170.37 1 2
github.com/corvusHold/guard/cmd/api/main.go:170.37,176.20 4 2
github.com/corvusHold/guard/cmd/api/main.go:176.20,178.5 1 0
github.com/corvusHold/guard/cmd/api/main.go:181.4,181.25 1 2
github.com/corvusHold/guard/cmd/api/main.go:181.25,190.5 8 1
github.com/corvusHold/guard/cmd/api/main.go:193.4,194.16 2 2
github.com/corvusHold/guard/cmd/api/main.go:194.16,196.5 1 2
github.com/corvusHold/guard/cmd/api/main.go:199.4,199.16 1 2
github.com/corvusHold/guard/cmd/api/main.go:199.16,200.46 1 2
github.com/corvusHold/guard/cmd/api/main.go:200.46,201.127 1 1
github.com/corvusHold/guard/cmd/api/main.go:201.127,202.59 1 1
github.com/corvusHold/guard/cmd/api/main.go:202.59,204.8 1 1
github.com/corvusHold/guard/cmd/api/main.go:209.4,209.15 1 2
github.com/corvusHold/guard/cmd/api/main.go:209.15,211.41 2 1
github.com/corvusHold/guard/cmd/api/main.go:211.41,213.6 1 1
github.com/corvusHold/guard/cmd/api/main.go:214.10,222.5 1 1
github.com/corvusHold/guard/cmd/api/main.go:223.4,223.18 1 1
github.com/corvusHold/guard/cmd/api/main.go:228.61,230.18 2 14
github.com/corvusHold/guard/cmd/api/main.go:230.18,232.3 1 0
github.com/corvusHold/guard/cmd/api/main.go:234.2,234.29 1 14
github.com/corvusHold/guard/cmd/api/main.go:234.29,236.14 2 14
github.com/corvusHold/guard/cmd/api/main.go:236.14,237.12 1 0
github.com/corvusHold/guard/cmd/api/main.go:239.3,239.15 1 14
github.com/corvusHold/guard/cmd/api/main.go:239.15,241.4 1 3
github.com/corvusHold/guard/cmd/api/main.go:242.3,242.18 1 11
github.com/corvusHold/guard/cmd/api/main.go:242.18,244.4 1 2
github.com/corvusHold/guard/cmd/api/main.go:245.3,245.39 1 9
github.com/corvusHold/guard/cmd/api/main.go:245.39,247.4 1 2
github.com/corvusHold/guard/cmd/api/main.go:250.2,250.14 1 7
github.com/corvusHold/guard/cmd/api/main.go:253.57,255.16 2 9
github.com/corvusHold/guard/cmd/api/main.go:255.16,257.3 1 1
github.com/corvusHold/guard/cmd/api/main.go:258.2,259.16 2 8
github.com/corvusHold/guard/cmd/api/main.go:259.16,261.3 1 0
github.com/corvusHold/guard/cmd/api/main.go:263.2,263.84 1 8
github.com/corvusHold/guard/cmd/api/main.go:263.84,265.3 1 1
github.com/corvusHold/guard/cmd/api/main.go:267.2,268.37 2 7
github.com/corvusHold/guard/cmd/api/main.go:268.37,270.3 1 3
github.com/corvusHold/guard/cmd/api/main.go:271.2,272.18 2 4
github.com/corvusHold/guard/cmd/api/main.go:272.18,274.3 1 0
github.com/corvusHold/guard/cmd/api/main.go:276.2,277.16 2 4
github.com/corvusHold/guard/cmd/api/main.go:277.16,279.3 1 0
github.com/corvusHold/guard/cmd/api/main.go:280.2,283.44 3 4
github.com/corvusHold/guard/cmd/api/main.go:287.49,289.76 1 4
github.com/corvusHold/guard/cmd/api/main.go:289.76,290.43 1 3
github.com/corvusHold/guard/cmd/api/main.go:290.43,292.4 1 3
github.com/corvusHold/guard/cmd/api/main.go:295.2,295.64 1 1
github.com/corvusHold/guard/cmd/api/main.go:295.64,296.43 1 0
github.com/corvusHold/guard/cmd/api/main.go:296.43,298.4 1 0
github.com/corvusHold/guard/cmd/api/main.go:302.2,302.53 1 1
github.com/corvusHold/guard/cmd/api/main.go:302.53,303.53 1 0
github.com/corvusHold/guard/cmd/api/main.go:303.53,304.44 1 0
github.com/corvusHold/guard/cmd/api/main.go:304.44,306.5 1 0
github.com/corvusHold/guard/cmd/api/main.go:308.3,308.60 1 0
github.com/corvusHold/guard/cmd/api/main.go:308.60,309.44 1 0
github.com/corvusHold/guard/cmd/api/main.go:309.44,311.5 1 0
github.com/corvusHold/guard/cmd/api/main.go:315.2,315.12 1 1
github.com/corvusHold/guard/cmd/api/main.go:318.13,322.16 3 0
github.com/corvusHold/guard/cmd/api/main.go:322.16,323.13 1 0
github.com/corvusHold/guard/cmd/api/main.go:326.2,328.35 2 0
github.com/corvusHold/guard/cmd/api/main.go:328.35,330.3 1 0
github.com/corvusHold/guard/cmd/api/main.go:333.2,334.16 2 0
github.com/corvusHold/guard/cmd/api/main.go:334.16,336.3 1 0
github.com/corvusHold/guard/cmd/api/main.go:337.2,342.16 6 0
github.com/corvusHold/guard/cmd/api/main.go:342.16,344.3 1 0
github.com/corvusHold/guard/cmd/api/main.go:345.2,352.15 3 0
github.com/corvusHold/guard/cmd/api/main.go:352.15,353.47 1 0
github.com/corvusHold/guard/cmd/api/main.go:353.47,355.4 1 0
github.com/corvusHold/guard/cmd/api/main.go:358.2,363.40 4 0
github.com/corvusHold/guard/cmd/api/main.go:363.40,365.3 1 0
github.com/corvusHold/guard/cmd/api/main.go:369.2,369.91 1 0
github.com/corvusHold/guard/cmd/api/main.go:369.91,372.59 2 0
github.com/corvusHold/guard/cmd/api/main.go:372.59,373.51 1 0
github.com/corvusHold/guard/cmd/api/main.go:373.51,375.16 2 0
github.com/corvusHold/guard/cmd/api/main.go:375.16,376.14 1 0
github.com/corvusHold/guard/cmd/api/main.go:378.5,378.50 1 0
github.com/corvusHold/guard/cmd/api/main.go:378.50,380.6 1 0
github.com/corvusHold/guard/cmd/api/main.go:383.3,383.48 1 0
github.com/corvusHold/guard/cmd/api/main.go:383.48,386.24 2 0
github.com/corvusHold/guard/cmd/api/main.go:386.24,388.5 1 0
github.com/corvusHold/guard/cmd/api/main.go:389.4,389.32 1 0
github.com/corvusHold/guard/cmd/api/main.go:389.32,392.18 3 0
github.com/corvusHold/guard/cmd/api/main.go:392.18,393.40 1 0
github.com/corvusHold/guard/cmd/api/main.go:393.40,394.25 1 0
github.com/corvusHold/guard/cmd/api/main.go:394.25,396.13 2 0
github.com/corvusHold/guard/cmd/api/main.go:400.5,400.17 1 0
github.com/corvusHold/guard/cmd/api/main.go:400.17,403.6 1 0
github.com/corvusHold/guard/cmd/api/main.go:405.4,405.56 1 0
github.com/corvusHold/guard/cmd/api/main.go:405.56,407.5 1 0
github.com/corvusHold/guard/cmd/api/main.go:408.4,408.64 1 0
github.com/corvusHold/guard/cmd/api/main.go:408.64,409.49 1 0
github.com/corvusHold/guard/cmd/api/main.go:409.49,411.6 1 0
github.com/corvusHold/guard/cmd/api/main.go:412.5,412.34 1 0
github.com/corvusHold/guard/cmd/api/main.go:414.4,414.56 1 0
github.com/corvusHold/guard/cmd/api/main.go:414.56,416.5 1 0
github.com/corvusHold/guard/cmd/api/main.go:417.4,417.24 1 0
github.com/corvusHold/guard/cmd/api/main.go:417.24,419.5 1 0
github.com/corvusHold/guard/cmd/api/main.go:420.4,420.23 1 0
github.com/corvusHold/guard/cmd/api/main.go:425.2,450.16 14 0
github.com/corvusHold/guard/cmd/api/main.go:450.16,452.3 1 0
github.com/corvusHold/guard/cmd/api/main.go:454.2,457.15 3 0
github.com/corvusHold/guard/cmd/api/main.go:457.15,458.43 1 0
github.com/corvusHold/guard/cmd/api/main.go:458.43,460.4 1 0
github.com/corvusHold/guard/cmd/api/main.go:462.2,482.12 15 0
github.com/corvusHold/guard/cmd/api/main.go:482.12,485.22 3 0
github.com/corvusHold/guard/cmd/api/main.go:485.22,487.4 1 0
github.com/corvusHold/guard/cmd/api/main.go:487.4,495.5 7 0
github.com/corvusHold/guard/cmd/api/main.go:497.4,505.5 7 0
github.com/corvusHold/guard/cmd/api/main.go:510.2,510.47 1 0
github.com/corvusHold/guard/cmd/api/main.go:510.47,515.42 4 0
github.com/corvusHold/guard/cmd/api/main.go:515.42,517.4 1 0
github.com/corvusHold/guard/cmd/api/main.go:519.3,520.59 2 0
github.com/corvusHold/guard/cmd/api/main.go:520.59,522.4 1 0
github.com/corvusHold/guard/cmd/api/main.go:524.3,529.5 1 0
github.com/corvusHold/guard/cmd/api/main.go:533.2,533.45 1 0
github.com/corvusHold/guard/cmd/api/main.go:533.45,535.3 1 0
github.com/corvusHold/guard/cmd/api/main.go:538.2,538.46 1 0
github.com/corvusHold/guard/cmd/api/main.go:538.46,542.42 3 0
github.com/corvusHold/guard/cmd/api/main.go:542.42,545.4 2 0
github.com/corvusHold/guard/cmd/api/main.go:546.3,546.59 1 0
github.com/corvusHold/guard/cmd/api/main.go:546.59,549.4 2 0
github.com/corvusHold/guard/cmd/api/main.go:550.3,550.36 1 0
github.com/corvusHold/guard/cmd/api/main.go:554.2,555.60 2 0
github.com/corvusHold/guard/cmd/api/main.go:555.60,556.50 1 0
github.com/corvusHold/guard/cmd/api/main.go:556.50,558.15 2 0
github.com/corvusHold/guard/cmd/api/main.go:558.15,559.13 1 0
github.com/corvusHold/guard/cmd/api/main.go:561.4,561.49 1 0
github.com/corvusHold/guard/cmd/api/main.go:561.49,563.5 1 0
github.com/corvusHold/guard/cmd/api/main.go:567.2,568.32 2 0
github.com/corvusHold/guard/cmd/api/main.go:568.32,569.65 1 0
github.com/corvusHold/guard/cmd/api/main.go:569.65,570.38 1 0
github.com/corvusHold/guard/cmd/api/main.go:570.38,573.24 3 0
github.com/corvusHold/guard/cmd/api/main.go:573.24,574.42 1 0
github.com/corvusHold/guard/cmd/api/main.go:574.42,575.31 1 0
github.com/corvusHold/guard/cmd/api/main.go:575.31,577.13 2 0
github.com/corvusHold/guard/cmd/api/main.go:581.5,581.17 1 0
github.com/corvusHold/guard/cmd/api/main.go:581.17,583.6 1 0
github.com/corvusHold/guard/cmd/api/main.go:584.5,584.19 1 0
github.com/corvusHold/guard/cmd/api/main.go:588.2,591.78 2 0
github.com/corvusHold/guard/cmd/api/main.go:591.78,605.3 12 0
github.com/corvusHold/guard/cmd/api/main.go:607.2,611.12 3 0
github.com/corvusHold/guard/cmd/api/main.go:611.12,612.77 1 0
github.com/corvusHold/guard/cmd/api/main.go:612.77,614.4 1 0
github.com/corvusHold/guard/cmd/api/main.go:618.2,624.40 6 0
github.com/corvusHold/guard/cmd/api/main.go:624.40,626.3 1 0
github.com/corvusHold/guard/cmd/api/main.go:627.2,627.34 1 0
github.com/corvusHold/guard/internal/scim/controller/http.go:23.68,25.2 1 0
github.com/corvusHold/guard/internal/scim/controller/http.go:29.80,30.36 1 0
github.com/corvusHold/guard/internal/scim/controller/http.go:30.36,32.17 2 0
github.com/corvusHold/guard/internal/scim/controller/http.go:32.17,38.4 1 0
github.com/corvusHold/guard/internal/scim/controller/http.go:41.3,42.17 2 0
github.com/corvusHold/guard/internal/scim/controller/http.go:42.17,48.4 1 0
github.com/corvusHold/guard/internal/scim/controller/http.go:49.3,49.21 1 0
github.com/corvusHold/guard/internal/scim/controller/http.go:49.21,55.4 1 0
github.com/corvusHold/guard/internal/scim/controller/http.go:57.3,58.42 2 0
github.com/corvusHold/guard/internal/scim/controller/http.go:58.42,64.4 1 0
github.com/corvusHold/guard/internal/scim/controller/http.go:65.3,67.71 2 0
github.com/corvusHold/guard/internal/scim/controller/http.go:67.71,73.4 1 0
github.com/corvusHold/guard/internal/scim/controller/http.go:75.3,75.17 1 0
github.com/corvusHold/guard/internal/scim/controller/http.go:80.48,97.2 16 0
github.com/corvusHold/guard/internal/scim/controller/http.go:99.69,101.2 1 0
github.com/corvusHold/guard/internal/scim/controller/http.go:117.57,119.16 2 0
github.com/corvusHold/guard/internal/scim/controller/http.go:119.16,121.3 1 0
github.com/corvusHold/guard/internal/scim/controller/http.go:122.2,125.21 4 0
github.com/corvusHold/guard/internal/scim/controller/http.go:125.21,127.3 1 0
github.com/corvusHold/guard/internal/scim/controller/http.go:128.2,128.16 1 0
github.com/corvusHold/guard/internal/scim/controller/http.go:128.16,130.3 1 0
github.com/corvusHold/guard/internal/scim/controller/http.go:131.2,132.16 2 0
github.com/corvusHold/guard/internal/scim/controller/http.go:132.16,135.3 2 0
github.com/corvusHold/guard/internal/scim/controller/http.go:136.2,136.36 1 0
github.com/corvusHold/guard/internal/scim/controller/http.go:150.55,152.16 2 0
github.com/corvusHold/guard/internal/scim/controller/http.go:152.16,154.3 1 0
github.com/corvusHold/guard/internal/scim/controller/http.go:155.2,156.16 2 0
github.com/corvusHold/guard/internal/scim/controller/http.go:156.16,158.3 1 0
github.com/corvusHold/guard/internal/scim/controller/http.go:159.2,159.36 1 0
github.com/corvusHold/guard/internal/scim/controller/http.go:174.58,176.16 2 0
github.com/corvusHold/guard/internal/scim/controller/http.go:176.16,178.3 1 0
github.com/corvusHold/guard/internal/scim/controller/http.go:179.2,180.38 2 0
github.com/corvusHold/guard/internal/scim/controller/http.go:180.38,182.3 1 0
github.com/corvusHold/guard/internal/scim/controller/http.go:183.2,184.16 2 0
github.com/corvusHold/guard/internal/scim/controller/http.go:184.16,185.143 1 0
github.com/corvusHold/guard/internal/scim/controller/http.go:185.143,187.4 1 0
github.com/corvusHold/guard/internal/scim/controller/http.go:188.3,189.178 2 0
github.com/corvusHold/guard/internal/scim/controller/http.go:191.2,191.44 1 0
github.com/corvusHold/guard/internal/scim/controller/http.go:207.58,209.16 2 0
github.com/corvusHold/guard/internal/scim/controller/http.go:209.16,211.3 1 0
github.com/corvusHold/guard/internal/scim/controller/http.go:212.2,213.38 2 0
github.com/corvusHold/guard/internal/scim/controller/http.go:213.38,215.3 1 0
github.com/corvusHold/guard/internal/scim/controller/http.go:216.2,217.16 2 0
github.com/corvusHold/guard/internal/scim/controller/http.go:217.16,219.3 1 0
github.com/corvusHold/guard/internal/scim/controller/http.go:220.2,220.39 1 0
github.com/corvusHold/guard/internal/scim/controller/http.go:235.57,237.16 2 0
github.com/corvusHold/guard/internal/scim/controller/http.go:237.16,239.3 1 0
github.com/corvusHold/guard/internal/scim/controller/http.go:240.2,241.37 2 0
github.com/corvusHold/guard/internal/scim/controller/http.go:241.37,243.3 1 0
github.com/corvusHold/guard/internal/scim/controller/http.go:244.2,245.16 2 0
github.com/corvusHold/guard/internal/scim/controller/http.go:245.16,247.3 1 0
github.com/corvusHold/guard/internal/scim/controller/http.go:248.2,248.39 1 0
github.com/corvusHold/guard/internal/scim/controller/http.go:261.58,263.16 2 0
github.com/corvusHold/guard/internal/scim/controller/http.go:263.16,265.3 1 0
github.com/corvusHold/guard/internal/scim/controller/http.go:266.2,266.87 1 0
github.com/corvusHold/guard/internal/scim/controller/http.go:266.87,268.3 1 0
github.com/corvusHold/guard/internal/scim/controller/http.go:269.2,269.42 1 0
github.com/corvusHold/guard/internal/scim/controller/http.go:285.58,287.16 2 0
github.com/corvusHold/guard/internal/scim/controller/http.go:287.16,289.3 1 0
github.com/corvusHold/guard/internal/scim/controller/http.go:290.2,293.21 4 0
github.com/corvusHold/guard/internal/scim/controller/http.go:293.21,295.3 1 0
github.com/corvusHold/guard/internal/scim/controller/http.go:296.2,296.16 1 0
github.com/corvusHold/guard/internal/scim/controller/http.go:296.16,298.3 1 0
github.com/corvusHold/guard/internal/scim/controller/http.go:299.2,300.16 2 0
github.com/corvusHold/guard/internal/scim/controller/http.go:300.16,302.3 1 0
github.com/corvusHold/guard/internal/scim/controller/http.go:303.2,303.36 1 0
github.com/corvusHold/guard/internal/scim/controller/http.go:317.56,319.16 2 0
github.com/corvusHold/guard/internal/scim/controller/http.go:319.16,321.3 1 0
github.com/corvusHold/guard/internal/scim/controller/http.go:322.2,323.16 2 0
github.com/corvusHold/guard/internal/scim/controller/http.go:323.16,325.3 1 0
github.com/corvusHold/guard/internal/scim/controller/http.go:326.2,326.37 1 0
github.com/corvusHold/guard/internal/scim/controller/http.go:341.59,343.16 2 0
github.com/corvusHold/guard/internal/scim/controller/http.go:343.16,345.3 1 0
github.com/corvusHold/guard/internal/scim/controller/http.go:346.2,347.39 2 0
github.com/corvusHold/guard/internal/scim/controller/http.go:347.39,349.3 1 0
github.com/corvusHold/guard/internal/scim/controller/http.go:350.2,351.16 2 0
github.com/corvusHold/guard/internal/scim/controller/http.go:351.16,353.3 1 0
github.com/corvusHold/guard/internal/scim/controller/http.go:354.2,354.44 1 0
github.com/corvusHold/guard/internal/scim/controller/http.go:370.59,372.16 2 0
github.com/corvusHold/guard/internal/scim/controller/http.go:372.16,374.3 1 0
github.com/corvusHold/guard/internal/scim/controller/http.go:375.2,376.39 2 0
github.com/corvusHold/guard/internal/scim/controller/http.go:376.39,378.3 1 0
github.com/corvusHold/guard/internal/scim/controller/http.go:379.2,380.16 2 0
github.com/corvusHold/guard/internal/scim/controller/http.go:380.16,382.3 1 0
github.com/corvusHold/guard/internal/scim/controller/http.go:383.2,383.39 1 0
github.com/corvusHold/guard/internal/scim/controller/http.go:398.58,400.16 2 0
github.com/corvusHold/guard/internal/scim/controller/http.go:400.16,402.3 1 0
github.com/corvusHold/guard/internal/scim/controller/http.go:403.2,404.37 2 0
github.com/corvusHold/guard/internal/scim/controller/http.go:404.37,406.3 1 0
github.com/corvusHold/guard/internal/scim/controller/http.go:407.2,408.16 2 0
github.com/corvusHold/guard/internal/scim/controller/http.go:408.16,410.3 1 0
github.com/corvusHold/guard/internal/scim/controller/http.go:411.2,411.39 1 0
github.com/corvusHold/guard/internal/scim/controller/http.go:424.59,426.16 2 0
github.com/corvusHold/guard/internal/scim/controller/http.go:426.16,428.3 1 0
github.com/corvusHold/guard/internal/scim/controller/http.go:429.2,429.88 1 0
github.com/corvusHold/guard/internal/scim/controller/http.go:429.88,431.3 1 0
github.com/corvusHold/guard/internal/scim/controller/http.go:432.2,432.42 1 0
github.com/corvusHold/guard/internal/scim/controller/http.go:442.69,454.2 1 0
github.com/corvusHold/guard/internal/scim/controller/http.go:463.55,472.2 1 0
github.com/corvusHold/guard/internal/scim/controller/http.go:481.61,490.2 1 0
github.com/corvusHold/guard/internal/scim/service/service.go:20.37,22.2 1 0
github.com/corvusHold/guard/internal/scim/service/service.go:24.108,26.16 2 0
github.com/corvusHold/guard/internal/scim/service/service.go:26.16,28.3 1 0
github.com/corvusHold/guard/internal/scim/service/service.go:29.2,40.16 5 0
github.com/corvusHold/guard/internal/scim/service/service.go:40.16,42.3 1 0
github.com/corvusHold/guard/internal/scim/service/service.go:43.2,55.8 1 0
github.com/corvusHold/guard/internal/scim/service/service.go:58.141,60.21 1 0
github.com/corvusHold/guard/internal/scim/service/service.go:60.21,62.3 1 0
github.com/corvusHold/guard/internal/scim/service/service.go:63.2,63.16 1 0
github.com/corvusHold/guard/internal/scim/service/service.go:63.16,65.3 1 0
github.com/corvusHold/guard/internal/scim/service/service.go:67.2,74.61 5 0
github.com/corvusHold/guard/internal/scim/service/service.go:74.61,76.22 2 0
github.com/corvusHold/guard/internal/scim/service/service.go:76.22,80.4 3 0
github.com/corvusHold/guard/internal/scim/service/service.go:84.2,86.84 3 0
github.com/corvusHold/guard/internal/scim/service/service.go:86.84,88.3 1 0
github.com/corvusHold/guard/internal/scim/service/service.go:90.2,95.16 5 0
github.com/corvusHold/guard/internal/scim/service/service.go:95.16,97.3 1 0
github.com/corvusHold/guard/internal/scim/service/service.go:98.2,101.18 3 0
github.com/corvusHold/guard/internal/scim/service/service.go:101.18,106.93 5 0
github.com/corvusHold/guard/internal/scim/service/service.go:106.93,108.4 1 0
github.com/corvusHold/guard/internal/scim/service/service.go:109.3,117.5 1 0
github.com/corvusHold/guard/internal/scim/service/service.go:119.2,125.8 1 0
github.com/corvusHold/guard/internal/scim/service/service.go:128.118,130.41 2 0
github.com/corvusHold/guard/internal/scim/service/service.go:130.41,132.3 1 0
github.com/corvusHold/guard/internal/scim/service/service.go:133.2,133.17 1 0
github.com/corvusHold/guard/internal/scim/service/service.go:133.17,135.3 1 0
github.com/corvusHold/guard/internal/scim/service/service.go:137.2,141.16 4 0
github.com/corvusHold/guard/internal/scim/service/service.go:141.16,143.3 1 0
github.com/corvusHold/guard/internal/scim/service/service.go:144.2,144.15 1 0
github.com/corvusHold/guard/internal/scim/service/service.go:144.15,144.39 1 0
github.com/corvusHold/guard/internal/scim/service/service.go:146.2,150.16 2 0
github.com/corvusHold/guard/internal/scim/service/service.go:150.16,152.3 1 0
github.com/corvusHold/guard/internal/scim/service/service.go:154.2,158.16 2 0
github.com/corvusHold/guard/internal/scim/service/service.go:158.16,160.3 1 0
github.com/corvusHold/guard/internal/scim/service/service.go:162.2,166.16 2 0
github.com/corvusHold/guard/internal/scim/service/service.go:166.16,168.3 1 0
github.com/corvusHold/guard/internal/scim/service/service.go:170.2,170.39 1 0
github.com/corvusHold/guard/internal/scim/service/service.go:170.39,172.3 1 0
github.com/corvusHold/guard/internal/scim/service/service.go:174.2,182.8 1 0
github.com/corvusHold/guard/internal/scim/service/service.go:185.133,187.16 2 0
github.com/corvusHold/guard/internal/scim/service/service.go:187.16,189.3 1 0
github.com/corvusHold/guard/internal/scim/service/service.go:191.2,195.16 2 0
github.com/corvusHold/guard/internal/scim/service/service.go:195.16,197.3 1 0
github.com/corvusHold/guard/internal/scim/service/service.go:198.2,198.32 1 0
github.com/corvusHold/guard/internal/scim/service/service.go:198.32,200.3 1 0
github.com/corvusHold/guard/internal/scim/service/service.go:201.2,201.41 1 0
github.com/corvusHold/guard/internal/scim/service/service.go:204.136,206.16 2 0
github.com/corvusHold/guard/internal/scim/service/service.go:206.16,208.3 1 0
github.com/corvusHold/guard/internal/scim/service/service.go:210.2,211.16 2 0
github.com/corvusHold/guard/internal/scim/service/service.go:211.16,213.3 1 0
github.com/corvusHold/guard/internal/scim/service/service.go:214.2,214.15 1 0
github.com/corvusHold/guard/internal/scim/service/service.go:214.15,214.39 1 0
github.com/corvusHold/guard/internal/scim/service/service.go:216.2,216.25 1 0
github.com/corvusHold/guard/internal/scim/service/service.go:216.25,217.33 1 0
github.com/corvusHold/guard/internal/scim/service/service.go:218.25,220.36 2 0
github.com/corvusHold/guard/internal/scim/service/service.go:221.26,222.182 1 0
github.com/corvusHold/guard/internal/scim/service/service.go:223.27,224.181 1 0
github.com/corvusHold/guard/internal/scim/service/service.go:225.18,227.38 2 0
github.com/corvusHold/guard/internal/scim/service/service.go:227.38,229.6 1 0
github.com/corvusHold/guard/internal/scim/service/service.go:230.5,230.184 1 0
github.com/corvusHold/guard/internal/scim/service/service.go:231.20,232.125 1 0
github.com/corvusHold/guard/internal/scim/service/service.go:233.12,235.43 1 0
github.com/corvusHold/guard/internal/scim/service/service.go:235.43,236.56 1 0
github.com/corvusHold/guard/internal/scim/service/service.go:236.56,237.48 1 0
github.com/corvusHold/guard/internal/scim/service/service.go:237.48,238.200 1 0
github.com/corvusHold/guard/internal/scim/service/service.go:238.200,240.9 1 0
github.com/corvusHold/guard/internal/scim/service/service.go:242.7,242.49 1 0
github.com/corvusHold/guard/internal/scim/service/service.go:242.49,243.199 1 0
github.com/corvusHold/guard/internal/scim/service/service.go:243.199,245.9 1 0
github.com/corvusHold/guard/internal/scim/service/service.go:250.17,251.36 1 0
github.com/corvusHold/guard/internal/scim/service/service.go:252.26,253.177 1 0
github.com/corvusHold/guard/internal/scim/service/service.go:254.27,255.176 1 0
github.com/corvusHold/guard/internal/scim/service/service.go:258.3,258.17 1 0
github.com/corvusHold/guard/internal/scim/service/service.go:258.17,260.4 1 0
github.com/corvusHold/guard/internal/scim/service/service.go:263.2,263.39 1 0
github.com/corvusHold/guard/internal/scim/service/service.go:263.39,265.3 1 0
github.com/corvusHold/guard/internal/scim/service/service.go:266.2,266.41 1 0
github.com/corvusHold/guard/internal/scim/service/service.go:269.92,271.16 2 0
github.com/corvusHold/guard/internal/scim/service/service.go:271.16,273.3 1 0
github.com/corvusHold/guard/internal/scim/service/service.go:274.2,275.16 2 0
github.com/corvusHold/guard/internal/scim/service/service.go:275.16,277.3 1 0
github.com/corvusHold/guard/internal/scim/service/service.go:278.2,278.15 1 0
github.com/corvusHold/guard/internal/scim/service/service.go:278.15,278.39 1 0
github.com/corvusHold/guard/internal/scim/service/service.go:280.2,280.124 1 0
github.com/corvusHold/guard/internal/scim/service/service.go:280.124,282.3 1 0
github.com/corvusHold/guard/internal/scim/service/service.go:283.2,283.121 1 0
github.com/corvusHold/guard/internal/scim/service/service.go:283.121,285.3 1 0
github.com/corvusHold/guard/internal/scim/service/service.go:286.2,286.23 1 0
github.com/corvusHold/guard/internal/scim/service/service.go:289.111,291.16 2 0
github.com/corvusHold/guard/internal/scim/service/service.go:291.16,293.3 1 0
github.com/corvusHold/guard/internal/scim/service/service.go:294.2,300.16 4 0
github.com/corvusHold/guard/internal/scim/service/service.go:300.16,302.3 1 0
github.com/corvusHold/guard/internal/scim/service/service.go:303.2,308.8 1 0
github.com/corvusHold/guard/internal/scim/service/service.go:311.142,312.21 1 0
github.com/corvusHold/guard/internal/scim/service/service.go:312.21,314.3 1 0
github.com/corvusHold/guard/internal/scim/service/service.go:315.2,315.16 1 0
github.com/corvusHold/guard/internal/scim/service/service.go:315.16,317.3 1 0
github.com/corvusHold/guard/internal/scim/service/service.go:319.2,324.18 4 0
github.com/corvusHold/guard/internal/scim/service/service.go:324.18,325.49 1 0
github.com/corvusHold/guard/internal/scim/service/service.go:325.49,327.23 2 0
github.com/corvusHold/guard/internal/scim/service/service.go:327.23,331.5 3 0
github.com/corvusHold/guard/internal/scim/service/service.go:332.9,334.4 1 0
github.com/corvusHold/guard/internal/scim/service/service.go:338.2,339.102 2 0
github.com/corvusHold/guard/internal/scim/service/service.go:339.102,341.3 1 0
github.com/corvusHold/guard/internal/scim/service/service.go:343.2,347.16 4 0
github.com/corvusHold/guard/internal/scim/service/service.go:347.16,349.3 1 0
github.com/corvusHold/guard/internal/scim/service/service.go:350.2,353.18 3 0
github.com/corvusHold/guard/internal/scim/service/service.go:353.18,357.59 4 0
github.com/corvusHold/guard/internal/scim/service/service.go:357.59,359.4 1 0
github.com/corvusHold/guard/internal/scim/service/service.go:360.3,365.5 1 0
github.com/corvusHold/guard/internal/scim/service/service.go:367.2,373.8 1 0
github.com/corvusHold/guard/internal/scim/service/service.go:376.122,383.16 4 0
github.com/corvusHold/guard/internal/scim/service/service.go:383.16,385.3 1 0
github.com/corvusHold/guard/internal/scim/service/service.go:386.2,391.8 1 0
github.com/corvusHold/guard/internal/scim/service/service.go:394.138,396.16 2 0
github.com/corvusHold/guard/internal/scim/service/service.go:396.16,398.3 1 0
github.com/corvusHold/guard/internal/scim/service/service.go:399.2,403.16 2 0
github.com/corvusHold/guard/internal/scim/service/service.go:403.16,405.3 1 0
github.com/corvusHold/guard/internal/scim/service/service.go:406.2,406.32 1 0
github.com/corvusHold/guard/internal/scim/service/service.go:406.32,408.3 1 0
github.com/corvusHold/guard/internal/scim/service/service.go:409.2,409.43 1 0
github.com/corvusHold/guard/internal/scim/service/service.go:412.139,414.16 2 0
github.com/corvusHold/guard/internal/scim/service/service.go:414.16,416.3 1 0
github.com/corvusHold/guard/internal/scim/service/service.go:418.2,419.16 2 0
github.com/corvusHold/guard/internal/scim/service/service.go:419.16,421.3 1 0
github.com/corvusHold/guard/internal/scim/service/service.go:422.2,422.15 1 0
github.com/corvusHold/guard/internal/scim/service/service.go:422.15,422.39 1 0
github.com/corvusHold/guard/internal/scim/service/service.go:424.2,424.25 1 0
github.com/corvusHold/guard/internal/scim/service/service.go:424.25,425.33 1 0
github.com/corvusHold/guard/internal/scim/service/service.go:426.25,428.36 2 0
github.com/corvusHold/guard/internal/scim/service/service.go:429.23,430.110 1 0
github.com/corvusHold/guard/internal/scim/service/service.go:431.19,433.52 1 0
github.com/corvusHold/guard/internal/scim/service/service.go:433.52,434.32 1 0
github.com/corvusHold/guard/internal/scim/service/service.go:434.32,435.53 1 0
github.com/corvusHold/guard/internal/scim/service/service.go:435.53,436.54 1 0
github.com/corvusHold/guard/internal/scim/service/service.go:436.54,438.28 2 0
github.com/corvusHold/guard/internal/scim/service/service.go:438.28,441.182 2 0
github.com/corvusHold/guard/internal/scim/service/service.go:441.182,443.11 1 0
github.com/corvusHold/guard/internal/scim/service/service.go:444.10,444.145 1 0
github.com/corvusHold/guard/internal/scim/service/service.go:444.145,446.11 1 0
github.com/corvusHold/guard/internal/scim/service/service.go:453.17,454.36 1 0
github.com/corvusHold/guard/internal/scim/service/service.go:455.23,455.23 0 0
github.com/corvusHold/guard/internal/scim/service/service.go:457.12,459.63 1 0
github.com/corvusHold/guard/internal/scim/service/service.go:459.63,461.55 1 0
github.com/corvusHold/guard/internal/scim/service/service.go:461.55,463.53 2 0
github.com/corvusHold/guard/internal/scim/service/service.go:463.53,466.27 3 0
github.com/corvusHold/guard/internal/scim/service/service.go:466.27,467.122 1 0
github.com/corvusHold/guard/internal/scim/service/service.go:467.122,469.10 1 0
github.com/corvusHold/guard/internal/scim/service/service.go:476.3,476.17 1 0
github.com/corvusHold/guard/internal/scim/service/service.go:476.17,478.4 1 0
github.com/corvusHold/guard/internal/scim/service/service.go:481.2,481.39 1 0
github.com/corvusHold/guard/internal/scim/service/service.go:481.39,483.3 1 0
github.com/corvusHold/guard/internal/scim/service/service.go:484.2,484.43 1 0
github.com/corvusHold/guard/internal/scim/service/service.go:487.94,489.16 2 0
github.com/corvusHold/guard/internal/scim/service/service.go:489.16,491.3 1 0
github.com/corvusHold/guard/internal/scim/service/service.go:492.2,493.12 2 0
github.com/corvusHold/guard/cmd/bootstrap-token/main.go:37.13,49.16 4 0
github.com/corvusHold/guard/cmd/bootstrap-token/main.go:49.16,51.3 1 0
github.com/corvusHold/guard/cmd/bootstrap-token/main.go:53.2,57.16 4 0
github.com/corvusHold/guard/cmd/bootstrap-token/main.go:57.16,59.3 1 0
github.com/corvusHold/guard/cmd/bootstrap-token/main.go:60.2,61.16 2 0
github.com/corvusHold/guard/cmd/bootstrap-token/main.go:61.16,63.3 1 0
github.com/corvusHold/guard/cmd/bootstrap-token/main.go:64.2,67.16 3 0
github.com/corvusHold/guard/cmd/bootstrap-token/main.go:67.16,69.3 1 0
github.com/corvusHold/guard/cmd/bootstrap-token/main.go:71.2,73.16 3 0
github.com/corvusHold/guard/cmd/bootstrap-token/main.go:73.16,75.3 1 0
github.com/corvusHold/guard/cmd/bootstrap-token/main.go:76.2,79.34 3 0
github.com/corvusHold/guard/cmd/bootstrap-token/main.go:80.14,81.21 1 0
github.com/corvusHold/guard/cmd/bootstrap-token/main.go:82.13,83.19 1 0
github.com/corvusHold/guard/cmd/bootstrap-token/main.go:84.10,85.55 1 0
github.com/corvusHold/guard/cmd/bootstrap-token/main.go:89.126,96.16 6 0
github.com/corvusHold/guard/cmd/bootstrap-token/main.go:96.16,98.3 1 0
github.com/corvusHold/guard/cmd/bootstrap-token/main.go:99.2,102.22 3 0
github.com/corvusHold/guard/cmd/bootstrap-token/main.go:102.22,104.3 1 0
github.com/corvusHold/guard/cmd/bootstrap-token/main.go:105.2,106.16 2 0
github.com/corvusHold/guard/cmd/bootstrap-token/main.go:106.16,108.3 1 0
github.com/corvusHold/guard/cmd/bootstrap-token/main.go:109.2,110.16 2 0
github.com/corvusHold/guard/cmd/bootstrap-token/main.go:110.16,112.3 1 0
github.com/corvusHold/guard/cmd/bootstrap-token/main.go:114.2,116.85 3 0
github.com/corvusHold/guard/cmd/bootstrap-token/main.go:116.85,118.3 1 0
github.com/corvusHold/guard/cmd/bootstrap-token/main.go:119.2,119.68 1 0
github.com/corvusHold/guard/cmd/bootstrap-token/main.go:119.68,121.3 1 0
github.com/corvusHold/guard/cmd/bootstrap-token/main.go:122.2,122.109 1 0
github.com/corvusHold/guard/cmd/bootstrap-token/main.go:122.109,124.3 1 0
github.com/corvusHold/guard/cmd/bootstrap-token/main.go:126.2,132.8 1 0
github.com/corvusHold/guard/cmd/bootstrap-token/main.go:135.100,146.2 3 1
github.com/corvusHold/guard/cmd/bootstrap-token/main.go:148.49,150.42 2 2
github.com/corvusHold/guard/cmd/bootstrap-token/main.go:150.42,152.3 1 0
github.com/corvusHold/guard/cmd/bootstrap-token/main.go:153.2,153.64 1 2
github.com/corvusHold/guard/cmd/bootstrap-token/main.go:156.43,158.19 2 2
github.com/corvusHold/guard/cmd/bootstrap-token/main.go:158.19,160.3 1 1
github.com/corvusHold/guard/cmd/bootstrap-token/main.go:161.2,161.63 1 1
github.com/corvusHold/guard/cmd/bootstrap-token/main.go:164.38,167.40 3 1
github.com/corvusHold/guard/cmd/bootstrap-token/main.go:167.40,169.3 1 0
github.com/corvusHold/guard/cmd/bootstrap-token/main.go:172.36,183.22 3 1
github.com/corvusHold/guard/cmd/bootstrap-token/main.go:183.22,185.3 1 7
github.com/corvusHold/guard/cmd/bootstrap-token/main.go:186.2,187.25 2 1
github.com/corvusHold/guard/cmd/bootstrap-token/main.go:187.25,189.3 1 7
github.com/corvusHold/guard/internal/webhooks/controller/http.go:20.42,22.2 1 0
github.com/corvusHold/guard/internal/webhooks/controller/http.go:37.51,44.2 6 0
github.com/corvusHold/guard/internal/webhooks/controller/http.go:57.54,59.37 2 0
github.com/corvusHold/guard/internal/webhooks/controller/http.go:59.37,61.3 1 0
github.com/corvusHold/guard/internal/webhooks/controller/http.go:62.2,63.9 2 0
github.com/corvusHold/guard/internal/webhooks/controller/http.go:63.9,66.17 3 0
github.com/corvusHold/guard/internal/webhooks/controller/http.go:66.17,68.4 1 0
github.com/corvusHold/guard/internal/webhooks/controller/http.go:69.3,69.20 1 0
github.com/corvusHold/guard/internal/webhooks/controller/http.go:71.2,77.16 2 0
github.com/corvusHold/guard/internal/webhooks/controller/http.go:77.16,80.3 2 0
github.com/corvusHold/guard/internal/webhooks/controller/http.go:81.2,81.39 1 0
github.com/corvusHold/guard/internal/webhooks/controller/http.go:93.52,95.9 2 0
github.com/corvusHold/guard/internal/webhooks/controller/http.go:95.9,98.17 3 0
github.com/corvusHold/guard/internal/webhooks/controller/http.go:98.17,100.4 1 0
github.com/corvusHold/guard/internal/webhooks/controller/http.go:101.3,101.20 1 0
github.com/corvusHold/guard/internal/webhooks/controller/http.go:103.2,104.16 2 0
github.com/corvusHold/guard/internal/webhooks/controller/http.go:104.16,107.3 2 0
github.com/corvusHold/guard/internal/webhooks/controller/http.go:108.2,108.76 1 0
github.com/corvusHold/guard/internal/webhooks/controller/http.go:122.51,124.16 2 0
github.com/corvusHold/guard/internal/webhooks/controller/http.go:124.16,126.3 1 0
github.com/corvusHold/guard/internal/webhooks/controller/http.go:127.2,128.9 2 0
github.com/corvusHold/guard/internal/webhooks/controller/http.go:128.9,131.17 3 0
github.com/corvusHold/guard/internal/webhooks/controller/http.go:131.17,133.4 1 0
github.com/corvusHold/guard/internal/webhooks/controller/http.go:134.3,134.20 1 0
github.com/corvusHold/guard/internal/webhooks/controller/http.go:136.2,137.16 2 0
github.com/corvusHold/guard/internal/webhooks/controller/http.go:137.16,139.3 1 0
github.com/corvusHold/guard/internal/webhooks/controller/http.go:140.2,140.34 1 0
github.com/corvusHold/guard/internal/webhooks/controller/http.go:155.54,157.16 2 0
github.com/corvusHold/guard/internal/webhooks/controller/http.go:157.16,159.3 1 0
github.com/corvusHold/guard/internal/webhooks/controller/http.go:160.2,161.9 2 0
github.com/corvusHold/guard/internal/webhooks/controller/http.go:161.9,164.17 3 0
github.com/corvusHold/guard/internal/webhooks/controller/http.go:164.17,166.4 1 0
github.com/corvusHold/guard/internal/webhooks/controller/http.go:167.3,167.20 1 0
github.com/corvusHold/guard/internal/webhooks/controller/http.go:169.2,170.37 2 0
github.com/corvusHold/guard/internal/webhooks/controller/http.go:170.37,172.3 1 0
github.com/corvusHold/guard/internal/webhooks/controller/http.go:173.2,174.16 2 0
github.com/corvusHold/guard/internal/webhooks/controller/http.go:174.16,177.3 2 0
github.com/corvusHold/guard/internal/webhooks/controller/http.go:178.2,178.34 1 0
github.com/corvusHold/guard/internal/webhooks/controller/http.go:191.54,193.16 2 0
github.com/corvusHold/guard/internal/webhooks/controller/http.go:193.16,195.3 1 0
github.com/corvusHold/guard/internal/webhooks/controller/http.go:196.2,197.9 2 0
github.com/corvusHold/guard/internal/webhooks/controller/http.go:197.9,200.17 3 0
github.com/corvusHold/guard/internal/webhooks/controller/http.go:200.17,202.4 1 0
github.com/corvusHold/guard/internal/webhooks/controller/http.go:203.3,203.20 1 0
github.com/corvusHold/guard/internal/webhooks/controller/http.go:205.2,205.77 1 0
github.com/corvusHold/guard/internal/webhooks/controller/http.go:205.77,208.3 2 0
github.com/corvusHold/guard/internal/webhooks/controller/http.go:209.2,209.42 1 0
github.com/corvusHold/guard/internal/settings/repository/sqlc.go:14.44,14.85 1 0
github.com/corvusHold/guard/internal/settings/repository/sqlc.go:16.44,17.14 1 0
github.com/corvusHold/guard/internal/settings/repository/sqlc.go:17.14,19.3 1 0
github.com/corvusHold/guard/internal/settings/repository/sqlc.go:20.2,20.44 1 0
github.com/corvusHold/guard/internal/settings/repository/sqlc.go:23.106,24.21 1 0
github.com/corvusHold/guard/internal/settings/repository/sqlc.go:24.21,26.17 2 0
github.com/corvusHold/guard/internal/settings/repository/sqlc.go:26.17,28.4 1 0
github.com/corvusHold/guard/internal/settings/repository/sqlc.go:30.2,31.16 2 0
github.com/corvusHold/guard/internal/settings/repository/sqlc.go:31.16,33.3 1 0
github.com/corvusHold/guard/internal/settings/repository/sqlc.go:34.2,34.29 1 0
github.com/corvusHold/guard/internal/settings/repository/sqlc.go:37.120,46.2 2 0
github.com/corvusHold/guard/internal/settings/factory.go:20.66,31.99 8 0
github.com/corvusHold/guard/internal/settings/factory.go:31.99,33.17 2 0
github.com/corvusHold/guard/internal/settings/factory.go:33.17,35.4 1 0
github.com/corvusHold/guard/internal/settings/factory.go:36.3,36.22 1 0
github.com/corvusHold/guard/internal/settings/factory.go:39.2,40.15 2 0
github.com/corvusHold/guard/internal/settings/factory.go:44.69,55.99 8 0
github.com/corvusHold/guard/internal/settings/factory.go:55.99,57.17 2 0
github.com/corvusHold/guard/internal/settings/factory.go:57.17,59.4 1 0
github.com/corvusHold/guard/internal/settings/factory.go:60.3,60.22 1 0
github.com/corvusHold/guard/internal/settings/factory.go:63.2,64.17 2 0
github.com/corvusHold/guard/internal/tenants/factory.go:13.47,18.2 4 0
github.com/corvusHold/guard/internal/tenants/factory.go:21.50,23.2 1 0
github.com/corvusHold/guard/internal/tenants/factory.go:26.94,30.22 4 0
github.com/corvusHold/guard/internal/tenants/factory.go:30.22,32.3 1 0
github.com/corvusHold/guard/internal/tenants/factory.go:33.2,33.17 1 0
github.com/corvusHold/guard/internal/webhooks/factory.go:15.50,20.2 4 0
github.com/corvusHold/guard/internal/webhooks/factory.go:23.57,27.2 3 0
github.com/corvusHold/guard/internal/settings/service/service.go:15.44,15.75 1 0
github.com/corvusHold/guard/internal/settings/service/service.go:17.111,19.16 2 0
github.com/corvusHold/guard/internal/settings/service/service.go:19.16,21.3 1 0
github.com/corvusHold/guard/internal/settings/service/service.go:22.2,22.9 1 0
github.com/corvusHold/guard/internal/settings/service/service.go:22.9,24.3 1 0
github.com/corvusHold/guard/internal/settings/service/service.go:25.2,26.13 2 0
github.com/corvusHold/guard/internal/settings/service/service.go:26.13,28.3 1 0
github.com/corvusHold/guard/internal/settings/service/service.go:29.2,29.15 1 0
github.com/corvusHold/guard/internal/settings/service/service.go:32.127,34.16 2 0
github.com/corvusHold/guard/internal/settings/service/service.go:34.16,36.3 1 0
github.com/corvusHold/guard/internal/settings/service/service.go:37.2,37.9 1 0
github.com/corvusHold/guard/internal/settings/service/service.go:37.9,39.3 1 0
github.com/corvusHold/guard/internal/settings/service/service.go:40.2,41.13 2 0
github.com/corvusHold/guard/internal/settings/service/service.go:41.13,43.3 1 0
github.com/corvusHold/guard/internal/settings/service/service.go:44.2,45.16 2 0
github.com/corvusHold/guard/internal/settings/service/service.go:45.16,47.3 1 0
github.com/corvusHold/guard/internal/settings/service/service.go:48.2,48.15 1 0
github.com/corvusHold/guard/internal/settings/service/service.go:51.102,53.16 2 0
github.com/corvusHold/guard/internal/settings/service/service.go:53.16,55.3 1 0
github.com/corvusHold/guard/internal/settings/service/service.go:56.2,56.9 1 0
github.com/corvusHold/guard/internal/settings/service/service.go:56.9,58.3 1 0
github.com/corvusHold/guard/internal/settings/service/service.go:59.2,60.13 2 0
github.com/corvusHold/guard/internal/settings/service/service.go:60.13,62.3 1 0
github.com/corvusHold/guard/internal/settings/service/service.go:63.2,64.16 2 0
github.com/corvusHold/guard/internal/settings/service/service.go:64.16,66.3 1 0
github.com/corvusHold/guard/internal/settings/service/service.go:67.2,67.15 1 0
github.com/corvusHold/guard/internal/webhooks/repository/sqlc.go:19.42,21.2 1 0
github.com/corvusHold/guard/internal/webhooks/repository/sqlc.go:23.100,31.2 2 0
github.com/corvusHold/guard/internal/webhooks/repository/sqlc.go:33.102,39.2 3 0
github.com/corvusHold/guard/internal/webhooks/repository/sqlc.go:41.96,47.2 3 0
github.com/corvusHold/guard/internal/webhooks/repository/sqlc.go:49.102,53.16 2 0
github.com/corvusHold/guard/internal/webhooks/repository/sqlc.go:53.16,55.3 1 0
github.com/corvusHold/guard/internal/webhooks/repository/sqlc.go:56.2,58.18 3 0
github.com/corvusHold/guard/internal/webhooks/repository/sqlc.go:58.18,60.138 2 0
github.com/corvusHold/guard/internal/webhooks/repository/sqlc.go:60.138,62.4 1 0
github.com/corvusHold/guard/internal/webhooks/repository/sqlc.go:63.3,63.34 1 0
github.com/corvusHold/guard/internal/webhooks/repository/sqlc.go:65.2,65.29 1 0
github.com/corvusHold/guard/internal/webhooks/repository/sqlc.go:68.151,82.2 3 0
github.com/corvusHold/guard/internal/webhooks/repository/sqlc.go:84.87,86.16 2 0
github.com/corvusHold/guard/internal/webhooks/repository/sqlc.go:86.16,88.3 1 0
github.com/corvusHold/guard/internal/webhooks/repository/sqlc.go:89.2,89.29 1 0
github.com/corvusHold/guard/internal/webhooks/repository/sqlc.go:89.29,91.3 1 0
github.com/corvusHold/guard/internal/webhooks/repository/sqlc.go:92.2,92.12 1 0
github.com/corvusHold/guard/internal/webhooks/repository/sqlc.go:95.83,102.2 2 0
github.com/corvusHold/guard/internal/webhooks/repository/sqlc.go:104.103,105.16 1 0
github.com/corvusHold/guard/internal/webhooks/repository/sqlc.go:105.16,107.3 1 0
github.com/corvusHold/guard/internal/webhooks/repository/sqlc.go:108.2,115.16 2 0
github.com/corvusHold/guard/internal/webhooks/repository/sqlc.go:115.16,117.3 1 0
github.com/corvusHold/guard/internal/webhooks/repository/sqlc.go:118.2,120.18 3 0
github.com/corvusHold/guard/internal/webhooks/repository/sqlc.go:120.18,122.182 2 0
github.com/corvusHold/guard/internal/webhooks/repository/sqlc.go:122.182,124.4 1 0
github.com/corvusHold/guard/internal/webhooks/repository/sqlc.go:125.3,125.37 1 0
github.com/corvusHold/guard/internal/webhooks/repository/sqlc.go:127.2,127.31 1 0
github.com/corvusHold/guard/internal/webhooks/repository/sqlc.go:130.165,136.2 2 0
github.com/corvusHold/guard/internal/webhooks/repository/sqlc.go:138.136,143.16 2 0
github.com/corvusHold/guard/internal/webhooks/repository/sqlc.go:143.16,145.3 1 0
github.com/corvusHold/guard/internal/webhooks/repository/sqlc.go:146.2,148.18 3 0
github.com/corvusHold/guard/internal/webhooks/repository/sqlc.go:148.18,150.138 2 0
github.com/corvusHold/guard/internal/webhooks/repository/sqlc.go:150.138,152.4 1 0
github.com/corvusHold/guard/internal/webhooks/repository/sqlc.go:153.3,153.34 1 0
github.com/corvusHold/guard/internal/webhooks/repository/sqlc.go:155.2,155.29 1 0
