mode: atomic
github.com/corvusHold/guard/sdk/go/middleware/echo.go:47.53,48.54 1 15
github.com/corvusHold/guard/sdk/go/middleware/echo.go:48.54,49.37 1 15
github.com/corvusHold/guard/sdk/go/middleware/echo.go:49.37,52.19 2 15
github.com/corvusHold/guard/sdk/go/middleware/echo.go:52.19,54.5 1 1
github.com/corvusHold/guard/sdk/go/middleware/echo.go:57.4,58.42 2 14
github.com/corvusHold/guard/sdk/go/middleware/echo.go:58.42,60.5 1 1
github.com/corvusHold/guard/sdk/go/middleware/echo.go:63.4,63.61 1 13
github.com/corvusHold/guard/sdk/go/middleware/echo.go:63.61,65.5 1 1
github.com/corvusHold/guard/sdk/go/middleware/echo.go:68.4,69.59 2 12
github.com/corvusHold/guard/sdk/go/middleware/echo.go:69.59,70.48 1 1
github.com/corvusHold/guard/sdk/go/middleware/echo.go:70.48,72.6 1 1
github.com/corvusHold/guard/sdk/go/middleware/echo.go:76.4,77.35 2 11
github.com/corvusHold/guard/sdk/go/middleware/echo.go:77.35,79.5 1 11
github.com/corvusHold/guard/sdk/go/middleware/echo.go:80.4,80.37 1 11
github.com/corvusHold/guard/sdk/go/middleware/echo.go:80.37,82.5 1 11
github.com/corvusHold/guard/sdk/go/middleware/echo.go:83.4,83.34 1 11
github.com/corvusHold/guard/sdk/go/middleware/echo.go:83.34,85.5 1 3
github.com/corvusHold/guard/sdk/go/middleware/echo.go:86.4,86.34 1 11
github.com/corvusHold/guard/sdk/go/middleware/echo.go:86.34,88.5 1 10
github.com/corvusHold/guard/sdk/go/middleware/echo.go:90.4,90.18 1 11
github.com/corvusHold/guard/sdk/go/middleware/echo.go:97.42,100.16 2 15
github.com/corvusHold/guard/sdk/go/middleware/echo.go:100.16,102.38 2 13
github.com/corvusHold/guard/sdk/go/middleware/echo.go:102.38,104.4 1 13
github.com/corvusHold/guard/sdk/go/middleware/echo.go:108.2,109.38 2 2
github.com/corvusHold/guard/sdk/go/middleware/echo.go:109.38,111.3 1 1
github.com/corvusHold/guard/sdk/go/middleware/echo.go:113.2,113.11 1 1
github.com/corvusHold/guard/sdk/go/middleware/helpers.go:13.48,15.16 2 6
github.com/corvusHold/guard/sdk/go/middleware/helpers.go:15.16,17.3 1 2
github.com/corvusHold/guard/sdk/go/middleware/helpers.go:18.2,19.9 2 4
github.com/corvusHold/guard/sdk/go/middleware/helpers.go:19.9,21.3 1 0
github.com/corvusHold/guard/sdk/go/middleware/helpers.go:22.2,22.20 1 4
github.com/corvusHold/guard/sdk/go/middleware/helpers.go:27.50,29.16 2 4
github.com/corvusHold/guard/sdk/go/middleware/helpers.go:29.16,31.3 1 1
github.com/corvusHold/guard/sdk/go/middleware/helpers.go:32.2,33.9 2 3
github.com/corvusHold/guard/sdk/go/middleware/helpers.go:33.9,35.3 1 0
github.com/corvusHold/guard/sdk/go/middleware/helpers.go:36.2,36.22 1 3
github.com/corvusHold/guard/sdk/go/middleware/helpers.go:41.47,43.16 2 2
github.com/corvusHold/guard/sdk/go/middleware/helpers.go:43.16,45.3 1 0
github.com/corvusHold/guard/sdk/go/middleware/helpers.go:46.2,47.9 2 2
github.com/corvusHold/guard/sdk/go/middleware/helpers.go:47.9,49.3 1 0
github.com/corvusHold/guard/sdk/go/middleware/helpers.go:50.2,50.19 1 2
github.com/corvusHold/guard/sdk/go/middleware/helpers.go:55.49,57.16 2 2
github.com/corvusHold/guard/sdk/go/middleware/helpers.go:57.16,59.3 1 0
github.com/corvusHold/guard/sdk/go/middleware/helpers.go:60.2,61.9 2 2
github.com/corvusHold/guard/sdk/go/middleware/helpers.go:61.9,63.3 1 0
github.com/corvusHold/guard/sdk/go/middleware/helpers.go:64.2,64.19 1 2
github.com/corvusHold/guard/sdk/go/middleware/helpers.go:69.75,71.16 2 9
github.com/corvusHold/guard/sdk/go/middleware/helpers.go:71.16,73.3 1 1
github.com/corvusHold/guard/sdk/go/middleware/helpers.go:74.2,75.9 2 8
github.com/corvusHold/guard/sdk/go/middleware/helpers.go:75.9,77.3 1 0
github.com/corvusHold/guard/sdk/go/middleware/helpers.go:78.2,78.27 1 8
github.com/corvusHold/guard/sdk/go/middleware/rbac.go:31.70,32.54 1 8
github.com/corvusHold/guard/sdk/go/middleware/rbac.go:32.54,33.37 1 8
github.com/corvusHold/guard/sdk/go/middleware/rbac.go:33.37,36.18 2 8
github.com/corvusHold/guard/sdk/go/middleware/rbac.go:36.18,38.5 1 1
github.com/corvusHold/guard/sdk/go/middleware/rbac.go:41.4,42.34 2 7
github.com/corvusHold/guard/sdk/go/middleware/rbac.go:42.34,44.5 1 6
github.com/corvusHold/guard/sdk/go/middleware/rbac.go:47.4,48.32 2 7
github.com/corvusHold/guard/sdk/go/middleware/rbac.go:48.32,50.5 1 7
github.com/corvusHold/guard/sdk/go/middleware/rbac.go:53.4,53.35 1 7
github.com/corvusHold/guard/sdk/go/middleware/rbac.go:53.35,54.47 1 8
github.com/corvusHold/guard/sdk/go/middleware/rbac.go:54.47,56.6 1 4
github.com/corvusHold/guard/sdk/go/middleware/rbac.go:59.4,59.78 1 3
github.com/corvusHold/guard/sdk/go/middleware/rbac.go:72.54,74.2 1 2
github.com/corvusHold/guard/sdk/go/middleware/rbac.go:90.81,91.54 1 2
github.com/corvusHold/guard/sdk/go/middleware/rbac.go:91.54,92.37 1 2
github.com/corvusHold/guard/sdk/go/middleware/rbac.go:92.37,95.18 2 2
github.com/corvusHold/guard/sdk/go/middleware/rbac.go:95.18,97.5 1 1
github.com/corvusHold/guard/sdk/go/middleware/rbac.go:99.4,100.18 2 1
github.com/corvusHold/guard/sdk/go/middleware/rbac.go:100.18,102.5 1 0
github.com/corvusHold/guard/sdk/go/middleware/rbac.go:107.4,108.18 2 1
github.com/corvusHold/guard/sdk/go/middleware/rbac.go:108.18,110.5 1 0
github.com/corvusHold/guard/sdk/go/middleware/rbac.go:112.4,112.22 1 1
github.com/corvusHold/guard/sdk/go/middleware/rbac.go:112.22,114.5 1 0
github.com/corvusHold/guard/sdk/go/middleware/rbac.go:116.4,116.18 1 1
github.com/corvusHold/guard/sdk/go/middleware/rbac.go:123.110,125.16 2 1
github.com/corvusHold/guard/sdk/go/middleware/rbac.go:125.16,127.3 1 0
github.com/corvusHold/guard/sdk/go/middleware/rbac.go:129.2,129.35 1 1
github.com/corvusHold/guard/sdk/go/middleware/rbac.go:129.35,130.32 1 1
github.com/corvusHold/guard/sdk/go/middleware/rbac.go:130.32,132.4 1 1
github.com/corvusHold/guard/sdk/go/middleware/rbac.go:135.2,135.19 1 0
github.com/corvusHold/guard/sdk/go/api.gen.go:1629.70,1635.25 2 39
github.com/corvusHold/guard/sdk/go/api.gen.go:1635.25,1636.36 1 42
github.com/corvusHold/guard/sdk/go/api.gen.go:1636.36,1638.4 1 0
github.com/corvusHold/guard/sdk/go/api.gen.go:1641.2,1641.44 1 39
github.com/corvusHold/guard/sdk/go/api.gen.go:1641.44,1643.3 1 39
github.com/corvusHold/guard/sdk/go/api.gen.go:1645.2,1645.26 1 39
github.com/corvusHold/guard/sdk/go/api.gen.go:1645.26,1647.3 1 36
github.com/corvusHold/guard/sdk/go/api.gen.go:1648.2,1648.21 1 39
github.com/corvusHold/guard/sdk/go/api.gen.go:1653.56,1654.31 1 3
github.com/corvusHold/guard/sdk/go/api.gen.go:1654.31,1657.3 2 3
github.com/corvusHold/guard/sdk/go/api.gen.go:1662.59,1663.31 1 39
github.com/corvusHold/guard/sdk/go/api.gen.go:1663.31,1666.3 2 39
github.com/corvusHold/guard/sdk/go/api.gen.go:2110.131,2112.16 2 0
github.com/corvusHold/guard/sdk/go/api.gen.go:2112.16,2114.3 1 0
github.com/corvusHold/guard/sdk/go/api.gen.go:2115.2,2116.61 2 0
github.com/corvusHold/guard/sdk/go/api.gen.go:2116.61,2118.3 1 0
github.com/corvusHold/guard/sdk/go/api.gen.go:2119.2,2119.25 1 0
github.com/corvusHold/guard/sdk/go/api.gen.go:2122.151,2124.16 2 0
github.com/corvusHold/guard/sdk/go/api.gen.go:2124.16,2126.3 1 0
github.com/corvusHold/guard/sdk/go/api.gen.go:2127.2,2128.61 2 0
github.com/corvusHold/guard/sdk/go/api.gen.go:2128.61,2130.3 1 0
github.com/corvusHold/guard/sdk/go/api.gen.go:2131.2,2131.25 1 0
github.com/corvusHold/guard/sdk/go/api.gen.go:2134.160,2136.16 2 0
github.com/corvusHold/guard/sdk/go/api.gen.go:2136.16,2138.3 1 0
github.com/corvusHold/guard/sdk/go/api.gen.go:2139.2,2140.61 2 0
github.com/corvusHold/guard/sdk/go/api.gen.go:2140.61,2142.3 1 0
github.com/corvusHold/guard/sdk/go/api.gen.go:2143.2,2143.25 1 0
github.com/corvusHold/guard/sdk/go/api.gen.go:2146.159,2148.16 2 0
github.com/corvusHold/guard/sdk/go/api.gen.go:2148.16,2150.3 1 0
github.com/corvusHold/guard/sdk/go/api.gen.go:2151.2,2152.61 2 0
github.com/corvusHold/guard/sdk/go/api.gen.go:2152.61,2154.3 1 0
github.com/corvusHold/guard/sdk/go/api.gen.go:2155.2,2155.25 1 0
github.com/corvusHold/guard/sdk/go/api.gen.go:2158.131,2160.16 2 0
github.com/corvusHold/guard/sdk/go/api.gen.go:2160.16,2162.3 1 0
github.com/corvusHold/guard/sdk/go/api.gen.go:2163.2,2164.61 2 0
github.com/corvusHold/guard/sdk/go/api.gen.go:2164.61,2166.3 1 0
github.com/corvusHold/guard/sdk/go/api.gen.go:2167.2,2167.25 1 0
github.com/corvusHold/guard/sdk/go/api.gen.go:2170.128,2172.16 2 0
github.com/corvusHold/guard/sdk/go/api.gen.go:2172.16,2174.3 1 0
github.com/corvusHold/guard/sdk/go/api.gen.go:2175.2,2176.61 2 0
github.com/corvusHold/guard/sdk/go/api.gen.go:2176.61,2178.3 1 0
github.com/corvusHold/guard/sdk/go/api.gen.go:2179.2,2179.25 1 0
github.com/corvusHold/guard/sdk/go/api.gen.go:2182.172,2184.16 2 0
github.com/corvusHold/guard/sdk/go/api.gen.go:2184.16,2186.3 1 0
github.com/corvusHold/guard/sdk/go/api.gen.go:2187.2,2188.61 2 0
github.com/corvusHold/guard/sdk/go/api.gen.go:2188.61,2190.3 1 0
github.com/corvusHold/guard/sdk/go/api.gen.go:2191.2,2191.25 1 0
github.com/corvusHold/guard/sdk/go/api.gen.go:2194.172,2196.16 2 0
github.com/corvusHold/guard/sdk/go/api.gen.go:2196.16,2198.3 1 0
github.com/corvusHold/guard/sdk/go/api.gen.go:2199.2,2200.61 2 0
github.com/corvusHold/guard/sdk/go/api.gen.go:2200.61,2202.3 1 0
github.com/corvusHold/guard/sdk/go/api.gen.go:2203.2,2203.25 1 0
github.com/corvusHold/guard/sdk/go/api.gen.go:2206.119,2208.16 2 0
github.com/corvusHold/guard/sdk/go/api.gen.go:2208.16,2210.3 1 0
github.com/corvusHold/guard/sdk/go/api.gen.go:2211.2,2212.61 2 0
github.com/corvusHold/guard/sdk/go/api.gen.go:2212.61,2214.3 1 0
github.com/corvusHold/guard/sdk/go/api.gen.go:2215.2,2215.25 1 0
github.com/corvusHold/guard/sdk/go/api.gen.go:2218.164,2220.16 2 0
github.com/corvusHold/guard/sdk/go/api.gen.go:2220.16,2222.3 1 0
github.com/corvusHold/guard/sdk/go/api.gen.go:2223.2,2224.61 2 0
github.com/corvusHold/guard/sdk/go/api.gen.go:2224.61,2226.3 1 0
github.com/corvusHold/guard/sdk/go/api.gen.go:2227.2,2227.25 1 0
github.com/corvusHold/guard/sdk/go/api.gen.go:2230.167,2232.16 2 0
github.com/corvusHold/guard/sdk/go/api.gen.go:2232.16,2234.3 1 0
github.com/corvusHold/guard/sdk/go/api.gen.go:2235.2,2236.61 2 0
github.com/corvusHold/guard/sdk/go/api.gen.go:2236.61,2238.3 1 0
github.com/corvusHold/guard/sdk/go/api.gen.go:2239.2,2239.25 1 0
github.com/corvusHold/guard/sdk/go/api.gen.go:2242.139,2244.16 2 0
github.com/corvusHold/guard/sdk/go/api.gen.go:2244.16,2246.3 1 0
github.com/corvusHold/guard/sdk/go/api.gen.go:2247.2,2248.61 2 0
github.com/corvusHold/guard/sdk/go/api.gen.go:2248.61,2250.3 1 0
github.com/corvusHold/guard/sdk/go/api.gen.go:2251.2,2251.25 1 0
github.com/corvusHold/guard/sdk/go/api.gen.go:2254.175,2256.16 2 0
github.com/corvusHold/guard/sdk/go/api.gen.go:2256.16,2258.3 1 0
github.com/corvusHold/guard/sdk/go/api.gen.go:2259.2,2260.61 2 0
github.com/corvusHold/guard/sdk/go/api.gen.go:2260.61,2262.3 1 0
github.com/corvusHold/guard/sdk/go/api.gen.go:2263.2,2263.25 1 0
github.com/corvusHold/guard/sdk/go/api.gen.go:2266.172,2268.16 2 0
github.com/corvusHold/guard/sdk/go/api.gen.go:2268.16,2270.3 1 0
github.com/corvusHold/guard/sdk/go/api.gen.go:2271.2,2272.61 2 0
github.com/corvusHold/guard/sdk/go/api.gen.go:2272.61,2274.3 1 0
github.com/corvusHold/guard/sdk/go/api.gen.go:2275.2,2275.25 1 0
github.com/corvusHold/guard/sdk/go/api.gen.go:2278.177,2280.16 2 0
github.com/corvusHold/guard/sdk/go/api.gen.go:2280.16,2282.3 1 0
github.com/corvusHold/guard/sdk/go/api.gen.go:2283.2,2284.61 2 0
github.com/corvusHold/guard/sdk/go/api.gen.go:2284.61,2286.3 1 0
github.com/corvusHold/guard/sdk/go/api.gen.go:2287.2,2287.25 1 0
github.com/corvusHold/guard/sdk/go/api.gen.go:2290.171,2292.16 2 0
github.com/corvusHold/guard/sdk/go/api.gen.go:2292.16,2294.3 1 0
github.com/corvusHold/guard/sdk/go/api.gen.go:2295.2,2296.61 2 0
github.com/corvusHold/guard/sdk/go/api.gen.go:2296.61,2298.3 1 0
github.com/corvusHold/guard/sdk/go/api.gen.go:2299.2,2299.25 1 0
github.com/corvusHold/guard/sdk/go/api.gen.go:2302.181,2304.16 2 1
github.com/corvusHold/guard/sdk/go/api.gen.go:2304.16,2306.3 1 0
github.com/corvusHold/guard/sdk/go/api.gen.go:2307.2,2308.61 2 1
github.com/corvusHold/guard/sdk/go/api.gen.go:2308.61,2310.3 1 0
github.com/corvusHold/guard/sdk/go/api.gen.go:2311.2,2311.25 1 1
github.com/corvusHold/guard/sdk/go/api.gen.go:2314.169,2316.16 2 0
github.com/corvusHold/guard/sdk/go/api.gen.go:2316.16,2318.3 1 0
github.com/corvusHold/guard/sdk/go/api.gen.go:2319.2,2320.61 2 0
github.com/corvusHold/guard/sdk/go/api.gen.go:2320.61,2322.3 1 0
github.com/corvusHold/guard/sdk/go/api.gen.go:2323.2,2323.25 1 0
github.com/corvusHold/guard/sdk/go/api.gen.go:2326.177,2328.16 2 2
github.com/corvusHold/guard/sdk/go/api.gen.go:2328.16,2330.3 1 0
github.com/corvusHold/guard/sdk/go/api.gen.go:2331.2,2332.61 2 2
github.com/corvusHold/guard/sdk/go/api.gen.go:2332.61,2334.3 1 0
github.com/corvusHold/guard/sdk/go/api.gen.go:2335.2,2335.25 1 2
github.com/corvusHold/guard/sdk/go/api.gen.go:2338.163,2340.16 2 2
github.com/corvusHold/guard/sdk/go/api.gen.go:2340.16,2342.3 1 0
github.com/corvusHold/guard/sdk/go/api.gen.go:2343.2,2344.61 2 2
github.com/corvusHold/guard/sdk/go/api.gen.go:2344.61,2346.3 1 0
github.com/corvusHold/guard/sdk/go/api.gen.go:2347.2,2347.25 1 2
github.com/corvusHold/guard/sdk/go/api.gen.go:2350.166,2352.16 2 0
github.com/corvusHold/guard/sdk/go/api.gen.go:2352.16,2354.3 1 0
github.com/corvusHold/guard/sdk/go/api.gen.go:2355.2,2356.61 2 0
github.com/corvusHold/guard/sdk/go/api.gen.go:2356.61,2358.3 1 0
github.com/corvusHold/guard/sdk/go/api.gen.go:2359.2,2359.25 1 0
github.com/corvusHold/guard/sdk/go/api.gen.go:2362.171,2364.16 2 1
github.com/corvusHold/guard/sdk/go/api.gen.go:2364.16,2366.3 1 0
github.com/corvusHold/guard/sdk/go/api.gen.go:2367.2,2368.61 2 1
github.com/corvusHold/guard/sdk/go/api.gen.go:2368.61,2370.3 1 0
github.com/corvusHold/guard/sdk/go/api.gen.go:2371.2,2371.25 1 1
github.com/corvusHold/guard/sdk/go/api.gen.go:2374.184,2376.16 2 1
github.com/corvusHold/guard/sdk/go/api.gen.go:2376.16,2378.3 1 0
github.com/corvusHold/guard/sdk/go/api.gen.go:2379.2,2380.61 2 1
github.com/corvusHold/guard/sdk/go/api.gen.go:2380.61,2382.3 1 0
github.com/corvusHold/guard/sdk/go/api.gen.go:2383.2,2383.25 1 1
github.com/corvusHold/guard/sdk/go/api.gen.go:2386.188,2388.16 2 0
github.com/corvusHold/guard/sdk/go/api.gen.go:2388.16,2390.3 1 0
github.com/corvusHold/guard/sdk/go/api.gen.go:2391.2,2392.61 2 0
github.com/corvusHold/guard/sdk/go/api.gen.go:2392.61,2394.3 1 0
github.com/corvusHold/guard/sdk/go/api.gen.go:2395.2,2395.25 1 0
github.com/corvusHold/guard/sdk/go/api.gen.go:2398.204,2400.16 2 2
github.com/corvusHold/guard/sdk/go/api.gen.go:2400.16,2402.3 1 0
github.com/corvusHold/guard/sdk/go/api.gen.go:2403.2,2404.61 2 2
github.com/corvusHold/guard/sdk/go/api.gen.go:2404.61,2406.3 1 0
github.com/corvusHold/guard/sdk/go/api.gen.go:2407.2,2407.25 1 2
github.com/corvusHold/guard/sdk/go/api.gen.go:2410.186,2412.16 2 0
github.com/corvusHold/guard/sdk/go/api.gen.go:2412.16,2414.3 1 0
github.com/corvusHold/guard/sdk/go/api.gen.go:2415.2,2416.61 2 0
github.com/corvusHold/guard/sdk/go/api.gen.go:2416.61,2418.3 1 0
github.com/corvusHold/guard/sdk/go/api.gen.go:2419.2,2419.25 1 0
github.com/corvusHold/guard/sdk/go/api.gen.go:2422.200,2424.16 2 2
github.com/corvusHold/guard/sdk/go/api.gen.go:2424.16,2426.3 1 0
github.com/corvusHold/guard/sdk/go/api.gen.go:2427.2,2428.61 2 2
github.com/corvusHold/guard/sdk/go/api.gen.go:2428.61,2430.3 1 0
github.com/corvusHold/guard/sdk/go/api.gen.go:2431.2,2431.25 1 2
github.com/corvusHold/guard/sdk/go/api.gen.go:2434.167,2436.16 2 0
github.com/corvusHold/guard/sdk/go/api.gen.go:2436.16,2438.3 1 0
github.com/corvusHold/guard/sdk/go/api.gen.go:2439.2,2440.61 2 0
github.com/corvusHold/guard/sdk/go/api.gen.go:2440.61,2442.3 1 0
github.com/corvusHold/guard/sdk/go/api.gen.go:2443.2,2443.25 1 0
github.com/corvusHold/guard/sdk/go/api.gen.go:2446.168,2448.16 2 0
github.com/corvusHold/guard/sdk/go/api.gen.go:2448.16,2450.3 1 0
github.com/corvusHold/guard/sdk/go/api.gen.go:2451.2,2452.61 2 0
github.com/corvusHold/guard/sdk/go/api.gen.go:2452.61,2454.3 1 0
github.com/corvusHold/guard/sdk/go/api.gen.go:2455.2,2455.25 1 0
github.com/corvusHold/guard/sdk/go/api.gen.go:2458.175,2460.16 2 0
github.com/corvusHold/guard/sdk/go/api.gen.go:2460.16,2462.3 1 0
github.com/corvusHold/guard/sdk/go/api.gen.go:2463.2,2464.61 2 0
github.com/corvusHold/guard/sdk/go/api.gen.go:2464.61,2466.3 1 0
github.com/corvusHold/guard/sdk/go/api.gen.go:2467.2,2467.25 1 0
github.com/corvusHold/guard/sdk/go/api.gen.go:2470.139,2472.16 2 0
github.com/corvusHold/guard/sdk/go/api.gen.go:2472.16,2474.3 1 0
github.com/corvusHold/guard/sdk/go/api.gen.go:2475.2,2476.61 2 0
github.com/corvusHold/guard/sdk/go/api.gen.go:2476.61,2478.3 1 0
github.com/corvusHold/guard/sdk/go/api.gen.go:2479.2,2479.25 1 0
github.com/corvusHold/guard/sdk/go/api.gen.go:2482.143,2484.16 2 0
github.com/corvusHold/guard/sdk/go/api.gen.go:2484.16,2486.3 1 0
github.com/corvusHold/guard/sdk/go/api.gen.go:2487.2,2488.61 2 0
github.com/corvusHold/guard/sdk/go/api.gen.go:2488.61,2490.3 1 0
github.com/corvusHold/guard/sdk/go/api.gen.go:2491.2,2491.25 1 0
github.com/corvusHold/guard/sdk/go/api.gen.go:2494.124,2496.16 2 0
github.com/corvusHold/guard/sdk/go/api.gen.go:2496.16,2498.3 1 0
github.com/corvusHold/guard/sdk/go/api.gen.go:2499.2,2500.61 2 0
github.com/corvusHold/guard/sdk/go/api.gen.go:2500.61,2502.3 1 0
github.com/corvusHold/guard/sdk/go/api.gen.go:2503.2,2503.25 1 0
github.com/corvusHold/guard/sdk/go/api.gen.go:2506.169,2508.16 2 0
github.com/corvusHold/guard/sdk/go/api.gen.go:2508.16,2510.3 1 0
github.com/corvusHold/guard/sdk/go/api.gen.go:2511.2,2512.61 2 0
github.com/corvusHold/guard/sdk/go/api.gen.go:2512.61,2514.3 1 0
github.com/corvusHold/guard/sdk/go/api.gen.go:2515.2,2515.25 1 0
github.com/corvusHold/guard/sdk/go/api.gen.go:2518.177,2520.16 2 0
github.com/corvusHold/guard/sdk/go/api.gen.go:2520.16,2522.3 1 0
github.com/corvusHold/guard/sdk/go/api.gen.go:2523.2,2524.61 2 0
github.com/corvusHold/guard/sdk/go/api.gen.go:2524.61,2526.3 1 0
github.com/corvusHold/guard/sdk/go/api.gen.go:2527.2,2527.25 1 0
github.com/corvusHold/guard/sdk/go/api.gen.go:2530.140,2532.16 2 0
github.com/corvusHold/guard/sdk/go/api.gen.go:2532.16,2534.3 1 0
github.com/corvusHold/guard/sdk/go/api.gen.go:2535.2,2536.61 2 0
github.com/corvusHold/guard/sdk/go/api.gen.go:2536.61,2538.3 1 0
github.com/corvusHold/guard/sdk/go/api.gen.go:2539.2,2539.25 1 0
github.com/corvusHold/guard/sdk/go/api.gen.go:2542.137,2544.16 2 0
github.com/corvusHold/guard/sdk/go/api.gen.go:2544.16,2546.3 1 0
github.com/corvusHold/guard/sdk/go/api.gen.go:2547.2,2548.61 2 0
github.com/corvusHold/guard/sdk/go/api.gen.go:2548.61,2550.3 1 0
github.com/corvusHold/guard/sdk/go/api.gen.go:2551.2,2551.25 1 0
github.com/corvusHold/guard/sdk/go/api.gen.go:2554.183,2556.16 2 0
github.com/corvusHold/guard/sdk/go/api.gen.go:2556.16,2558.3 1 0
github.com/corvusHold/guard/sdk/go/api.gen.go:2559.2,2560.61 2 0
github.com/corvusHold/guard/sdk/go/api.gen.go:2560.61,2562.3 1 0
github.com/corvusHold/guard/sdk/go/api.gen.go:2563.2,2563.25 1 0
github.com/corvusHold/guard/sdk/go/api.gen.go:2566.194,2568.16 2 0
github.com/corvusHold/guard/sdk/go/api.gen.go:2568.16,2570.3 1 0
github.com/corvusHold/guard/sdk/go/api.gen.go:2571.2,2572.61 2 0
github.com/corvusHold/guard/sdk/go/api.gen.go:2572.61,2574.3 1 0
github.com/corvusHold/guard/sdk/go/api.gen.go:2575.2,2575.25 1 0
github.com/corvusHold/guard/sdk/go/api.gen.go:2578.179,2580.16 2 0
github.com/corvusHold/guard/sdk/go/api.gen.go:2580.16,2582.3 1 0
github.com/corvusHold/guard/sdk/go/api.gen.go:2583.2,2584.61 2 0
github.com/corvusHold/guard/sdk/go/api.gen.go:2584.61,2586.3 1 0
github.com/corvusHold/guard/sdk/go/api.gen.go:2587.2,2587.25 1 0
github.com/corvusHold/guard/sdk/go/api.gen.go:2590.125,2592.16 2 0
github.com/corvusHold/guard/sdk/go/api.gen.go:2592.16,2594.3 1 0
github.com/corvusHold/guard/sdk/go/api.gen.go:2595.2,2596.61 2 0
github.com/corvusHold/guard/sdk/go/api.gen.go:2596.61,2598.3 1 0
github.com/corvusHold/guard/sdk/go/api.gen.go:2599.2,2599.25 1 0
github.com/corvusHold/guard/sdk/go/api.gen.go:2602.175,2604.16 2 0
github.com/corvusHold/guard/sdk/go/api.gen.go:2604.16,2606.3 1 0
github.com/corvusHold/guard/sdk/go/api.gen.go:2607.2,2608.61 2 0
github.com/corvusHold/guard/sdk/go/api.gen.go:2608.61,2610.3 1 0
github.com/corvusHold/guard/sdk/go/api.gen.go:2611.2,2611.25 1 0
github.com/corvusHold/guard/sdk/go/api.gen.go:2614.183,2616.16 2 0
github.com/corvusHold/guard/sdk/go/api.gen.go:2616.16,2618.3 1 0
github.com/corvusHold/guard/sdk/go/api.gen.go:2619.2,2620.61 2 0
github.com/corvusHold/guard/sdk/go/api.gen.go:2620.61,2622.3 1 0
github.com/corvusHold/guard/sdk/go/api.gen.go:2623.2,2623.25 1 0
github.com/corvusHold/guard/sdk/go/api.gen.go:2626.127,2628.16 2 1
github.com/corvusHold/guard/sdk/go/api.gen.go:2628.16,2630.3 1 0
github.com/corvusHold/guard/sdk/go/api.gen.go:2631.2,2632.61 2 1
github.com/corvusHold/guard/sdk/go/api.gen.go:2632.61,2634.3 1 0
github.com/corvusHold/guard/sdk/go/api.gen.go:2635.2,2635.25 1 1
github.com/corvusHold/guard/sdk/go/api.gen.go:2638.163,2640.16 2 1
github.com/corvusHold/guard/sdk/go/api.gen.go:2640.16,2642.3 1 0
github.com/corvusHold/guard/sdk/go/api.gen.go:2643.2,2644.61 2 1
github.com/corvusHold/guard/sdk/go/api.gen.go:2644.61,2646.3 1 0
github.com/corvusHold/guard/sdk/go/api.gen.go:2647.2,2647.25 1 1
github.com/corvusHold/guard/sdk/go/api.gen.go:2650.166,2652.16 2 0
github.com/corvusHold/guard/sdk/go/api.gen.go:2652.16,2654.3 1 0
github.com/corvusHold/guard/sdk/go/api.gen.go:2655.2,2656.61 2 0
github.com/corvusHold/guard/sdk/go/api.gen.go:2656.61,2658.3 1 0
github.com/corvusHold/guard/sdk/go/api.gen.go:2659.2,2659.25 1 0
github.com/corvusHold/guard/sdk/go/api.gen.go:2662.171,2664.16 2 1
github.com/corvusHold/guard/sdk/go/api.gen.go:2664.16,2666.3 1 0
github.com/corvusHold/guard/sdk/go/api.gen.go:2667.2,2668.61 2 1
github.com/corvusHold/guard/sdk/go/api.gen.go:2668.61,2670.3 1 0
github.com/corvusHold/guard/sdk/go/api.gen.go:2671.2,2671.25 1 1
github.com/corvusHold/guard/sdk/go/api.gen.go:2674.184,2676.16 2 1
github.com/corvusHold/guard/sdk/go/api.gen.go:2676.16,2678.3 1 0
github.com/corvusHold/guard/sdk/go/api.gen.go:2679.2,2680.61 2 1
github.com/corvusHold/guard/sdk/go/api.gen.go:2680.61,2682.3 1 0
github.com/corvusHold/guard/sdk/go/api.gen.go:2683.2,2683.25 1 1
github.com/corvusHold/guard/sdk/go/api.gen.go:2686.180,2688.16 2 0
github.com/corvusHold/guard/sdk/go/api.gen.go:2688.16,2690.3 1 0
github.com/corvusHold/guard/sdk/go/api.gen.go:2691.2,2692.61 2 0
github.com/corvusHold/guard/sdk/go/api.gen.go:2692.61,2694.3 1 0
github.com/corvusHold/guard/sdk/go/api.gen.go:2695.2,2695.25 1 0
github.com/corvusHold/guard/sdk/go/api.gen.go:2698.188,2700.16 2 1
github.com/corvusHold/guard/sdk/go/api.gen.go:2700.16,2702.3 1 0
github.com/corvusHold/guard/sdk/go/api.gen.go:2703.2,2704.61 2 1
github.com/corvusHold/guard/sdk/go/api.gen.go:2704.61,2706.3 1 0
github.com/corvusHold/guard/sdk/go/api.gen.go:2707.2,2707.25 1 1
github.com/corvusHold/guard/sdk/go/api.gen.go:2710.192,2712.16 2 0
github.com/corvusHold/guard/sdk/go/api.gen.go:2712.16,2714.3 1 0
github.com/corvusHold/guard/sdk/go/api.gen.go:2715.2,2716.61 2 0
github.com/corvusHold/guard/sdk/go/api.gen.go:2716.61,2718.3 1 0
github.com/corvusHold/guard/sdk/go/api.gen.go:2719.2,2719.25 1 0
github.com/corvusHold/guard/sdk/go/api.gen.go:2722.212,2724.16 2 1
github.com/corvusHold/guard/sdk/go/api.gen.go:2724.16,2726.3 1 0
github.com/corvusHold/guard/sdk/go/api.gen.go:2727.2,2728.61 2 1
github.com/corvusHold/guard/sdk/go/api.gen.go:2728.61,2730.3 1 0
github.com/corvusHold/guard/sdk/go/api.gen.go:2731.2,2731.25 1 1
github.com/corvusHold/guard/sdk/go/api.gen.go:2734.190,2736.16 2 0
github.com/corvusHold/guard/sdk/go/api.gen.go:2736.16,2738.3 1 0
github.com/corvusHold/guard/sdk/go/api.gen.go:2739.2,2740.61 2 0
github.com/corvusHold/guard/sdk/go/api.gen.go:2740.61,2742.3 1 0
github.com/corvusHold/guard/sdk/go/api.gen.go:2743.2,2743.25 1 0
github.com/corvusHold/guard/sdk/go/api.gen.go:2746.208,2748.16 2 1
github.com/corvusHold/guard/sdk/go/api.gen.go:2748.16,2750.3 1 0
github.com/corvusHold/guard/sdk/go/api.gen.go:2751.2,2752.61 2 1
github.com/corvusHold/guard/sdk/go/api.gen.go:2752.61,2754.3 1 0
github.com/corvusHold/guard/sdk/go/api.gen.go:2755.2,2755.25 1 1
github.com/corvusHold/guard/sdk/go/api.gen.go:2758.214,2760.16 2 1
github.com/corvusHold/guard/sdk/go/api.gen.go:2760.16,2762.3 1 0
github.com/corvusHold/guard/sdk/go/api.gen.go:2763.2,2764.61 2 1
github.com/corvusHold/guard/sdk/go/api.gen.go:2764.61,2766.3 1 0
github.com/corvusHold/guard/sdk/go/api.gen.go:2767.2,2767.25 1 1
github.com/corvusHold/guard/sdk/go/api.gen.go:2770.186,2772.16 2 0
github.com/corvusHold/guard/sdk/go/api.gen.go:2772.16,2774.3 1 0
github.com/corvusHold/guard/sdk/go/api.gen.go:2775.2,2776.61 2 0
github.com/corvusHold/guard/sdk/go/api.gen.go:2776.61,2778.3 1 0
github.com/corvusHold/guard/sdk/go/api.gen.go:2779.2,2779.25 1 0
github.com/corvusHold/guard/sdk/go/api.gen.go:2782.200,2784.16 2 2
github.com/corvusHold/guard/sdk/go/api.gen.go:2784.16,2786.3 1 0
github.com/corvusHold/guard/sdk/go/api.gen.go:2787.2,2788.61 2 2
github.com/corvusHold/guard/sdk/go/api.gen.go:2788.61,2790.3 1 0
github.com/corvusHold/guard/sdk/go/api.gen.go:2791.2,2791.25 1 2
github.com/corvusHold/guard/sdk/go/api.gen.go:2794.188,2796.16 2 2
github.com/corvusHold/guard/sdk/go/api.gen.go:2796.16,2798.3 1 0
github.com/corvusHold/guard/sdk/go/api.gen.go:2799.2,2800.61 2 2
github.com/corvusHold/guard/sdk/go/api.gen.go:2800.61,2802.3 1 0
github.com/corvusHold/guard/sdk/go/api.gen.go:2803.2,2803.25 1 2
github.com/corvusHold/guard/sdk/go/api.gen.go:2806.184,2808.16 2 0
github.com/corvusHold/guard/sdk/go/api.gen.go:2808.16,2810.3 1 0
github.com/corvusHold/guard/sdk/go/api.gen.go:2811.2,2812.61 2 0
github.com/corvusHold/guard/sdk/go/api.gen.go:2812.61,2814.3 1 0
github.com/corvusHold/guard/sdk/go/api.gen.go:2815.2,2815.25 1 0
github.com/corvusHold/guard/sdk/go/api.gen.go:2818.196,2820.16 2 4
github.com/corvusHold/guard/sdk/go/api.gen.go:2820.16,2822.3 1 0
github.com/corvusHold/guard/sdk/go/api.gen.go:2823.2,2824.61 2 4
github.com/corvusHold/guard/sdk/go/api.gen.go:2824.61,2826.3 1 0
github.com/corvusHold/guard/sdk/go/api.gen.go:2827.2,2827.25 1 4
github.com/corvusHold/guard/sdk/go/api.gen.go:2830.155,2832.16 2 1
github.com/corvusHold/guard/sdk/go/api.gen.go:2832.16,2834.3 1 0
github.com/corvusHold/guard/sdk/go/api.gen.go:2835.2,2836.61 2 1
github.com/corvusHold/guard/sdk/go/api.gen.go:2836.61,2838.3 1 0
github.com/corvusHold/guard/sdk/go/api.gen.go:2839.2,2839.25 1 1
github.com/corvusHold/guard/sdk/go/api.gen.go:2842.162,2844.16 2 0
github.com/corvusHold/guard/sdk/go/api.gen.go:2844.16,2846.3 1 0
github.com/corvusHold/guard/sdk/go/api.gen.go:2847.2,2848.61 2 0
github.com/corvusHold/guard/sdk/go/api.gen.go:2848.61,2850.3 1 0
github.com/corvusHold/guard/sdk/go/api.gen.go:2851.2,2851.25 1 0
github.com/corvusHold/guard/sdk/go/api.gen.go:2854.163,2856.16 2 0
github.com/corvusHold/guard/sdk/go/api.gen.go:2856.16,2858.3 1 0
github.com/corvusHold/guard/sdk/go/api.gen.go:2859.2,2860.61 2 0
github.com/corvusHold/guard/sdk/go/api.gen.go:2860.61,2862.3 1 0
github.com/corvusHold/guard/sdk/go/api.gen.go:2863.2,2863.25 1 0
github.com/corvusHold/guard/sdk/go/api.gen.go:2866.176,2868.16 2 0
github.com/corvusHold/guard/sdk/go/api.gen.go:2868.16,2870.3 1 0
github.com/corvusHold/guard/sdk/go/api.gen.go:2871.2,2872.61 2 0
github.com/corvusHold/guard/sdk/go/api.gen.go:2872.61,2874.3 1 0
github.com/corvusHold/guard/sdk/go/api.gen.go:2875.2,2875.25 1 0
github.com/corvusHold/guard/sdk/go/api.gen.go:2878.180,2880.16 2 1
github.com/corvusHold/guard/sdk/go/api.gen.go:2880.16,2882.3 1 0
github.com/corvusHold/guard/sdk/go/api.gen.go:2883.2,2884.61 2 1
github.com/corvusHold/guard/sdk/go/api.gen.go:2884.61,2886.3 1 0
github.com/corvusHold/guard/sdk/go/api.gen.go:2887.2,2887.25 1 1
github.com/corvusHold/guard/sdk/go/api.gen.go:2890.136,2892.16 2 1
github.com/corvusHold/guard/sdk/go/api.gen.go:2892.16,2894.3 1 0
github.com/corvusHold/guard/sdk/go/api.gen.go:2895.2,2896.61 2 1
github.com/corvusHold/guard/sdk/go/api.gen.go:2896.61,2898.3 1 0
github.com/corvusHold/guard/sdk/go/api.gen.go:2899.2,2899.25 1 1
github.com/corvusHold/guard/sdk/go/api.gen.go:2902.180,2904.16 2 0
github.com/corvusHold/guard/sdk/go/api.gen.go:2904.16,2906.3 1 0
github.com/corvusHold/guard/sdk/go/api.gen.go:2907.2,2908.61 2 0
github.com/corvusHold/guard/sdk/go/api.gen.go:2908.61,2910.3 1 0
github.com/corvusHold/guard/sdk/go/api.gen.go:2911.2,2911.25 1 0
github.com/corvusHold/guard/sdk/go/api.gen.go:2914.188,2916.16 2 0
github.com/corvusHold/guard/sdk/go/api.gen.go:2916.16,2918.3 1 0
github.com/corvusHold/guard/sdk/go/api.gen.go:2919.2,2920.61 2 0
github.com/corvusHold/guard/sdk/go/api.gen.go:2920.61,2922.3 1 0
github.com/corvusHold/guard/sdk/go/api.gen.go:2923.2,2923.25 1 0
github.com/corvusHold/guard/sdk/go/api.gen.go:2926.138,2928.16 2 1
github.com/corvusHold/guard/sdk/go/api.gen.go:2928.16,2930.3 1 0
github.com/corvusHold/guard/sdk/go/api.gen.go:2931.2,2932.61 2 1
github.com/corvusHold/guard/sdk/go/api.gen.go:2932.61,2934.3 1 0
github.com/corvusHold/guard/sdk/go/api.gen.go:2935.2,2935.25 1 1
github.com/corvusHold/guard/sdk/go/api.gen.go:2938.144,2940.16 2 0
github.com/corvusHold/guard/sdk/go/api.gen.go:2940.16,2942.3 1 0
github.com/corvusHold/guard/sdk/go/api.gen.go:2943.2,2944.61 2 0
github.com/corvusHold/guard/sdk/go/api.gen.go:2944.61,2946.3 1 0
github.com/corvusHold/guard/sdk/go/api.gen.go:2947.2,2947.25 1 0
github.com/corvusHold/guard/sdk/go/api.gen.go:2950.142,2952.16 2 0
github.com/corvusHold/guard/sdk/go/api.gen.go:2952.16,2954.3 1 0
github.com/corvusHold/guard/sdk/go/api.gen.go:2955.2,2956.61 2 0
github.com/corvusHold/guard/sdk/go/api.gen.go:2956.61,2958.3 1 0
github.com/corvusHold/guard/sdk/go/api.gen.go:2959.2,2959.25 1 0
github.com/corvusHold/guard/sdk/go/api.gen.go:2962.161,2964.16 2 0
github.com/corvusHold/guard/sdk/go/api.gen.go:2964.16,2966.3 1 0
github.com/corvusHold/guard/sdk/go/api.gen.go:2967.2,2968.61 2 0
github.com/corvusHold/guard/sdk/go/api.gen.go:2968.61,2970.3 1 0
github.com/corvusHold/guard/sdk/go/api.gen.go:2971.2,2971.25 1 0
github.com/corvusHold/guard/sdk/go/api.gen.go:2974.161,2976.16 2 1
github.com/corvusHold/guard/sdk/go/api.gen.go:2976.16,2978.3 1 0
github.com/corvusHold/guard/sdk/go/api.gen.go:2979.2,2980.61 2 1
github.com/corvusHold/guard/sdk/go/api.gen.go:2980.61,2982.3 1 0
github.com/corvusHold/guard/sdk/go/api.gen.go:2983.2,2983.25 1 1
github.com/corvusHold/guard/sdk/go/api.gen.go:2986.165,2988.16 2 0
github.com/corvusHold/guard/sdk/go/api.gen.go:2988.16,2990.3 1 0
github.com/corvusHold/guard/sdk/go/api.gen.go:2991.2,2992.61 2 0
github.com/corvusHold/guard/sdk/go/api.gen.go:2992.61,2994.3 1 0
github.com/corvusHold/guard/sdk/go/api.gen.go:2995.2,2995.25 1 0
github.com/corvusHold/guard/sdk/go/api.gen.go:2998.169,3000.16 2 0
github.com/corvusHold/guard/sdk/go/api.gen.go:3000.16,3002.3 1 0
github.com/corvusHold/guard/sdk/go/api.gen.go:3003.2,3004.61 2 0
github.com/corvusHold/guard/sdk/go/api.gen.go:3004.61,3006.3 1 0
github.com/corvusHold/guard/sdk/go/api.gen.go:3007.2,3007.25 1 0
github.com/corvusHold/guard/sdk/go/api.gen.go:3010.162,3012.16 2 0
github.com/corvusHold/guard/sdk/go/api.gen.go:3012.16,3014.3 1 0
github.com/corvusHold/guard/sdk/go/api.gen.go:3015.2,3016.61 2 0
github.com/corvusHold/guard/sdk/go/api.gen.go:3016.61,3018.3 1 0
github.com/corvusHold/guard/sdk/go/api.gen.go:3019.2,3019.25 1 0
github.com/corvusHold/guard/sdk/go/api.gen.go:3022.163,3024.16 2 1
github.com/corvusHold/guard/sdk/go/api.gen.go:3024.16,3026.3 1 0
github.com/corvusHold/guard/sdk/go/api.gen.go:3027.2,3028.61 2 1
github.com/corvusHold/guard/sdk/go/api.gen.go:3028.61,3030.3 1 0
github.com/corvusHold/guard/sdk/go/api.gen.go:3031.2,3031.25 1 1
github.com/corvusHold/guard/sdk/go/api.gen.go:3034.157,3036.16 2 0
github.com/corvusHold/guard/sdk/go/api.gen.go:3036.16,3038.3 1 0
github.com/corvusHold/guard/sdk/go/api.gen.go:3039.2,3040.61 2 0
github.com/corvusHold/guard/sdk/go/api.gen.go:3040.61,3042.3 1 0
github.com/corvusHold/guard/sdk/go/api.gen.go:3043.2,3043.25 1 0
github.com/corvusHold/guard/sdk/go/api.gen.go:3046.169,3048.16 2 0
github.com/corvusHold/guard/sdk/go/api.gen.go:3048.16,3050.3 1 0
github.com/corvusHold/guard/sdk/go/api.gen.go:3051.2,3052.61 2 0
github.com/corvusHold/guard/sdk/go/api.gen.go:3052.61,3054.3 1 0
github.com/corvusHold/guard/sdk/go/api.gen.go:3055.2,3055.25 1 0
github.com/corvusHold/guard/sdk/go/api.gen.go:3058.177,3060.16 2 0
github.com/corvusHold/guard/sdk/go/api.gen.go:3060.16,3062.3 1 0
github.com/corvusHold/guard/sdk/go/api.gen.go:3063.2,3064.61 2 0
github.com/corvusHold/guard/sdk/go/api.gen.go:3064.61,3066.3 1 0
github.com/corvusHold/guard/sdk/go/api.gen.go:3067.2,3067.25 1 0
github.com/corvusHold/guard/sdk/go/api.gen.go:3070.159,3072.16 2 1
github.com/corvusHold/guard/sdk/go/api.gen.go:3072.16,3074.3 1 0
github.com/corvusHold/guard/sdk/go/api.gen.go:3075.2,3076.61 2 1
github.com/corvusHold/guard/sdk/go/api.gen.go:3076.61,3078.3 1 0
github.com/corvusHold/guard/sdk/go/api.gen.go:3079.2,3079.25 1 1
github.com/corvusHold/guard/sdk/go/api.gen.go:3082.158,3084.16 2 0
github.com/corvusHold/guard/sdk/go/api.gen.go:3084.16,3086.3 1 0
github.com/corvusHold/guard/sdk/go/api.gen.go:3087.2,3088.61 2 0
github.com/corvusHold/guard/sdk/go/api.gen.go:3088.61,3090.3 1 0
github.com/corvusHold/guard/sdk/go/api.gen.go:3091.2,3091.25 1 0
github.com/corvusHold/guard/sdk/go/api.gen.go:3094.155,3096.16 2 1
github.com/corvusHold/guard/sdk/go/api.gen.go:3096.16,3098.3 1 0
github.com/corvusHold/guard/sdk/go/api.gen.go:3099.2,3100.61 2 1
github.com/corvusHold/guard/sdk/go/api.gen.go:3100.61,3102.3 1 0
github.com/corvusHold/guard/sdk/go/api.gen.go:3103.2,3103.25 1 1
github.com/corvusHold/guard/sdk/go/api.gen.go:3106.161,3108.16 2 0
github.com/corvusHold/guard/sdk/go/api.gen.go:3108.16,3110.3 1 0
github.com/corvusHold/guard/sdk/go/api.gen.go:3111.2,3112.61 2 0
github.com/corvusHold/guard/sdk/go/api.gen.go:3112.61,3114.3 1 0
github.com/corvusHold/guard/sdk/go/api.gen.go:3115.2,3115.25 1 0
github.com/corvusHold/guard/sdk/go/api.gen.go:3118.161,3120.16 2 2
github.com/corvusHold/guard/sdk/go/api.gen.go:3120.16,3122.3 1 0
github.com/corvusHold/guard/sdk/go/api.gen.go:3123.2,3124.61 2 2
github.com/corvusHold/guard/sdk/go/api.gen.go:3124.61,3126.3 1 0
github.com/corvusHold/guard/sdk/go/api.gen.go:3127.2,3127.25 1 2
github.com/corvusHold/guard/sdk/go/api.gen.go:3130.201,3132.16 2 0
github.com/corvusHold/guard/sdk/go/api.gen.go:3132.16,3134.3 1 0
github.com/corvusHold/guard/sdk/go/api.gen.go:3135.2,3136.61 2 0
github.com/corvusHold/guard/sdk/go/api.gen.go:3136.61,3138.3 1 0
github.com/corvusHold/guard/sdk/go/api.gen.go:3139.2,3139.25 1 0
github.com/corvusHold/guard/sdk/go/api.gen.go:3142.202,3144.16 2 0
github.com/corvusHold/guard/sdk/go/api.gen.go:3144.16,3146.3 1 0
github.com/corvusHold/guard/sdk/go/api.gen.go:3147.2,3148.61 2 0
github.com/corvusHold/guard/sdk/go/api.gen.go:3148.61,3150.3 1 0
github.com/corvusHold/guard/sdk/go/api.gen.go:3151.2,3151.25 1 0
github.com/corvusHold/guard/sdk/go/api.gen.go:3154.203,3156.16 2 0
github.com/corvusHold/guard/sdk/go/api.gen.go:3156.16,3158.3 1 0
github.com/corvusHold/guard/sdk/go/api.gen.go:3159.2,3160.61 2 0
github.com/corvusHold/guard/sdk/go/api.gen.go:3160.61,3162.3 1 0
github.com/corvusHold/guard/sdk/go/api.gen.go:3163.2,3163.25 1 0
github.com/corvusHold/guard/sdk/go/api.gen.go:3166.205,3168.16 2 2
github.com/corvusHold/guard/sdk/go/api.gen.go:3168.16,3170.3 1 0
github.com/corvusHold/guard/sdk/go/api.gen.go:3171.2,3172.61 2 2
github.com/corvusHold/guard/sdk/go/api.gen.go:3172.61,3174.3 1 0
github.com/corvusHold/guard/sdk/go/api.gen.go:3175.2,3175.25 1 2
github.com/corvusHold/guard/sdk/go/api.gen.go:3178.139,3180.16 2 4
github.com/corvusHold/guard/sdk/go/api.gen.go:3180.16,3182.3 1 0
github.com/corvusHold/guard/sdk/go/api.gen.go:3183.2,3184.61 2 4
github.com/corvusHold/guard/sdk/go/api.gen.go:3184.61,3186.3 1 0
github.com/corvusHold/guard/sdk/go/api.gen.go:3187.2,3187.25 1 4
github.com/corvusHold/guard/sdk/go/api.gen.go:3190.168,3192.16 2 0
github.com/corvusHold/guard/sdk/go/api.gen.go:3192.16,3194.3 1 0
github.com/corvusHold/guard/sdk/go/api.gen.go:3195.2,3196.61 2 0
github.com/corvusHold/guard/sdk/go/api.gen.go:3196.61,3198.3 1 0
github.com/corvusHold/guard/sdk/go/api.gen.go:3199.2,3199.25 1 0
github.com/corvusHold/guard/sdk/go/api.gen.go:3202.175,3204.16 2 1
github.com/corvusHold/guard/sdk/go/api.gen.go:3204.16,3206.3 1 0
github.com/corvusHold/guard/sdk/go/api.gen.go:3207.2,3208.61 2 1
github.com/corvusHold/guard/sdk/go/api.gen.go:3208.61,3210.3 1 0
github.com/corvusHold/guard/sdk/go/api.gen.go:3211.2,3211.25 1 1
github.com/corvusHold/guard/sdk/go/api.gen.go:3214.121,3216.16 2 2
github.com/corvusHold/guard/sdk/go/api.gen.go:3216.16,3218.3 1 0
github.com/corvusHold/guard/sdk/go/api.gen.go:3219.2,3220.61 2 2
github.com/corvusHold/guard/sdk/go/api.gen.go:3220.61,3222.3 1 0
github.com/corvusHold/guard/sdk/go/api.gen.go:3223.2,3223.25 1 2
github.com/corvusHold/guard/sdk/go/api.gen.go:3226.169,3228.16 2 0
github.com/corvusHold/guard/sdk/go/api.gen.go:3228.16,3230.3 1 0
github.com/corvusHold/guard/sdk/go/api.gen.go:3231.2,3232.61 2 0
github.com/corvusHold/guard/sdk/go/api.gen.go:3232.61,3234.3 1 0
github.com/corvusHold/guard/sdk/go/api.gen.go:3235.2,3235.25 1 0
github.com/corvusHold/guard/sdk/go/api.gen.go:3238.177,3240.16 2 1
github.com/corvusHold/guard/sdk/go/api.gen.go:3240.16,3242.3 1 0
github.com/corvusHold/guard/sdk/go/api.gen.go:3243.2,3244.61 2 1
github.com/corvusHold/guard/sdk/go/api.gen.go:3244.61,3246.3 1 0
github.com/corvusHold/guard/sdk/go/api.gen.go:3247.2,3247.25 1 1
github.com/corvusHold/guard/sdk/go/api.gen.go:3250.167,3252.16 2 0
github.com/corvusHold/guard/sdk/go/api.gen.go:3252.16,3254.3 1 0
github.com/corvusHold/guard/sdk/go/api.gen.go:3255.2,3256.61 2 0
github.com/corvusHold/guard/sdk/go/api.gen.go:3256.61,3258.3 1 0
github.com/corvusHold/guard/sdk/go/api.gen.go:3259.2,3259.25 1 0
github.com/corvusHold/guard/sdk/go/api.gen.go:3262.173,3264.16 2 1
github.com/corvusHold/guard/sdk/go/api.gen.go:3264.16,3266.3 1 0
github.com/corvusHold/guard/sdk/go/api.gen.go:3267.2,3268.61 2 1
github.com/corvusHold/guard/sdk/go/api.gen.go:3268.61,3270.3 1 0
github.com/corvusHold/guard/sdk/go/api.gen.go:3271.2,3271.25 1 1
github.com/corvusHold/guard/sdk/go/api.gen.go:3274.122,3276.16 2 1
github.com/corvusHold/guard/sdk/go/api.gen.go:3276.16,3278.3 1 0
github.com/corvusHold/guard/sdk/go/api.gen.go:3279.2,3280.61 2 1
github.com/corvusHold/guard/sdk/go/api.gen.go:3280.61,3282.3 1 0
github.com/corvusHold/guard/sdk/go/api.gen.go:3283.2,3283.25 1 1
github.com/corvusHold/guard/sdk/go/api.gen.go:3286.120,3288.16 2 1
github.com/corvusHold/guard/sdk/go/api.gen.go:3288.16,3290.3 1 0
github.com/corvusHold/guard/sdk/go/api.gen.go:3291.2,3292.61 2 1
github.com/corvusHold/guard/sdk/go/api.gen.go:3292.61,3294.3 1 0
github.com/corvusHold/guard/sdk/go/api.gen.go:3295.2,3295.25 1 1
github.com/corvusHold/guard/sdk/go/api.gen.go:3298.199,3300.16 2 0
github.com/corvusHold/guard/sdk/go/api.gen.go:3300.16,3302.3 1 0
github.com/corvusHold/guard/sdk/go/api.gen.go:3303.2,3304.61 2 0
github.com/corvusHold/guard/sdk/go/api.gen.go:3304.61,3306.3 1 0
github.com/corvusHold/guard/sdk/go/api.gen.go:3307.2,3307.25 1 0
github.com/corvusHold/guard/sdk/go/api.gen.go:3310.199,3312.16 2 1
github.com/corvusHold/guard/sdk/go/api.gen.go:3312.16,3314.3 1 0
github.com/corvusHold/guard/sdk/go/api.gen.go:3315.2,3316.61 2 1
github.com/corvusHold/guard/sdk/go/api.gen.go:3316.61,3318.3 1 0
github.com/corvusHold/guard/sdk/go/api.gen.go:3319.2,3319.25 1 1
github.com/corvusHold/guard/sdk/go/api.gen.go:3322.166,3324.16 2 0
github.com/corvusHold/guard/sdk/go/api.gen.go:3324.16,3326.3 1 0
github.com/corvusHold/guard/sdk/go/api.gen.go:3327.2,3328.61 2 0
github.com/corvusHold/guard/sdk/go/api.gen.go:3328.61,3330.3 1 0
github.com/corvusHold/guard/sdk/go/api.gen.go:3331.2,3331.25 1 0
github.com/corvusHold/guard/sdk/go/api.gen.go:3334.171,3336.16 2 0
github.com/corvusHold/guard/sdk/go/api.gen.go:3336.16,3338.3 1 0
github.com/corvusHold/guard/sdk/go/api.gen.go:3339.2,3340.61 2 0
github.com/corvusHold/guard/sdk/go/api.gen.go:3340.61,3342.3 1 0
github.com/corvusHold/guard/sdk/go/api.gen.go:3343.2,3343.25 1 0
github.com/corvusHold/guard/sdk/go/api.gen.go:3346.207,3348.16 2 0
github.com/corvusHold/guard/sdk/go/api.gen.go:3348.16,3350.3 1 0
github.com/corvusHold/guard/sdk/go/api.gen.go:3351.2,3352.61 2 0
github.com/corvusHold/guard/sdk/go/api.gen.go:3352.61,3354.3 1 0
github.com/corvusHold/guard/sdk/go/api.gen.go:3355.2,3355.25 1 0
github.com/corvusHold/guard/sdk/go/api.gen.go:3358.211,3360.16 2 1
github.com/corvusHold/guard/sdk/go/api.gen.go:3360.16,3362.3 1 0
github.com/corvusHold/guard/sdk/go/api.gen.go:3363.2,3364.61 2 1
github.com/corvusHold/guard/sdk/go/api.gen.go:3364.61,3366.3 1 0
github.com/corvusHold/guard/sdk/go/api.gen.go:3367.2,3367.25 1 1
github.com/corvusHold/guard/sdk/go/api.gen.go:3370.172,3372.16 2 0
github.com/corvusHold/guard/sdk/go/api.gen.go:3372.16,3374.3 1 0
github.com/corvusHold/guard/sdk/go/api.gen.go:3375.2,3376.61 2 0
github.com/corvusHold/guard/sdk/go/api.gen.go:3376.61,3378.3 1 0
github.com/corvusHold/guard/sdk/go/api.gen.go:3379.2,3379.25 1 0
github.com/corvusHold/guard/sdk/go/api.gen.go:3382.183,3384.16 2 0
github.com/corvusHold/guard/sdk/go/api.gen.go:3384.16,3386.3 1 0
github.com/corvusHold/guard/sdk/go/api.gen.go:3387.2,3388.61 2 0
github.com/corvusHold/guard/sdk/go/api.gen.go:3388.61,3390.3 1 0
github.com/corvusHold/guard/sdk/go/api.gen.go:3391.2,3391.25 1 0
github.com/corvusHold/guard/sdk/go/api.gen.go:3394.172,3396.16 2 0
github.com/corvusHold/guard/sdk/go/api.gen.go:3396.16,3398.3 1 0
github.com/corvusHold/guard/sdk/go/api.gen.go:3399.2,3400.61 2 0
github.com/corvusHold/guard/sdk/go/api.gen.go:3400.61,3402.3 1 0
github.com/corvusHold/guard/sdk/go/api.gen.go:3403.2,3403.25 1 0
github.com/corvusHold/guard/sdk/go/api.gen.go:3406.183,3408.16 2 0
github.com/corvusHold/guard/sdk/go/api.gen.go:3408.16,3410.3 1 0
github.com/corvusHold/guard/sdk/go/api.gen.go:3411.2,3412.61 2 0
github.com/corvusHold/guard/sdk/go/api.gen.go:3412.61,3414.3 1 0
github.com/corvusHold/guard/sdk/go/api.gen.go:3415.2,3415.25 1 0
github.com/corvusHold/guard/sdk/go/api.gen.go:3418.209,3420.16 2 0
github.com/corvusHold/guard/sdk/go/api.gen.go:3420.16,3422.3 1 0
github.com/corvusHold/guard/sdk/go/api.gen.go:3423.2,3424.61 2 0
github.com/corvusHold/guard/sdk/go/api.gen.go:3424.61,3426.3 1 0
github.com/corvusHold/guard/sdk/go/api.gen.go:3427.2,3427.25 1 0
github.com/corvusHold/guard/sdk/go/api.gen.go:3430.214,3432.16 2 1
github.com/corvusHold/guard/sdk/go/api.gen.go:3432.16,3434.3 1 0
github.com/corvusHold/guard/sdk/go/api.gen.go:3435.2,3436.61 2 1
github.com/corvusHold/guard/sdk/go/api.gen.go:3436.61,3438.3 1 0
github.com/corvusHold/guard/sdk/go/api.gen.go:3439.2,3439.25 1 1
github.com/corvusHold/guard/sdk/go/api.gen.go:3442.160,3444.16 2 0
github.com/corvusHold/guard/sdk/go/api.gen.go:3444.16,3446.3 1 0
github.com/corvusHold/guard/sdk/go/api.gen.go:3447.2,3448.61 2 0
github.com/corvusHold/guard/sdk/go/api.gen.go:3448.61,3450.3 1 0
github.com/corvusHold/guard/sdk/go/api.gen.go:3451.2,3451.25 1 0
github.com/corvusHold/guard/sdk/go/api.gen.go:3454.159,3456.16 2 0
github.com/corvusHold/guard/sdk/go/api.gen.go:3456.16,3458.3 1 0
github.com/corvusHold/guard/sdk/go/api.gen.go:3459.2,3460.61 2 0
github.com/corvusHold/guard/sdk/go/api.gen.go:3460.61,3462.3 1 0
github.com/corvusHold/guard/sdk/go/api.gen.go:3463.2,3463.25 1 0
github.com/corvusHold/guard/sdk/go/api.gen.go:3466.195,3468.16 2 0
github.com/corvusHold/guard/sdk/go/api.gen.go:3468.16,3470.3 1 0
github.com/corvusHold/guard/sdk/go/api.gen.go:3471.2,3472.61 2 0
github.com/corvusHold/guard/sdk/go/api.gen.go:3472.61,3474.3 1 0
github.com/corvusHold/guard/sdk/go/api.gen.go:3475.2,3475.25 1 0
github.com/corvusHold/guard/sdk/go/api.gen.go:3478.193,3480.16 2 1
github.com/corvusHold/guard/sdk/go/api.gen.go:3480.16,3482.3 1 0
github.com/corvusHold/guard/sdk/go/api.gen.go:3483.2,3484.61 2 1
github.com/corvusHold/guard/sdk/go/api.gen.go:3484.61,3486.3 1 0
github.com/corvusHold/guard/sdk/go/api.gen.go:3487.2,3487.25 1 1
github.com/corvusHold/guard/sdk/go/api.gen.go:3490.158,3492.16 2 0
github.com/corvusHold/guard/sdk/go/api.gen.go:3492.16,3494.3 1 0
github.com/corvusHold/guard/sdk/go/api.gen.go:3495.2,3496.61 2 0
github.com/corvusHold/guard/sdk/go/api.gen.go:3496.61,3498.3 1 0
github.com/corvusHold/guard/sdk/go/api.gen.go:3499.2,3499.25 1 0
github.com/corvusHold/guard/sdk/go/api.gen.go:3502.155,3504.16 2 0
github.com/corvusHold/guard/sdk/go/api.gen.go:3504.16,3506.3 1 0
github.com/corvusHold/guard/sdk/go/api.gen.go:3507.2,3508.61 2 0
github.com/corvusHold/guard/sdk/go/api.gen.go:3508.61,3510.3 1 0
github.com/corvusHold/guard/sdk/go/api.gen.go:3511.2,3511.25 1 0
github.com/corvusHold/guard/sdk/go/api.gen.go:3514.114,3516.16 2 0
github.com/corvusHold/guard/sdk/go/api.gen.go:3516.16,3518.3 1 0
github.com/corvusHold/guard/sdk/go/api.gen.go:3519.2,3520.61 2 0
github.com/corvusHold/guard/sdk/go/api.gen.go:3520.61,3522.3 1 0
github.com/corvusHold/guard/sdk/go/api.gen.go:3523.2,3523.25 1 0
github.com/corvusHold/guard/sdk/go/api.gen.go:3526.119,3528.16 2 0
github.com/corvusHold/guard/sdk/go/api.gen.go:3528.16,3530.3 1 0
github.com/corvusHold/guard/sdk/go/api.gen.go:3531.2,3532.61 2 0
github.com/corvusHold/guard/sdk/go/api.gen.go:3532.61,3534.3 1 0
github.com/corvusHold/guard/sdk/go/api.gen.go:3535.2,3535.25 1 0
github.com/corvusHold/guard/sdk/go/api.gen.go:3538.164,3540.16 2 0
github.com/corvusHold/guard/sdk/go/api.gen.go:3540.16,3542.3 1 0
github.com/corvusHold/guard/sdk/go/api.gen.go:3543.2,3544.61 2 0
github.com/corvusHold/guard/sdk/go/api.gen.go:3544.61,3546.3 1 0
github.com/corvusHold/guard/sdk/go/api.gen.go:3547.2,3547.25 1 0
github.com/corvusHold/guard/sdk/go/api.gen.go:3550.167,3552.16 2 0
github.com/corvusHold/guard/sdk/go/api.gen.go:3552.16,3554.3 1 0
github.com/corvusHold/guard/sdk/go/api.gen.go:3555.2,3556.61 2 0
github.com/corvusHold/guard/sdk/go/api.gen.go:3556.61,3558.3 1 0
github.com/corvusHold/guard/sdk/go/api.gen.go:3559.2,3559.25 1 0
github.com/corvusHold/guard/sdk/go/api.gen.go:3562.135,3564.16 2 0
github.com/corvusHold/guard/sdk/go/api.gen.go:3564.16,3566.3 1 0
github.com/corvusHold/guard/sdk/go/api.gen.go:3567.2,3568.61 2 0
github.com/corvusHold/guard/sdk/go/api.gen.go:3568.61,3570.3 1 0
github.com/corvusHold/guard/sdk/go/api.gen.go:3571.2,3571.25 1 0
github.com/corvusHold/guard/sdk/go/api.gen.go:3574.118,3576.16 2 0
github.com/corvusHold/guard/sdk/go/api.gen.go:3576.16,3578.3 1 0
github.com/corvusHold/guard/sdk/go/api.gen.go:3579.2,3580.61 2 0
github.com/corvusHold/guard/sdk/go/api.gen.go:3580.61,3582.3 1 0
github.com/corvusHold/guard/sdk/go/api.gen.go:3583.2,3583.25 1 0
github.com/corvusHold/guard/sdk/go/api.gen.go:3586.162,3588.16 2 0
github.com/corvusHold/guard/sdk/go/api.gen.go:3588.16,3590.3 1 0
github.com/corvusHold/guard/sdk/go/api.gen.go:3591.2,3592.61 2 0
github.com/corvusHold/guard/sdk/go/api.gen.go:3592.61,3594.3 1 0
github.com/corvusHold/guard/sdk/go/api.gen.go:3595.2,3595.25 1 0
github.com/corvusHold/guard/sdk/go/api.gen.go:3598.163,3600.16 2 0
github.com/corvusHold/guard/sdk/go/api.gen.go:3600.16,3602.3 1 0
github.com/corvusHold/guard/sdk/go/api.gen.go:3603.2,3604.61 2 0
github.com/corvusHold/guard/sdk/go/api.gen.go:3604.61,3606.3 1 0
github.com/corvusHold/guard/sdk/go/api.gen.go:3607.2,3607.25 1 0
github.com/corvusHold/guard/sdk/go/api.gen.go:3610.119,3612.16 2 0
github.com/corvusHold/guard/sdk/go/api.gen.go:3612.16,3614.3 1 0
github.com/corvusHold/guard/sdk/go/api.gen.go:3615.2,3616.61 2 0
github.com/corvusHold/guard/sdk/go/api.gen.go:3616.61,3618.3 1 0
github.com/corvusHold/guard/sdk/go/api.gen.go:3619.2,3619.25 1 0
github.com/corvusHold/guard/sdk/go/api.gen.go:3622.135,3624.16 2 0
github.com/corvusHold/guard/sdk/go/api.gen.go:3624.16,3626.3 1 0
github.com/corvusHold/guard/sdk/go/api.gen.go:3627.2,3628.61 2 0
github.com/corvusHold/guard/sdk/go/api.gen.go:3628.61,3630.3 1 0
github.com/corvusHold/guard/sdk/go/api.gen.go:3631.2,3631.25 1 0
github.com/corvusHold/guard/sdk/go/api.gen.go:3634.115,3636.16 2 2
github.com/corvusHold/guard/sdk/go/api.gen.go:3636.16,3638.3 1 0
github.com/corvusHold/guard/sdk/go/api.gen.go:3639.2,3640.61 2 2
github.com/corvusHold/guard/sdk/go/api.gen.go:3640.61,3642.3 1 0
github.com/corvusHold/guard/sdk/go/api.gen.go:3643.2,3643.25 1 2
github.com/corvusHold/guard/sdk/go/api.gen.go:3646.135,3648.16 2 1
github.com/corvusHold/guard/sdk/go/api.gen.go:3648.16,3650.3 1 0
github.com/corvusHold/guard/sdk/go/api.gen.go:3651.2,3652.61 2 1
github.com/corvusHold/guard/sdk/go/api.gen.go:3652.61,3654.3 1 0
github.com/corvusHold/guard/sdk/go/api.gen.go:3655.2,3655.25 1 1
github.com/corvusHold/guard/sdk/go/api.gen.go:3658.190,3660.16 2 1
github.com/corvusHold/guard/sdk/go/api.gen.go:3660.16,3662.3 1 0
github.com/corvusHold/guard/sdk/go/api.gen.go:3663.2,3664.61 2 1
github.com/corvusHold/guard/sdk/go/api.gen.go:3664.61,3666.3 1 0
github.com/corvusHold/guard/sdk/go/api.gen.go:3667.2,3667.25 1 1
github.com/corvusHold/guard/sdk/go/api.gen.go:3670.194,3672.16 2 1
github.com/corvusHold/guard/sdk/go/api.gen.go:3672.16,3674.3 1 0
github.com/corvusHold/guard/sdk/go/api.gen.go:3675.2,3676.61 2 1
github.com/corvusHold/guard/sdk/go/api.gen.go:3676.61,3678.3 1 0
github.com/corvusHold/guard/sdk/go/api.gen.go:3679.2,3679.25 1 1
github.com/corvusHold/guard/sdk/go/api.gen.go:3682.184,3684.16 2 2
github.com/corvusHold/guard/sdk/go/api.gen.go:3684.16,3686.3 1 0
github.com/corvusHold/guard/sdk/go/api.gen.go:3687.2,3688.61 2 2
github.com/corvusHold/guard/sdk/go/api.gen.go:3688.61,3690.3 1 0
github.com/corvusHold/guard/sdk/go/api.gen.go:3691.2,3691.25 1 2
github.com/corvusHold/guard/sdk/go/api.gen.go:3694.163,3696.16 2 0
github.com/corvusHold/guard/sdk/go/api.gen.go:3696.16,3698.3 1 0
github.com/corvusHold/guard/sdk/go/api.gen.go:3699.2,3700.61 2 0
github.com/corvusHold/guard/sdk/go/api.gen.go:3700.61,3702.3 1 0
github.com/corvusHold/guard/sdk/go/api.gen.go:3703.2,3703.25 1 0
github.com/corvusHold/guard/sdk/go/api.gen.go:3706.165,3708.16 2 0
github.com/corvusHold/guard/sdk/go/api.gen.go:3708.16,3710.3 1 0
github.com/corvusHold/guard/sdk/go/api.gen.go:3711.2,3712.61 2 0
github.com/corvusHold/guard/sdk/go/api.gen.go:3712.61,3714.3 1 0
github.com/corvusHold/guard/sdk/go/api.gen.go:3715.2,3715.25 1 0
github.com/corvusHold/guard/sdk/go/api.gen.go:3718.161,3720.16 2 0
github.com/corvusHold/guard/sdk/go/api.gen.go:3720.16,3722.3 1 0
github.com/corvusHold/guard/sdk/go/api.gen.go:3723.2,3724.61 2 0
github.com/corvusHold/guard/sdk/go/api.gen.go:3724.61,3726.3 1 0
github.com/corvusHold/guard/sdk/go/api.gen.go:3727.2,3727.25 1 0
github.com/corvusHold/guard/sdk/go/api.gen.go:3730.164,3732.16 2 0
github.com/corvusHold/guard/sdk/go/api.gen.go:3732.16,3734.3 1 0
github.com/corvusHold/guard/sdk/go/api.gen.go:3735.2,3736.61 2 0
github.com/corvusHold/guard/sdk/go/api.gen.go:3736.61,3738.3 1 0
github.com/corvusHold/guard/sdk/go/api.gen.go:3739.2,3739.25 1 0
github.com/corvusHold/guard/sdk/go/api.gen.go:3742.167,3744.16 2 0
github.com/corvusHold/guard/sdk/go/api.gen.go:3744.16,3746.3 1 0
github.com/corvusHold/guard/sdk/go/api.gen.go:3747.2,3748.61 2 0
github.com/corvusHold/guard/sdk/go/api.gen.go:3748.61,3750.3 1 0
github.com/corvusHold/guard/sdk/go/api.gen.go:3751.2,3751.25 1 0
github.com/corvusHold/guard/sdk/go/api.gen.go:3754.151,3756.16 2 2
github.com/corvusHold/guard/sdk/go/api.gen.go:3756.16,3758.3 1 0
github.com/corvusHold/guard/sdk/go/api.gen.go:3759.2,3760.61 2 2
github.com/corvusHold/guard/sdk/go/api.gen.go:3760.61,3762.3 1 0
github.com/corvusHold/guard/sdk/go/api.gen.go:3763.2,3763.25 1 2
github.com/corvusHold/guard/sdk/go/api.gen.go:3766.160,3768.16 2 0
github.com/corvusHold/guard/sdk/go/api.gen.go:3768.16,3770.3 1 0
github.com/corvusHold/guard/sdk/go/api.gen.go:3771.2,3772.61 2 0
github.com/corvusHold/guard/sdk/go/api.gen.go:3772.61,3774.3 1 0
github.com/corvusHold/guard/sdk/go/api.gen.go:3775.2,3775.25 1 0
github.com/corvusHold/guard/sdk/go/api.gen.go:3778.159,3780.16 2 1
github.com/corvusHold/guard/sdk/go/api.gen.go:3780.16,3782.3 1 0
github.com/corvusHold/guard/sdk/go/api.gen.go:3783.2,3784.61 2 1
github.com/corvusHold/guard/sdk/go/api.gen.go:3784.61,3786.3 1 0
github.com/corvusHold/guard/sdk/go/api.gen.go:3787.2,3787.25 1 1
github.com/corvusHold/guard/sdk/go/api.gen.go:3790.131,3792.16 2 1
github.com/corvusHold/guard/sdk/go/api.gen.go:3792.16,3794.3 1 0
github.com/corvusHold/guard/sdk/go/api.gen.go:3795.2,3796.61 2 1
github.com/corvusHold/guard/sdk/go/api.gen.go:3796.61,3798.3 1 0
github.com/corvusHold/guard/sdk/go/api.gen.go:3799.2,3799.25 1 1
github.com/corvusHold/guard/sdk/go/api.gen.go:3802.128,3804.16 2 1
github.com/corvusHold/guard/sdk/go/api.gen.go:3804.16,3806.3 1 0
github.com/corvusHold/guard/sdk/go/api.gen.go:3807.2,3808.61 2 1
github.com/corvusHold/guard/sdk/go/api.gen.go:3808.61,3810.3 1 0
github.com/corvusHold/guard/sdk/go/api.gen.go:3811.2,3811.25 1 1
github.com/corvusHold/guard/sdk/go/api.gen.go:3814.172,3816.16 2 0
github.com/corvusHold/guard/sdk/go/api.gen.go:3816.16,3818.3 1 0
github.com/corvusHold/guard/sdk/go/api.gen.go:3819.2,3820.61 2 0
github.com/corvusHold/guard/sdk/go/api.gen.go:3820.61,3822.3 1 0
github.com/corvusHold/guard/sdk/go/api.gen.go:3823.2,3823.25 1 0
github.com/corvusHold/guard/sdk/go/api.gen.go:3826.172,3828.16 2 1
github.com/corvusHold/guard/sdk/go/api.gen.go:3828.16,3830.3 1 0
github.com/corvusHold/guard/sdk/go/api.gen.go:3831.2,3832.61 2 1
github.com/corvusHold/guard/sdk/go/api.gen.go:3832.61,3834.3 1 0
github.com/corvusHold/guard/sdk/go/api.gen.go:3835.2,3835.25 1 1
github.com/corvusHold/guard/sdk/go/api.gen.go:3838.133,3840.16 2 1
github.com/corvusHold/guard/sdk/go/api.gen.go:3840.16,3842.3 1 0
github.com/corvusHold/guard/sdk/go/api.gen.go:3843.2,3844.61 2 1
github.com/corvusHold/guard/sdk/go/api.gen.go:3844.61,3846.3 1 0
github.com/corvusHold/guard/sdk/go/api.gen.go:3847.2,3847.25 1 1
github.com/corvusHold/guard/sdk/go/api.gen.go:3850.145,3852.16 2 0
github.com/corvusHold/guard/sdk/go/api.gen.go:3852.16,3854.3 1 0
github.com/corvusHold/guard/sdk/go/api.gen.go:3855.2,3856.61 2 0
github.com/corvusHold/guard/sdk/go/api.gen.go:3856.61,3858.3 1 0
github.com/corvusHold/guard/sdk/go/api.gen.go:3859.2,3859.25 1 0
github.com/corvusHold/guard/sdk/go/api.gen.go:3862.141,3864.16 2 2
github.com/corvusHold/guard/sdk/go/api.gen.go:3864.16,3866.3 1 0
github.com/corvusHold/guard/sdk/go/api.gen.go:3867.2,3868.61 2 2
github.com/corvusHold/guard/sdk/go/api.gen.go:3868.61,3870.3 1 0
github.com/corvusHold/guard/sdk/go/api.gen.go:3871.2,3871.25 1 2
github.com/corvusHold/guard/sdk/go/api.gen.go:3874.155,3876.16 2 0
github.com/corvusHold/guard/sdk/go/api.gen.go:3876.16,3878.3 1 0
github.com/corvusHold/guard/sdk/go/api.gen.go:3879.2,3880.61 2 0
github.com/corvusHold/guard/sdk/go/api.gen.go:3880.61,3882.3 1 0
github.com/corvusHold/guard/sdk/go/api.gen.go:3883.2,3883.25 1 0
github.com/corvusHold/guard/sdk/go/api.gen.go:3886.149,3888.16 2 1
github.com/corvusHold/guard/sdk/go/api.gen.go:3888.16,3890.3 1 0
github.com/corvusHold/guard/sdk/go/api.gen.go:3891.2,3892.61 2 1
github.com/corvusHold/guard/sdk/go/api.gen.go:3892.61,3894.3 1 0
github.com/corvusHold/guard/sdk/go/api.gen.go:3895.2,3895.25 1 1
github.com/corvusHold/guard/sdk/go/api.gen.go:3898.133,3900.16 2 0
github.com/corvusHold/guard/sdk/go/api.gen.go:3900.16,3902.3 1 0
github.com/corvusHold/guard/sdk/go/api.gen.go:3903.2,3904.61 2 0
github.com/corvusHold/guard/sdk/go/api.gen.go:3904.61,3906.3 1 0
github.com/corvusHold/guard/sdk/go/api.gen.go:3907.2,3907.25 1 0
github.com/corvusHold/guard/sdk/go/api.gen.go:3910.123,3912.16 2 1
github.com/corvusHold/guard/sdk/go/api.gen.go:3912.16,3914.3 1 0
github.com/corvusHold/guard/sdk/go/api.gen.go:3915.2,3916.61 2 1
github.com/corvusHold/guard/sdk/go/api.gen.go:3916.61,3918.3 1 0
github.com/corvusHold/guard/sdk/go/api.gen.go:3919.2,3919.25 1 1
github.com/corvusHold/guard/sdk/go/api.gen.go:3922.172,3924.16 2 0
github.com/corvusHold/guard/sdk/go/api.gen.go:3924.16,3926.3 1 0
github.com/corvusHold/guard/sdk/go/api.gen.go:3927.2,3928.61 2 0
github.com/corvusHold/guard/sdk/go/api.gen.go:3928.61,3930.3 1 0
github.com/corvusHold/guard/sdk/go/api.gen.go:3931.2,3931.25 1 0
github.com/corvusHold/guard/sdk/go/api.gen.go:3934.135,3936.16 2 0
github.com/corvusHold/guard/sdk/go/api.gen.go:3936.16,3938.3 1 0
github.com/corvusHold/guard/sdk/go/api.gen.go:3939.2,3940.61 2 0
github.com/corvusHold/guard/sdk/go/api.gen.go:3940.61,3942.3 1 0
github.com/corvusHold/guard/sdk/go/api.gen.go:3943.2,3943.25 1 0
github.com/corvusHold/guard/sdk/go/api.gen.go:3946.131,3948.16 2 1
github.com/corvusHold/guard/sdk/go/api.gen.go:3948.16,3950.3 1 0
github.com/corvusHold/guard/sdk/go/api.gen.go:3951.2,3952.61 2 1
github.com/corvusHold/guard/sdk/go/api.gen.go:3952.61,3954.3 1 0
github.com/corvusHold/guard/sdk/go/api.gen.go:3955.2,3955.25 1 1
github.com/corvusHold/guard/sdk/go/api.gen.go:3958.175,3960.16 2 0
github.com/corvusHold/guard/sdk/go/api.gen.go:3960.16,3962.3 1 0
github.com/corvusHold/guard/sdk/go/api.gen.go:3963.2,3964.61 2 0
github.com/corvusHold/guard/sdk/go/api.gen.go:3964.61,3966.3 1 0
github.com/corvusHold/guard/sdk/go/api.gen.go:3967.2,3967.25 1 0
github.com/corvusHold/guard/sdk/go/api.gen.go:3970.178,3972.16 2 1
github.com/corvusHold/guard/sdk/go/api.gen.go:3972.16,3974.3 1 0
github.com/corvusHold/guard/sdk/go/api.gen.go:3975.2,3976.61 2 1
github.com/corvusHold/guard/sdk/go/api.gen.go:3976.61,3978.3 1 0
github.com/corvusHold/guard/sdk/go/api.gen.go:3979.2,3979.25 1 1
github.com/corvusHold/guard/sdk/go/api.gen.go:3982.145,3984.16 2 0
github.com/corvusHold/guard/sdk/go/api.gen.go:3984.16,3986.3 1 0
github.com/corvusHold/guard/sdk/go/api.gen.go:3987.2,3988.61 2 0
github.com/corvusHold/guard/sdk/go/api.gen.go:3988.61,3990.3 1 0
github.com/corvusHold/guard/sdk/go/api.gen.go:3991.2,3991.25 1 0
github.com/corvusHold/guard/sdk/go/api.gen.go:3994.165,3996.16 2 0
github.com/corvusHold/guard/sdk/go/api.gen.go:3996.16,3998.3 1 0
github.com/corvusHold/guard/sdk/go/api.gen.go:3999.2,4000.61 2 0
github.com/corvusHold/guard/sdk/go/api.gen.go:4000.61,4002.3 1 0
github.com/corvusHold/guard/sdk/go/api.gen.go:4003.2,4003.25 1 0
github.com/corvusHold/guard/sdk/go/api.gen.go:4006.169,4008.16 2 0
github.com/corvusHold/guard/sdk/go/api.gen.go:4008.16,4010.3 1 0
github.com/corvusHold/guard/sdk/go/api.gen.go:4011.2,4012.61 2 0
github.com/corvusHold/guard/sdk/go/api.gen.go:4012.61,4014.3 1 0
github.com/corvusHold/guard/sdk/go/api.gen.go:4015.2,4015.25 1 0
github.com/corvusHold/guard/sdk/go/api.gen.go:4018.154,4020.16 2 0
github.com/corvusHold/guard/sdk/go/api.gen.go:4020.16,4022.3 1 0
github.com/corvusHold/guard/sdk/go/api.gen.go:4023.2,4024.61 2 0
github.com/corvusHold/guard/sdk/go/api.gen.go:4024.61,4026.3 1 0
github.com/corvusHold/guard/sdk/go/api.gen.go:4027.2,4027.25 1 0
github.com/corvusHold/guard/sdk/go/api.gen.go:4030.167,4032.16 2 0
github.com/corvusHold/guard/sdk/go/api.gen.go:4032.16,4034.3 1 0
github.com/corvusHold/guard/sdk/go/api.gen.go:4035.2,4036.61 2 0
github.com/corvusHold/guard/sdk/go/api.gen.go:4036.61,4038.3 1 0
github.com/corvusHold/guard/sdk/go/api.gen.go:4039.2,4039.25 1 0
github.com/corvusHold/guard/sdk/go/api.gen.go:4042.153,4044.16 2 0
github.com/corvusHold/guard/sdk/go/api.gen.go:4044.16,4046.3 1 0
github.com/corvusHold/guard/sdk/go/api.gen.go:4047.2,4048.61 2 0
github.com/corvusHold/guard/sdk/go/api.gen.go:4048.61,4050.3 1 0
github.com/corvusHold/guard/sdk/go/api.gen.go:4051.2,4051.25 1 0
github.com/corvusHold/guard/sdk/go/api.gen.go:4054.165,4056.16 2 2
github.com/corvusHold/guard/sdk/go/api.gen.go:4056.16,4058.3 1 0
github.com/corvusHold/guard/sdk/go/api.gen.go:4059.2,4060.61 2 2
github.com/corvusHold/guard/sdk/go/api.gen.go:4060.61,4062.3 1 0
github.com/corvusHold/guard/sdk/go/api.gen.go:4063.2,4063.25 1 2
github.com/corvusHold/guard/sdk/go/api.gen.go:4067.91,4071.16 3 0
github.com/corvusHold/guard/sdk/go/api.gen.go:4071.16,4073.3 1 0
github.com/corvusHold/guard/sdk/go/api.gen.go:4075.2,4076.29 2 0
github.com/corvusHold/guard/sdk/go/api.gen.go:4076.29,4078.3 1 0
github.com/corvusHold/guard/sdk/go/api.gen.go:4080.2,4081.16 2 0
github.com/corvusHold/guard/sdk/go/api.gen.go:4081.16,4083.3 1 0
github.com/corvusHold/guard/sdk/go/api.gen.go:4085.2,4086.16 2 0
github.com/corvusHold/guard/sdk/go/api.gen.go:4086.16,4088.3 1 0
github.com/corvusHold/guard/sdk/go/api.gen.go:4090.2,4090.17 1 0
github.com/corvusHold/guard/sdk/go/api.gen.go:4094.111,4098.16 3 0
github.com/corvusHold/guard/sdk/go/api.gen.go:4098.16,4100.3 1 0
github.com/corvusHold/guard/sdk/go/api.gen.go:4102.2,4103.29 2 0
github.com/corvusHold/guard/sdk/go/api.gen.go:4103.29,4105.3 1 0
github.com/corvusHold/guard/sdk/go/api.gen.go:4107.2,4108.16 2 0
github.com/corvusHold/guard/sdk/go/api.gen.go:4108.16,4110.3 1 0
github.com/corvusHold/guard/sdk/go/api.gen.go:4112.2,4112.19 1 0
github.com/corvusHold/guard/sdk/go/api.gen.go:4112.19,4115.26 2 0
github.com/corvusHold/guard/sdk/go/api.gen.go:4115.26,4117.134 1 0
github.com/corvusHold/guard/sdk/go/api.gen.go:4117.134,4119.5 1 0
github.com/corvusHold/guard/sdk/go/api.gen.go:4119.10,4119.67 1 0
github.com/corvusHold/guard/sdk/go/api.gen.go:4119.67,4121.5 1 0
github.com/corvusHold/guard/sdk/go/api.gen.go:4121.10,4122.30 1 0
github.com/corvusHold/guard/sdk/go/api.gen.go:4122.30,4123.27 1 0
github.com/corvusHold/guard/sdk/go/api.gen.go:4123.27,4125.7 1 0
github.com/corvusHold/guard/sdk/go/api.gen.go:4131.3,4131.27 1 0
github.com/corvusHold/guard/sdk/go/api.gen.go:4131.27,4133.136 1 0
github.com/corvusHold/guard/sdk/go/api.gen.go:4133.136,4135.5 1 0
github.com/corvusHold/guard/sdk/go/api.gen.go:4135.10,4135.67 1 0
github.com/corvusHold/guard/sdk/go/api.gen.go:4135.67,4137.5 1 0
github.com/corvusHold/guard/sdk/go/api.gen.go:4137.10,4138.30 1 0
github.com/corvusHold/guard/sdk/go/api.gen.go:4138.30,4139.27 1 0
github.com/corvusHold/guard/sdk/go/api.gen.go:4139.27,4141.7 1 0
github.com/corvusHold/guard/sdk/go/api.gen.go:4147.3,4147.43 1 0
github.com/corvusHold/guard/sdk/go/api.gen.go:4150.2,4151.16 2 0
github.com/corvusHold/guard/sdk/go/api.gen.go:4151.16,4153.3 1 0
github.com/corvusHold/guard/sdk/go/api.gen.go:4155.2,4155.17 1 0
github.com/corvusHold/guard/sdk/go/api.gen.go:4159.119,4162.16 3 0
github.com/corvusHold/guard/sdk/go/api.gen.go:4162.16,4164.3 1 0
github.com/corvusHold/guard/sdk/go/api.gen.go:4165.2,4166.88 2 0
github.com/corvusHold/guard/sdk/go/api.gen.go:4170.120,4174.16 3 0
github.com/corvusHold/guard/sdk/go/api.gen.go:4174.16,4176.3 1 0
github.com/corvusHold/guard/sdk/go/api.gen.go:4178.2,4179.29 2 0
github.com/corvusHold/guard/sdk/go/api.gen.go:4179.29,4181.3 1 0
github.com/corvusHold/guard/sdk/go/api.gen.go:4183.2,4184.16 2 0
github.com/corvusHold/guard/sdk/go/api.gen.go:4184.16,4186.3 1 0
github.com/corvusHold/guard/sdk/go/api.gen.go:4188.2,4189.16 2 0
github.com/corvusHold/guard/sdk/go/api.gen.go:4189.16,4191.3 1 0
github.com/corvusHold/guard/sdk/go/api.gen.go:4193.2,4195.17 2 0
github.com/corvusHold/guard/sdk/go/api.gen.go:4199.91,4205.16 4 0
github.com/corvusHold/guard/sdk/go/api.gen.go:4205.16,4207.3 1 0
github.com/corvusHold/guard/sdk/go/api.gen.go:4209.2,4210.16 2 0
github.com/corvusHold/guard/sdk/go/api.gen.go:4210.16,4212.3 1 0
github.com/corvusHold/guard/sdk/go/api.gen.go:4214.2,4215.29 2 0
github.com/corvusHold/guard/sdk/go/api.gen.go:4215.29,4217.3 1 0
github.com/corvusHold/guard/sdk/go/api.gen.go:4219.2,4220.16 2 0
github.com/corvusHold/guard/sdk/go/api.gen.go:4220.16,4222.3 1 0
github.com/corvusHold/guard/sdk/go/api.gen.go:4224.2,4225.16 2 0
github.com/corvusHold/guard/sdk/go/api.gen.go:4225.16,4227.3 1 0
github.com/corvusHold/guard/sdk/go/api.gen.go:4229.2,4229.17 1 0
github.com/corvusHold/guard/sdk/go/api.gen.go:4233.88,4239.16 4 0
github.com/corvusHold/guard/sdk/go/api.gen.go:4239.16,4241.3 1 0
github.com/corvusHold/guard/sdk/go/api.gen.go:4243.2,4244.16 2 0
github.com/corvusHold/guard/sdk/go/api.gen.go:4244.16,4246.3 1 0
github.com/corvusHold/guard/sdk/go/api.gen.go:4248.2,4249.29 2 0
github.com/corvusHold/guard/sdk/go/api.gen.go:4249.29,4251.3 1 0
github.com/corvusHold/guard/sdk/go/api.gen.go:4253.2,4254.16 2 0
github.com/corvusHold/guard/sdk/go/api.gen.go:4254.16,4256.3 1 0
github.com/corvusHold/guard/sdk/go/api.gen.go:4258.2,4259.16 2 0
github.com/corvusHold/guard/sdk/go/api.gen.go:4259.16,4261.3 1 0
github.com/corvusHold/guard/sdk/go/api.gen.go:4263.2,4263.17 1 0
github.com/corvusHold/guard/sdk/go/api.gen.go:4267.132,4270.16 3 0
github.com/corvusHold/guard/sdk/go/api.gen.go:4270.16,4272.3 1 0
github.com/corvusHold/guard/sdk/go/api.gen.go:4273.2,4274.93 2 0
github.com/corvusHold/guard/sdk/go/api.gen.go:4278.132,4284.16 4 0
github.com/corvusHold/guard/sdk/go/api.gen.go:4284.16,4286.3 1 0
github.com/corvusHold/guard/sdk/go/api.gen.go:4288.2,4289.16 2 0
github.com/corvusHold/guard/sdk/go/api.gen.go:4289.16,4291.3 1 0
github.com/corvusHold/guard/sdk/go/api.gen.go:4293.2,4294.29 2 0
github.com/corvusHold/guard/sdk/go/api.gen.go:4294.29,4296.3 1 0
github.com/corvusHold/guard/sdk/go/api.gen.go:4298.2,4299.16 2 0
github.com/corvusHold/guard/sdk/go/api.gen.go:4299.16,4301.3 1 0
github.com/corvusHold/guard/sdk/go/api.gen.go:4303.2,4304.16 2 0
github.com/corvusHold/guard/sdk/go/api.gen.go:4304.16,4306.3 1 0
github.com/corvusHold/guard/sdk/go/api.gen.go:4308.2,4310.17 2 0
github.com/corvusHold/guard/sdk/go/api.gen.go:4314.79,4318.16 3 0
github.com/corvusHold/guard/sdk/go/api.gen.go:4318.16,4320.3 1 0
github.com/corvusHold/guard/sdk/go/api.gen.go:4322.2,4323.29 2 0
github.com/corvusHold/guard/sdk/go/api.gen.go:4323.29,4325.3 1 0
github.com/corvusHold/guard/sdk/go/api.gen.go:4327.2,4328.16 2 0
github.com/corvusHold/guard/sdk/go/api.gen.go:4328.16,4330.3 1 0
github.com/corvusHold/guard/sdk/go/api.gen.go:4332.2,4333.16 2 0
github.com/corvusHold/guard/sdk/go/api.gen.go:4333.16,4335.3 1 0
github.com/corvusHold/guard/sdk/go/api.gen.go:4337.2,4337.17 1 0
github.com/corvusHold/guard/sdk/go/api.gen.go:4341.127,4344.16 3 0
github.com/corvusHold/guard/sdk/go/api.gen.go:4344.16,4346.3 1 0
github.com/corvusHold/guard/sdk/go/api.gen.go:4347.2,4348.92 2 0
github.com/corvusHold/guard/sdk/go/api.gen.go:4352.124,4356.16 3 0
github.com/corvusHold/guard/sdk/go/api.gen.go:4356.16,4358.3 1 0
github.com/corvusHold/guard/sdk/go/api.gen.go:4360.2,4361.29 2 0
github.com/corvusHold/guard/sdk/go/api.gen.go:4361.29,4363.3 1 0
github.com/corvusHold/guard/sdk/go/api.gen.go:4365.2,4366.16 2 0
github.com/corvusHold/guard/sdk/go/api.gen.go:4366.16,4368.3 1 0
github.com/corvusHold/guard/sdk/go/api.gen.go:4370.2,4371.16 2 0
github.com/corvusHold/guard/sdk/go/api.gen.go:4371.16,4373.3 1 0
github.com/corvusHold/guard/sdk/go/api.gen.go:4375.2,4377.17 2 0
github.com/corvusHold/guard/sdk/go/api.gen.go:4381.99,4387.16 4 0
github.com/corvusHold/guard/sdk/go/api.gen.go:4387.16,4389.3 1 0
github.com/corvusHold/guard/sdk/go/api.gen.go:4391.2,4392.16 2 0
github.com/corvusHold/guard/sdk/go/api.gen.go:4392.16,4394.3 1 0
github.com/corvusHold/guard/sdk/go/api.gen.go:4396.2,4397.29 2 0
github.com/corvusHold/guard/sdk/go/api.gen.go:4397.29,4399.3 1 0
github.com/corvusHold/guard/sdk/go/api.gen.go:4401.2,4402.16 2 0
github.com/corvusHold/guard/sdk/go/api.gen.go:4402.16,4404.3 1 0
github.com/corvusHold/guard/sdk/go/api.gen.go:4406.2,4407.16 2 0
github.com/corvusHold/guard/sdk/go/api.gen.go:4407.16,4409.3 1 0
github.com/corvusHold/guard/sdk/go/api.gen.go:4411.2,4411.17 1 0
github.com/corvusHold/guard/sdk/go/api.gen.go:4415.135,4419.16 3 0
github.com/corvusHold/guard/sdk/go/api.gen.go:4419.16,4421.3 1 0
github.com/corvusHold/guard/sdk/go/api.gen.go:4423.2,4424.29 2 0
github.com/corvusHold/guard/sdk/go/api.gen.go:4424.29,4426.3 1 0
github.com/corvusHold/guard/sdk/go/api.gen.go:4428.2,4429.16 2 0
github.com/corvusHold/guard/sdk/go/api.gen.go:4429.16,4431.3 1 0
github.com/corvusHold/guard/sdk/go/api.gen.go:4433.2,4433.19 1 0
github.com/corvusHold/guard/sdk/go/api.gen.go:4433.19,4436.27 2 0
github.com/corvusHold/guard/sdk/go/api.gen.go:4436.27,4438.136 1 0
github.com/corvusHold/guard/sdk/go/api.gen.go:4438.136,4440.5 1 0
github.com/corvusHold/guard/sdk/go/api.gen.go:4440.10,4440.67 1 0
github.com/corvusHold/guard/sdk/go/api.gen.go:4440.67,4442.5 1 0
github.com/corvusHold/guard/sdk/go/api.gen.go:4442.10,4443.30 1 0
github.com/corvusHold/guard/sdk/go/api.gen.go:4443.30,4444.27 1 0
github.com/corvusHold/guard/sdk/go/api.gen.go:4444.27,4446.7 1 0
github.com/corvusHold/guard/sdk/go/api.gen.go:4452.3,4452.43 1 0
github.com/corvusHold/guard/sdk/go/api.gen.go:4455.2,4456.16 2 0
github.com/corvusHold/guard/sdk/go/api.gen.go:4456.16,4458.3 1 0
github.com/corvusHold/guard/sdk/go/api.gen.go:4460.2,4460.17 1 0
github.com/corvusHold/guard/sdk/go/api.gen.go:4464.132,4468.16 3 0
github.com/corvusHold/guard/sdk/go/api.gen.go:4468.16,4470.3 1 0
github.com/corvusHold/guard/sdk/go/api.gen.go:4472.2,4473.29 2 0
github.com/corvusHold/guard/sdk/go/api.gen.go:4473.29,4475.3 1 0
github.com/corvusHold/guard/sdk/go/api.gen.go:4477.2,4478.16 2 0
github.com/corvusHold/guard/sdk/go/api.gen.go:4478.16,4480.3 1 0
github.com/corvusHold/guard/sdk/go/api.gen.go:4482.2,4483.16 2 0
github.com/corvusHold/guard/sdk/go/api.gen.go:4483.16,4485.3 1 0
github.com/corvusHold/guard/sdk/go/api.gen.go:4487.2,4489.17 2 0
github.com/corvusHold/guard/sdk/go/api.gen.go:4493.137,4497.16 3 0
github.com/corvusHold/guard/sdk/go/api.gen.go:4497.16,4499.3 1 0
github.com/corvusHold/guard/sdk/go/api.gen.go:4501.2,4502.29 2 0
github.com/corvusHold/guard/sdk/go/api.gen.go:4502.29,4504.3 1 0
github.com/corvusHold/guard/sdk/go/api.gen.go:4506.2,4507.16 2 0
github.com/corvusHold/guard/sdk/go/api.gen.go:4507.16,4509.3 1 0
github.com/corvusHold/guard/sdk/go/api.gen.go:4511.2,4511.19 1 0
github.com/corvusHold/guard/sdk/go/api.gen.go:4511.19,4514.29 2 0
github.com/corvusHold/guard/sdk/go/api.gen.go:4514.29,4516.141 1 0
github.com/corvusHold/guard/sdk/go/api.gen.go:4516.141,4518.5 1 0
github.com/corvusHold/guard/sdk/go/api.gen.go:4518.10,4518.67 1 0
github.com/corvusHold/guard/sdk/go/api.gen.go:4518.67,4520.5 1 0
github.com/corvusHold/guard/sdk/go/api.gen.go:4520.10,4521.30 1 0
github.com/corvusHold/guard/sdk/go/api.gen.go:4521.30,4522.27 1 0
github.com/corvusHold/guard/sdk/go/api.gen.go:4522.27,4524.7 1 0
github.com/corvusHold/guard/sdk/go/api.gen.go:4530.3,4530.43 1 0
github.com/corvusHold/guard/sdk/go/api.gen.go:4533.2,4534.16 2 0
github.com/corvusHold/guard/sdk/go/api.gen.go:4534.16,4536.3 1 0
github.com/corvusHold/guard/sdk/go/api.gen.go:4538.2,4538.17 1 0
github.com/corvusHold/guard/sdk/go/api.gen.go:4542.141,4545.16 3 1
github.com/corvusHold/guard/sdk/go/api.gen.go:4545.16,4547.3 1 0
github.com/corvusHold/guard/sdk/go/api.gen.go:4548.2,4549.99 2 1
github.com/corvusHold/guard/sdk/go/api.gen.go:4553.131,4557.16 3 1
github.com/corvusHold/guard/sdk/go/api.gen.go:4557.16,4559.3 1 0
github.com/corvusHold/guard/sdk/go/api.gen.go:4561.2,4562.29 2 1
github.com/corvusHold/guard/sdk/go/api.gen.go:4562.29,4564.3 1 1
github.com/corvusHold/guard/sdk/go/api.gen.go:4566.2,4567.16 2 1
github.com/corvusHold/guard/sdk/go/api.gen.go:4567.16,4569.3 1 0
github.com/corvusHold/guard/sdk/go/api.gen.go:4571.2,4572.16 2 1
github.com/corvusHold/guard/sdk/go/api.gen.go:4572.16,4574.3 1 0
github.com/corvusHold/guard/sdk/go/api.gen.go:4576.2,4578.17 2 1
github.com/corvusHold/guard/sdk/go/api.gen.go:4582.137,4585.16 3 2
github.com/corvusHold/guard/sdk/go/api.gen.go:4585.16,4587.3 1 0
github.com/corvusHold/guard/sdk/go/api.gen.go:4588.2,4589.97 2 2
github.com/corvusHold/guard/sdk/go/api.gen.go:4593.129,4597.16 3 2
github.com/corvusHold/guard/sdk/go/api.gen.go:4597.16,4599.3 1 0
github.com/corvusHold/guard/sdk/go/api.gen.go:4601.2,4602.29 2 2
github.com/corvusHold/guard/sdk/go/api.gen.go:4602.29,4604.3 1 2
github.com/corvusHold/guard/sdk/go/api.gen.go:4606.2,4607.16 2 2
github.com/corvusHold/guard/sdk/go/api.gen.go:4607.16,4609.3 1 0
github.com/corvusHold/guard/sdk/go/api.gen.go:4611.2,4612.16 2 2
github.com/corvusHold/guard/sdk/go/api.gen.go:4612.16,4614.3 1 0
github.com/corvusHold/guard/sdk/go/api.gen.go:4616.2,4618.17 2 2
github.com/corvusHold/guard/sdk/go/api.gen.go:4622.123,4626.16 3 2
github.com/corvusHold/guard/sdk/go/api.gen.go:4626.16,4628.3 1 0
github.com/corvusHold/guard/sdk/go/api.gen.go:4630.2,4631.29 2 2
github.com/corvusHold/guard/sdk/go/api.gen.go:4631.29,4633.3 1 2
github.com/corvusHold/guard/sdk/go/api.gen.go:4635.2,4636.16 2 2
github.com/corvusHold/guard/sdk/go/api.gen.go:4636.16,4638.3 1 0
github.com/corvusHold/guard/sdk/go/api.gen.go:4640.2,4640.19 1 2
github.com/corvusHold/guard/sdk/go/api.gen.go:4640.19,4643.139 2 2
github.com/corvusHold/guard/sdk/go/api.gen.go:4643.139,4645.4 1 0
github.com/corvusHold/guard/sdk/go/api.gen.go:4645.9,4645.66 1 2
github.com/corvusHold/guard/sdk/go/api.gen.go:4645.66,4647.4 1 0
github.com/corvusHold/guard/sdk/go/api.gen.go:4647.9,4648.29 1 2
github.com/corvusHold/guard/sdk/go/api.gen.go:4648.29,4649.26 1 2
github.com/corvusHold/guard/sdk/go/api.gen.go:4649.26,4651.6 1 2
github.com/corvusHold/guard/sdk/go/api.gen.go:4655.3,4655.43 1 2
github.com/corvusHold/guard/sdk/go/api.gen.go:4658.2,4659.16 2 2
github.com/corvusHold/guard/sdk/go/api.gen.go:4659.16,4661.3 1 0
github.com/corvusHold/guard/sdk/go/api.gen.go:4663.2,4663.17 1 2
github.com/corvusHold/guard/sdk/go/api.gen.go:4667.131,4670.16 3 1
github.com/corvusHold/guard/sdk/go/api.gen.go:4670.16,4672.3 1 0
github.com/corvusHold/guard/sdk/go/api.gen.go:4673.2,4674.94 2 1
github.com/corvusHold/guard/sdk/go/api.gen.go:4678.126,4682.16 3 1
github.com/corvusHold/guard/sdk/go/api.gen.go:4682.16,4684.3 1 0
github.com/corvusHold/guard/sdk/go/api.gen.go:4686.2,4687.29 2 1
github.com/corvusHold/guard/sdk/go/api.gen.go:4687.29,4689.3 1 1
github.com/corvusHold/guard/sdk/go/api.gen.go:4691.2,4692.16 2 1
github.com/corvusHold/guard/sdk/go/api.gen.go:4692.16,4694.3 1 0
github.com/corvusHold/guard/sdk/go/api.gen.go:4696.2,4697.16 2 1
github.com/corvusHold/guard/sdk/go/api.gen.go:4697.16,4699.3 1 0
github.com/corvusHold/guard/sdk/go/api.gen.go:4701.2,4703.17 2 1
github.com/corvusHold/guard/sdk/go/api.gen.go:4707.144,4713.16 4 1
github.com/corvusHold/guard/sdk/go/api.gen.go:4713.16,4715.3 1 0
github.com/corvusHold/guard/sdk/go/api.gen.go:4717.2,4718.16 2 1
github.com/corvusHold/guard/sdk/go/api.gen.go:4718.16,4720.3 1 0
github.com/corvusHold/guard/sdk/go/api.gen.go:4722.2,4723.29 2 1
github.com/corvusHold/guard/sdk/go/api.gen.go:4723.29,4725.3 1 1
github.com/corvusHold/guard/sdk/go/api.gen.go:4727.2,4728.16 2 1
github.com/corvusHold/guard/sdk/go/api.gen.go:4728.16,4730.3 1 0
github.com/corvusHold/guard/sdk/go/api.gen.go:4732.2,4732.19 1 1
github.com/corvusHold/guard/sdk/go/api.gen.go:4732.19,4735.139 2 1
github.com/corvusHold/guard/sdk/go/api.gen.go:4735.139,4737.4 1 0
github.com/corvusHold/guard/sdk/go/api.gen.go:4737.9,4737.66 1 1
github.com/corvusHold/guard/sdk/go/api.gen.go:4737.66,4739.4 1 0
github.com/corvusHold/guard/sdk/go/api.gen.go:4739.9,4740.29 1 1
github.com/corvusHold/guard/sdk/go/api.gen.go:4740.29,4741.26 1 1
github.com/corvusHold/guard/sdk/go/api.gen.go:4741.26,4743.6 1 1
github.com/corvusHold/guard/sdk/go/api.gen.go:4747.3,4747.43 1 1
github.com/corvusHold/guard/sdk/go/api.gen.go:4750.2,4751.16 2 1
github.com/corvusHold/guard/sdk/go/api.gen.go:4751.16,4753.3 1 0
github.com/corvusHold/guard/sdk/go/api.gen.go:4755.2,4755.17 1 1
github.com/corvusHold/guard/sdk/go/api.gen.go:4759.164,4762.16 3 2
github.com/corvusHold/guard/sdk/go/api.gen.go:4762.16,4764.3 1 0
github.com/corvusHold/guard/sdk/go/api.gen.go:4765.2,4766.109 2 2
github.com/corvusHold/guard/sdk/go/api.gen.go:4770.148,4776.16 4 2
github.com/corvusHold/guard/sdk/go/api.gen.go:4776.16,4778.3 1 0
github.com/corvusHold/guard/sdk/go/api.gen.go:4780.2,4781.16 2 2
github.com/corvusHold/guard/sdk/go/api.gen.go:4781.16,4783.3 1 0
github.com/corvusHold/guard/sdk/go/api.gen.go:4785.2,4786.29 2 2
github.com/corvusHold/guard/sdk/go/api.gen.go:4786.29,4788.3 1 2
github.com/corvusHold/guard/sdk/go/api.gen.go:4790.2,4791.16 2 2
github.com/corvusHold/guard/sdk/go/api.gen.go:4791.16,4793.3 1 0
github.com/corvusHold/guard/sdk/go/api.gen.go:4795.2,4796.16 2 2
github.com/corvusHold/guard/sdk/go/api.gen.go:4796.16,4798.3 1 0
github.com/corvusHold/guard/sdk/go/api.gen.go:4800.2,4802.17 2 2
github.com/corvusHold/guard/sdk/go/api.gen.go:4806.160,4809.16 3 2
github.com/corvusHold/guard/sdk/go/api.gen.go:4809.16,4811.3 1 0
github.com/corvusHold/guard/sdk/go/api.gen.go:4812.2,4813.107 2 2
github.com/corvusHold/guard/sdk/go/api.gen.go:4817.146,4823.16 4 2
github.com/corvusHold/guard/sdk/go/api.gen.go:4823.16,4825.3 1 0
github.com/corvusHold/guard/sdk/go/api.gen.go:4827.2,4828.16 2 2
github.com/corvusHold/guard/sdk/go/api.gen.go:4828.16,4830.3 1 0
github.com/corvusHold/guard/sdk/go/api.gen.go:4832.2,4833.29 2 2
github.com/corvusHold/guard/sdk/go/api.gen.go:4833.29,4835.3 1 2
github.com/corvusHold/guard/sdk/go/api.gen.go:4837.2,4838.16 2 2
github.com/corvusHold/guard/sdk/go/api.gen.go:4838.16,4840.3 1 0
github.com/corvusHold/guard/sdk/go/api.gen.go:4842.2,4843.16 2 2
github.com/corvusHold/guard/sdk/go/api.gen.go:4843.16,4845.3 1 0
github.com/corvusHold/guard/sdk/go/api.gen.go:4847.2,4849.17 2 2
github.com/corvusHold/guard/sdk/go/api.gen.go:4853.127,4857.16 3 0
github.com/corvusHold/guard/sdk/go/api.gen.go:4857.16,4859.3 1 0
github.com/corvusHold/guard/sdk/go/api.gen.go:4861.2,4862.29 2 0
github.com/corvusHold/guard/sdk/go/api.gen.go:4862.29,4864.3 1 0
github.com/corvusHold/guard/sdk/go/api.gen.go:4866.2,4867.16 2 0
github.com/corvusHold/guard/sdk/go/api.gen.go:4867.16,4869.3 1 0
github.com/corvusHold/guard/sdk/go/api.gen.go:4871.2,4871.19 1 0
github.com/corvusHold/guard/sdk/go/api.gen.go:4871.19,4874.139 2 0
github.com/corvusHold/guard/sdk/go/api.gen.go:4874.139,4876.4 1 0
github.com/corvusHold/guard/sdk/go/api.gen.go:4876.9,4876.66 1 0
github.com/corvusHold/guard/sdk/go/api.gen.go:4876.66,4878.4 1 0
github.com/corvusHold/guard/sdk/go/api.gen.go:4878.9,4879.29 1 0
github.com/corvusHold/guard/sdk/go/api.gen.go:4879.29,4880.26 1 0
github.com/corvusHold/guard/sdk/go/api.gen.go:4880.26,4882.6 1 0
github.com/corvusHold/guard/sdk/go/api.gen.go:4886.3,4886.27 1 0
github.com/corvusHold/guard/sdk/go/api.gen.go:4886.27,4888.136 1 0
github.com/corvusHold/guard/sdk/go/api.gen.go:4888.136,4890.5 1 0
github.com/corvusHold/guard/sdk/go/api.gen.go:4890.10,4890.67 1 0
github.com/corvusHold/guard/sdk/go/api.gen.go:4890.67,4892.5 1 0
github.com/corvusHold/guard/sdk/go/api.gen.go:4892.10,4893.30 1 0
github.com/corvusHold/guard/sdk/go/api.gen.go:4893.30,4894.27 1 0
github.com/corvusHold/guard/sdk/go/api.gen.go:4894.27,4896.7 1 0
github.com/corvusHold/guard/sdk/go/api.gen.go:4902.3,4902.43 1 0
github.com/corvusHold/guard/sdk/go/api.gen.go:4905.2,4906.16 2 0
github.com/corvusHold/guard/sdk/go/api.gen.go:4906.16,4908.3 1 0
github.com/corvusHold/guard/sdk/go/api.gen.go:4910.2,4910.17 1 0
github.com/corvusHold/guard/sdk/go/api.gen.go:4914.135,4917.16 3 0
github.com/corvusHold/guard/sdk/go/api.gen.go:4917.16,4919.3 1 0
github.com/corvusHold/guard/sdk/go/api.gen.go:4920.2,4921.96 2 0
github.com/corvusHold/guard/sdk/go/api.gen.go:4925.128,4929.16 3 0
github.com/corvusHold/guard/sdk/go/api.gen.go:4929.16,4931.3 1 0
github.com/corvusHold/guard/sdk/go/api.gen.go:4933.2,4934.29 2 0
github.com/corvusHold/guard/sdk/go/api.gen.go:4934.29,4936.3 1 0
github.com/corvusHold/guard/sdk/go/api.gen.go:4938.2,4939.16 2 0
github.com/corvusHold/guard/sdk/go/api.gen.go:4939.16,4941.3 1 0
github.com/corvusHold/guard/sdk/go/api.gen.go:4943.2,4944.16 2 0
github.com/corvusHold/guard/sdk/go/api.gen.go:4944.16,4946.3 1 0
github.com/corvusHold/guard/sdk/go/api.gen.go:4948.2,4950.17 2 0
github.com/corvusHold/guard/sdk/go/api.gen.go:4954.99,4960.16 4 0
github.com/corvusHold/guard/sdk/go/api.gen.go:4960.16,4962.3 1 0
github.com/corvusHold/guard/sdk/go/api.gen.go:4964.2,4965.16 2 0
github.com/corvusHold/guard/sdk/go/api.gen.go:4965.16,4967.3 1 0
github.com/corvusHold/guard/sdk/go/api.gen.go:4969.2,4970.29 2 0
github.com/corvusHold/guard/sdk/go/api.gen.go:4970.29,4972.3 1 0
github.com/corvusHold/guard/sdk/go/api.gen.go:4974.2,4975.16 2 0
github.com/corvusHold/guard/sdk/go/api.gen.go:4975.16,4977.3 1 0
github.com/corvusHold/guard/sdk/go/api.gen.go:4979.2,4980.16 2 0
github.com/corvusHold/guard/sdk/go/api.gen.go:4980.16,4982.3 1 0
github.com/corvusHold/guard/sdk/go/api.gen.go:4984.2,4984.17 1 0
github.com/corvusHold/guard/sdk/go/api.gen.go:4988.103,4994.16 4 0
github.com/corvusHold/guard/sdk/go/api.gen.go:4994.16,4996.3 1 0
github.com/corvusHold/guard/sdk/go/api.gen.go:4998.2,4999.16 2 0
github.com/corvusHold/guard/sdk/go/api.gen.go:4999.16,5001.3 1 0
github.com/corvusHold/guard/sdk/go/api.gen.go:5003.2,5004.29 2 0
github.com/corvusHold/guard/sdk/go/api.gen.go:5004.29,5006.3 1 0
github.com/corvusHold/guard/sdk/go/api.gen.go:5008.2,5009.16 2 0
github.com/corvusHold/guard/sdk/go/api.gen.go:5009.16,5011.3 1 0
github.com/corvusHold/guard/sdk/go/api.gen.go:5013.2,5014.16 2 0
github.com/corvusHold/guard/sdk/go/api.gen.go:5014.16,5016.3 1 0
github.com/corvusHold/guard/sdk/go/api.gen.go:5018.2,5018.17 1 0
github.com/corvusHold/guard/sdk/go/api.gen.go:5022.84,5026.16 3 0
github.com/corvusHold/guard/sdk/go/api.gen.go:5026.16,5028.3 1 0
github.com/corvusHold/guard/sdk/go/api.gen.go:5030.2,5031.29 2 0
github.com/corvusHold/guard/sdk/go/api.gen.go:5031.29,5033.3 1 0
github.com/corvusHold/guard/sdk/go/api.gen.go:5035.2,5036.16 2 0
github.com/corvusHold/guard/sdk/go/api.gen.go:5036.16,5038.3 1 0
github.com/corvusHold/guard/sdk/go/api.gen.go:5040.2,5041.16 2 0
github.com/corvusHold/guard/sdk/go/api.gen.go:5041.16,5043.3 1 0
github.com/corvusHold/guard/sdk/go/api.gen.go:5045.2,5045.17 1 0
github.com/corvusHold/guard/sdk/go/api.gen.go:5049.137,5052.16 3 0
github.com/corvusHold/guard/sdk/go/api.gen.go:5052.16,5054.3 1 0
github.com/corvusHold/guard/sdk/go/api.gen.go:5055.2,5056.97 2 0
github.com/corvusHold/guard/sdk/go/api.gen.go:5060.129,5064.16 3 0
github.com/corvusHold/guard/sdk/go/api.gen.go:5064.16,5066.3 1 0
github.com/corvusHold/guard/sdk/go/api.gen.go:5068.2,5069.29 2 0
github.com/corvusHold/guard/sdk/go/api.gen.go:5069.29,5071.3 1 0
github.com/corvusHold/guard/sdk/go/api.gen.go:5073.2,5074.16 2 0
github.com/corvusHold/guard/sdk/go/api.gen.go:5074.16,5076.3 1 0
github.com/corvusHold/guard/sdk/go/api.gen.go:5078.2,5079.16 2 0
github.com/corvusHold/guard/sdk/go/api.gen.go:5079.16,5081.3 1 0
github.com/corvusHold/guard/sdk/go/api.gen.go:5083.2,5085.17 2 0
github.com/corvusHold/guard/sdk/go/api.gen.go:5089.100,5095.16 4 0
github.com/corvusHold/guard/sdk/go/api.gen.go:5095.16,5097.3 1 0
github.com/corvusHold/guard/sdk/go/api.gen.go:5099.2,5100.16 2 0
github.com/corvusHold/guard/sdk/go/api.gen.go:5100.16,5102.3 1 0
github.com/corvusHold/guard/sdk/go/api.gen.go:5104.2,5105.29 2 0
github.com/corvusHold/guard/sdk/go/api.gen.go:5105.29,5107.3 1 0
github.com/corvusHold/guard/sdk/go/api.gen.go:5109.2,5110.16 2 0
github.com/corvusHold/guard/sdk/go/api.gen.go:5110.16,5112.3 1 0
github.com/corvusHold/guard/sdk/go/api.gen.go:5114.2,5115.16 2 0
github.com/corvusHold/guard/sdk/go/api.gen.go:5115.16,5117.3 1 0
github.com/corvusHold/guard/sdk/go/api.gen.go:5119.2,5119.17 1 0
github.com/corvusHold/guard/sdk/go/api.gen.go:5123.97,5129.16 4 0
github.com/corvusHold/guard/sdk/go/api.gen.go:5129.16,5131.3 1 0
github.com/corvusHold/guard/sdk/go/api.gen.go:5133.2,5134.16 2 0
github.com/corvusHold/guard/sdk/go/api.gen.go:5134.16,5136.3 1 0
github.com/corvusHold/guard/sdk/go/api.gen.go:5138.2,5139.29 2 0
github.com/corvusHold/guard/sdk/go/api.gen.go:5139.29,5141.3 1 0
github.com/corvusHold/guard/sdk/go/api.gen.go:5143.2,5144.16 2 0
github.com/corvusHold/guard/sdk/go/api.gen.go:5144.16,5146.3 1 0
github.com/corvusHold/guard/sdk/go/api.gen.go:5148.2,5149.16 2 0
github.com/corvusHold/guard/sdk/go/api.gen.go:5149.16,5151.3 1 0
github.com/corvusHold/guard/sdk/go/api.gen.go:5153.2,5153.17 1 0
github.com/corvusHold/guard/sdk/go/api.gen.go:5157.154,5160.16 3 0
github.com/corvusHold/guard/sdk/go/api.gen.go:5160.16,5162.3 1 0
github.com/corvusHold/guard/sdk/go/api.gen.go:5163.2,5164.104 2 0
github.com/corvusHold/guard/sdk/go/api.gen.go:5168.143,5174.16 4 0
github.com/corvusHold/guard/sdk/go/api.gen.go:5174.16,5176.3 1 0
github.com/corvusHold/guard/sdk/go/api.gen.go:5178.2,5179.16 2 0
github.com/corvusHold/guard/sdk/go/api.gen.go:5179.16,5181.3 1 0
github.com/corvusHold/guard/sdk/go/api.gen.go:5183.2,5184.29 2 0
github.com/corvusHold/guard/sdk/go/api.gen.go:5184.29,5186.3 1 0
github.com/corvusHold/guard/sdk/go/api.gen.go:5188.2,5189.16 2 0
github.com/corvusHold/guard/sdk/go/api.gen.go:5189.16,5191.3 1 0
github.com/corvusHold/guard/sdk/go/api.gen.go:5193.2,5194.16 2 0
github.com/corvusHold/guard/sdk/go/api.gen.go:5194.16,5196.3 1 0
github.com/corvusHold/guard/sdk/go/api.gen.go:5198.2,5200.17 2 0
github.com/corvusHold/guard/sdk/go/api.gen.go:5204.139,5208.16 3 0
github.com/corvusHold/guard/sdk/go/api.gen.go:5208.16,5210.3 1 0
github.com/corvusHold/guard/sdk/go/api.gen.go:5212.2,5213.29 2 0
github.com/corvusHold/guard/sdk/go/api.gen.go:5213.29,5215.3 1 0
github.com/corvusHold/guard/sdk/go/api.gen.go:5217.2,5218.16 2 0
github.com/corvusHold/guard/sdk/go/api.gen.go:5218.16,5220.3 1 0
github.com/corvusHold/guard/sdk/go/api.gen.go:5222.2,5222.19 1 0
github.com/corvusHold/guard/sdk/go/api.gen.go:5222.19,5225.29 2 0
github.com/corvusHold/guard/sdk/go/api.gen.go:5225.29,5227.141 1 0
github.com/corvusHold/guard/sdk/go/api.gen.go:5227.141,5229.5 1 0
github.com/corvusHold/guard/sdk/go/api.gen.go:5229.10,5229.67 1 0
github.com/corvusHold/guard/sdk/go/api.gen.go:5229.67,5231.5 1 0
github.com/corvusHold/guard/sdk/go/api.gen.go:5231.10,5232.30 1 0
github.com/corvusHold/guard/sdk/go/api.gen.go:5232.30,5233.27 1 0
github.com/corvusHold/guard/sdk/go/api.gen.go:5233.27,5235.7 1 0
github.com/corvusHold/guard/sdk/go/api.gen.go:5241.3,5241.27 1 0
github.com/corvusHold/guard/sdk/go/api.gen.go:5241.27,5243.137 1 0
github.com/corvusHold/guard/sdk/go/api.gen.go:5243.137,5245.5 1 0
github.com/corvusHold/guard/sdk/go/api.gen.go:5245.10,5245.67 1 0
github.com/corvusHold/guard/sdk/go/api.gen.go:5245.67,5247.5 1 0
github.com/corvusHold/guard/sdk/go/api.gen.go:5247.10,5248.30 1 0
github.com/corvusHold/guard/sdk/go/api.gen.go:5248.30,5249.27 1 0
github.com/corvusHold/guard/sdk/go/api.gen.go:5249.27,5251.7 1 0
github.com/corvusHold/guard/sdk/go/api.gen.go:5257.3,5257.27 1 0
github.com/corvusHold/guard/sdk/go/api.gen.go:5257.27,5259.136 1 0
github.com/corvusHold/guard/sdk/go/api.gen.go:5259.136,5261.5 1 0
github.com/corvusHold/guard/sdk/go/api.gen.go:5261.10,5261.67 1 0
github.com/corvusHold/guard/sdk/go/api.gen.go:5261.67,5263.5 1 0
github.com/corvusHold/guard/sdk/go/api.gen.go:5263.10,5264.30 1 0
github.com/corvusHold/guard/sdk/go/api.gen.go:5264.30,5265.27 1 0
github.com/corvusHold/guard/sdk/go/api.gen.go:5265.27,5267.7 1 0
github.com/corvusHold/guard/sdk/go/api.gen.go:5273.3,5273.26 1 0
github.com/corvusHold/guard/sdk/go/api.gen.go:5273.26,5275.134 1 0
github.com/corvusHold/guard/sdk/go/api.gen.go:5275.134,5277.5 1 0
github.com/corvusHold/guard/sdk/go/api.gen.go:5277.10,5277.67 1 0
github.com/corvusHold/guard/sdk/go/api.gen.go:5277.67,5279.5 1 0
github.com/corvusHold/guard/sdk/go/api.gen.go:5279.10,5280.30 1 0
github.com/corvusHold/guard/sdk/go/api.gen.go:5280.30,5281.27 1 0
github.com/corvusHold/guard/sdk/go/api.gen.go:5281.27,5283.7 1 0
github.com/corvusHold/guard/sdk/go/api.gen.go:5289.3,5289.27 1 0
github.com/corvusHold/guard/sdk/go/api.gen.go:5289.27,5291.136 1 0
github.com/corvusHold/guard/sdk/go/api.gen.go:5291.136,5293.5 1 0
github.com/corvusHold/guard/sdk/go/api.gen.go:5293.10,5293.67 1 0
github.com/corvusHold/guard/sdk/go/api.gen.go:5293.67,5295.5 1 0
github.com/corvusHold/guard/sdk/go/api.gen.go:5295.10,5296.30 1 0
github.com/corvusHold/guard/sdk/go/api.gen.go:5296.30,5297.27 1 0
github.com/corvusHold/guard/sdk/go/api.gen.go:5297.27,5299.7 1 0
github.com/corvusHold/guard/sdk/go/api.gen.go:5305.3,5305.43 1 0
github.com/corvusHold/guard/sdk/go/api.gen.go:5308.2,5309.16 2 0
github.com/corvusHold/guard/sdk/go/api.gen.go:5309.16,5311.3 1 0
github.com/corvusHold/guard/sdk/go/api.gen.go:5313.2,5313.17 1 0
github.com/corvusHold/guard/sdk/go/api.gen.go:5317.85,5321.16 3 0
github.com/corvusHold/guard/sdk/go/api.gen.go:5321.16,5323.3 1 0
github.com/corvusHold/guard/sdk/go/api.gen.go:5325.2,5326.29 2 0
github.com/corvusHold/guard/sdk/go/api.gen.go:5326.29,5328.3 1 0
github.com/corvusHold/guard/sdk/go/api.gen.go:5330.2,5331.16 2 0
github.com/corvusHold/guard/sdk/go/api.gen.go:5331.16,5333.3 1 0
github.com/corvusHold/guard/sdk/go/api.gen.go:5335.2,5336.16 2 0
github.com/corvusHold/guard/sdk/go/api.gen.go:5336.16,5338.3 1 0
github.com/corvusHold/guard/sdk/go/api.gen.go:5340.2,5340.17 1 0
github.com/corvusHold/guard/sdk/go/api.gen.go:5344.135,5348.16 3 0
github.com/corvusHold/guard/sdk/go/api.gen.go:5348.16,5350.3 1 0
github.com/corvusHold/guard/sdk/go/api.gen.go:5352.2,5353.29 2 0
github.com/corvusHold/guard/sdk/go/api.gen.go:5353.29,5355.3 1 0
github.com/corvusHold/guard/sdk/go/api.gen.go:5357.2,5358.16 2 0
github.com/corvusHold/guard/sdk/go/api.gen.go:5358.16,5360.3 1 0
github.com/corvusHold/guard/sdk/go/api.gen.go:5362.2,5362.19 1 0
github.com/corvusHold/guard/sdk/go/api.gen.go:5362.19,5365.26 2 0
github.com/corvusHold/guard/sdk/go/api.gen.go:5365.26,5367.134 1 0
github.com/corvusHold/guard/sdk/go/api.gen.go:5367.134,5369.5 1 0
github.com/corvusHold/guard/sdk/go/api.gen.go:5369.10,5369.67 1 0
github.com/corvusHold/guard/sdk/go/api.gen.go:5369.67,5371.5 1 0
github.com/corvusHold/guard/sdk/go/api.gen.go:5371.10,5372.30 1 0
github.com/corvusHold/guard/sdk/go/api.gen.go:5372.30,5373.27 1 0
github.com/corvusHold/guard/sdk/go/api.gen.go:5373.27,5375.7 1 0
github.com/corvusHold/guard/sdk/go/api.gen.go:5381.3,5381.27 1 0
github.com/corvusHold/guard/sdk/go/api.gen.go:5381.27,5383.136 1 0
github.com/corvusHold/guard/sdk/go/api.gen.go:5383.136,5385.5 1 0
github.com/corvusHold/guard/sdk/go/api.gen.go:5385.10,5385.67 1 0
github.com/corvusHold/guard/sdk/go/api.gen.go:5385.67,5387.5 1 0
github.com/corvusHold/guard/sdk/go/api.gen.go:5387.10,5388.30 1 0
github.com/corvusHold/guard/sdk/go/api.gen.go:5388.30,5389.27 1 0
github.com/corvusHold/guard/sdk/go/api.gen.go:5389.27,5391.7 1 0
github.com/corvusHold/guard/sdk/go/api.gen.go:5397.3,5397.43 1 0
github.com/corvusHold/guard/sdk/go/api.gen.go:5400.2,5401.16 2 0
github.com/corvusHold/guard/sdk/go/api.gen.go:5401.16,5403.3 1 0
github.com/corvusHold/guard/sdk/go/api.gen.go:5405.2,5405.17 1 0
github.com/corvusHold/guard/sdk/go/api.gen.go:5409.143,5413.16 3 0
github.com/corvusHold/guard/sdk/go/api.gen.go:5413.16,5415.3 1 0
github.com/corvusHold/guard/sdk/go/api.gen.go:5417.2,5418.29 2 0
github.com/corvusHold/guard/sdk/go/api.gen.go:5418.29,5420.3 1 0
github.com/corvusHold/guard/sdk/go/api.gen.go:5422.2,5423.16 2 0
github.com/corvusHold/guard/sdk/go/api.gen.go:5423.16,5425.3 1 0
github.com/corvusHold/guard/sdk/go/api.gen.go:5427.2,5427.19 1 0
github.com/corvusHold/guard/sdk/go/api.gen.go:5427.19,5430.124 2 0
github.com/corvusHold/guard/sdk/go/api.gen.go:5430.124,5432.4 1 0
github.com/corvusHold/guard/sdk/go/api.gen.go:5432.9,5432.66 1 0
github.com/corvusHold/guard/sdk/go/api.gen.go:5432.66,5434.4 1 0
github.com/corvusHold/guard/sdk/go/api.gen.go:5434.9,5435.29 1 0
github.com/corvusHold/guard/sdk/go/api.gen.go:5435.29,5436.26 1 0
github.com/corvusHold/guard/sdk/go/api.gen.go:5436.26,5438.6 1 0
github.com/corvusHold/guard/sdk/go/api.gen.go:5442.3,5442.43 1 0
github.com/corvusHold/guard/sdk/go/api.gen.go:5445.2,5446.16 2 0
github.com/corvusHold/guard/sdk/go/api.gen.go:5446.16,5448.3 1 0
github.com/corvusHold/guard/sdk/go/api.gen.go:5450.2,5450.17 1 0
github.com/corvusHold/guard/sdk/go/api.gen.go:5454.87,5458.16 3 1
github.com/corvusHold/guard/sdk/go/api.gen.go:5458.16,5460.3 1 0
github.com/corvusHold/guard/sdk/go/api.gen.go:5462.2,5463.29 2 1
github.com/corvusHold/guard/sdk/go/api.gen.go:5463.29,5465.3 1 1
github.com/corvusHold/guard/sdk/go/api.gen.go:5467.2,5468.16 2 1
github.com/corvusHold/guard/sdk/go/api.gen.go:5468.16,5470.3 1 0
github.com/corvusHold/guard/sdk/go/api.gen.go:5472.2,5473.16 2 1
github.com/corvusHold/guard/sdk/go/api.gen.go:5473.16,5475.3 1 0
github.com/corvusHold/guard/sdk/go/api.gen.go:5477.2,5477.17 1 1
github.com/corvusHold/guard/sdk/go/api.gen.go:5481.123,5485.16 3 1
github.com/corvusHold/guard/sdk/go/api.gen.go:5485.16,5487.3 1 0
github.com/corvusHold/guard/sdk/go/api.gen.go:5489.2,5490.29 2 1
github.com/corvusHold/guard/sdk/go/api.gen.go:5490.29,5492.3 1 1
github.com/corvusHold/guard/sdk/go/api.gen.go:5494.2,5495.16 2 1
github.com/corvusHold/guard/sdk/go/api.gen.go:5495.16,5497.3 1 0
github.com/corvusHold/guard/sdk/go/api.gen.go:5499.2,5499.19 1 1
github.com/corvusHold/guard/sdk/go/api.gen.go:5499.19,5502.139 2 1
github.com/corvusHold/guard/sdk/go/api.gen.go:5502.139,5504.4 1 0
github.com/corvusHold/guard/sdk/go/api.gen.go:5504.9,5504.66 1 1
github.com/corvusHold/guard/sdk/go/api.gen.go:5504.66,5506.4 1 0
github.com/corvusHold/guard/sdk/go/api.gen.go:5506.9,5507.29 1 1
github.com/corvusHold/guard/sdk/go/api.gen.go:5507.29,5508.26 1 1
github.com/corvusHold/guard/sdk/go/api.gen.go:5508.26,5510.6 1 1
github.com/corvusHold/guard/sdk/go/api.gen.go:5514.3,5514.43 1 1
github.com/corvusHold/guard/sdk/go/api.gen.go:5517.2,5518.16 2 1
github.com/corvusHold/guard/sdk/go/api.gen.go:5518.16,5520.3 1 0
github.com/corvusHold/guard/sdk/go/api.gen.go:5522.2,5522.17 1 1
github.com/corvusHold/guard/sdk/go/api.gen.go:5526.131,5529.16 3 1
github.com/corvusHold/guard/sdk/go/api.gen.go:5529.16,5531.3 1 0
github.com/corvusHold/guard/sdk/go/api.gen.go:5532.2,5533.94 2 1
github.com/corvusHold/guard/sdk/go/api.gen.go:5537.126,5541.16 3 1
github.com/corvusHold/guard/sdk/go/api.gen.go:5541.16,5543.3 1 0
github.com/corvusHold/guard/sdk/go/api.gen.go:5545.2,5546.29 2 1
github.com/corvusHold/guard/sdk/go/api.gen.go:5546.29,5548.3 1 1
github.com/corvusHold/guard/sdk/go/api.gen.go:5550.2,5551.16 2 1
github.com/corvusHold/guard/sdk/go/api.gen.go:5551.16,5553.3 1 0
github.com/corvusHold/guard/sdk/go/api.gen.go:5555.2,5556.16 2 1
github.com/corvusHold/guard/sdk/go/api.gen.go:5556.16,5558.3 1 0
github.com/corvusHold/guard/sdk/go/api.gen.go:5560.2,5562.17 2 1
github.com/corvusHold/guard/sdk/go/api.gen.go:5566.144,5572.16 4 1
github.com/corvusHold/guard/sdk/go/api.gen.go:5572.16,5574.3 1 0
github.com/corvusHold/guard/sdk/go/api.gen.go:5576.2,5577.16 2 1
github.com/corvusHold/guard/sdk/go/api.gen.go:5577.16,5579.3 1 0
github.com/corvusHold/guard/sdk/go/api.gen.go:5581.2,5582.29 2 1
github.com/corvusHold/guard/sdk/go/api.gen.go:5582.29,5584.3 1 1
github.com/corvusHold/guard/sdk/go/api.gen.go:5586.2,5587.16 2 1
github.com/corvusHold/guard/sdk/go/api.gen.go:5587.16,5589.3 1 0
github.com/corvusHold/guard/sdk/go/api.gen.go:5591.2,5591.19 1 1
github.com/corvusHold/guard/sdk/go/api.gen.go:5591.19,5594.139 2 1
github.com/corvusHold/guard/sdk/go/api.gen.go:5594.139,5596.4 1 0
github.com/corvusHold/guard/sdk/go/api.gen.go:5596.9,5596.66 1 1
github.com/corvusHold/guard/sdk/go/api.gen.go:5596.66,5598.4 1 0
github.com/corvusHold/guard/sdk/go/api.gen.go:5598.9,5599.29 1 1
github.com/corvusHold/guard/sdk/go/api.gen.go:5599.29,5600.26 1 1
github.com/corvusHold/guard/sdk/go/api.gen.go:5600.26,5602.6 1 1
github.com/corvusHold/guard/sdk/go/api.gen.go:5606.3,5606.43 1 1
github.com/corvusHold/guard/sdk/go/api.gen.go:5609.2,5610.16 2 1
github.com/corvusHold/guard/sdk/go/api.gen.go:5610.16,5612.3 1 0
github.com/corvusHold/guard/sdk/go/api.gen.go:5614.2,5614.17 1 1
github.com/corvusHold/guard/sdk/go/api.gen.go:5618.148,5621.16 3 1
github.com/corvusHold/guard/sdk/go/api.gen.go:5621.16,5623.3 1 0
github.com/corvusHold/guard/sdk/go/api.gen.go:5624.2,5625.101 2 1
github.com/corvusHold/guard/sdk/go/api.gen.go:5629.140,5635.16 4 1
github.com/corvusHold/guard/sdk/go/api.gen.go:5635.16,5637.3 1 0
github.com/corvusHold/guard/sdk/go/api.gen.go:5639.2,5640.16 2 1
github.com/corvusHold/guard/sdk/go/api.gen.go:5640.16,5642.3 1 0
github.com/corvusHold/guard/sdk/go/api.gen.go:5644.2,5645.29 2 1
github.com/corvusHold/guard/sdk/go/api.gen.go:5645.29,5647.3 1 1
github.com/corvusHold/guard/sdk/go/api.gen.go:5649.2,5650.16 2 1
github.com/corvusHold/guard/sdk/go/api.gen.go:5650.16,5652.3 1 0
github.com/corvusHold/guard/sdk/go/api.gen.go:5654.2,5655.16 2 1
github.com/corvusHold/guard/sdk/go/api.gen.go:5655.16,5657.3 1 0
github.com/corvusHold/guard/sdk/go/api.gen.go:5659.2,5661.17 2 1
github.com/corvusHold/guard/sdk/go/api.gen.go:5665.172,5668.16 3 1
github.com/corvusHold/guard/sdk/go/api.gen.go:5668.16,5670.3 1 0
github.com/corvusHold/guard/sdk/go/api.gen.go:5671.2,5672.113 2 1
github.com/corvusHold/guard/sdk/go/api.gen.go:5676.152,5682.16 4 1
github.com/corvusHold/guard/sdk/go/api.gen.go:5682.16,5684.3 1 0
github.com/corvusHold/guard/sdk/go/api.gen.go:5686.2,5687.16 2 1
github.com/corvusHold/guard/sdk/go/api.gen.go:5687.16,5689.3 1 0
github.com/corvusHold/guard/sdk/go/api.gen.go:5691.2,5692.29 2 1
github.com/corvusHold/guard/sdk/go/api.gen.go:5692.29,5694.3 1 1
github.com/corvusHold/guard/sdk/go/api.gen.go:5696.2,5697.16 2 1
github.com/corvusHold/guard/sdk/go/api.gen.go:5697.16,5699.3 1 0
github.com/corvusHold/guard/sdk/go/api.gen.go:5701.2,5702.16 2 1
github.com/corvusHold/guard/sdk/go/api.gen.go:5702.16,5704.3 1 0
github.com/corvusHold/guard/sdk/go/api.gen.go:5706.2,5708.17 2 1
github.com/corvusHold/guard/sdk/go/api.gen.go:5712.168,5715.16 3 1
github.com/corvusHold/guard/sdk/go/api.gen.go:5715.16,5717.3 1 0
github.com/corvusHold/guard/sdk/go/api.gen.go:5718.2,5719.111 2 1
github.com/corvusHold/guard/sdk/go/api.gen.go:5723.150,5729.16 4 1
github.com/corvusHold/guard/sdk/go/api.gen.go:5729.16,5731.3 1 0
github.com/corvusHold/guard/sdk/go/api.gen.go:5733.2,5734.16 2 1
github.com/corvusHold/guard/sdk/go/api.gen.go:5734.16,5736.3 1 0
github.com/corvusHold/guard/sdk/go/api.gen.go:5738.2,5739.29 2 1
github.com/corvusHold/guard/sdk/go/api.gen.go:5739.29,5741.3 1 1
github.com/corvusHold/guard/sdk/go/api.gen.go:5743.2,5744.16 2 1
github.com/corvusHold/guard/sdk/go/api.gen.go:5744.16,5746.3 1 0
github.com/corvusHold/guard/sdk/go/api.gen.go:5748.2,5749.16 2 1
github.com/corvusHold/guard/sdk/go/api.gen.go:5749.16,5751.3 1 0
github.com/corvusHold/guard/sdk/go/api.gen.go:5753.2,5755.17 2 1
github.com/corvusHold/guard/sdk/go/api.gen.go:5759.174,5765.16 4 1
github.com/corvusHold/guard/sdk/go/api.gen.go:5765.16,5767.3 1 0
github.com/corvusHold/guard/sdk/go/api.gen.go:5769.2,5770.16 2 1
github.com/corvusHold/guard/sdk/go/api.gen.go:5770.16,5772.3 1 0
github.com/corvusHold/guard/sdk/go/api.gen.go:5774.2,5775.29 2 1
github.com/corvusHold/guard/sdk/go/api.gen.go:5775.29,5777.3 1 1
github.com/corvusHold/guard/sdk/go/api.gen.go:5779.2,5780.16 2 1
github.com/corvusHold/guard/sdk/go/api.gen.go:5780.16,5782.3 1 0
github.com/corvusHold/guard/sdk/go/api.gen.go:5784.2,5784.19 1 1
github.com/corvusHold/guard/sdk/go/api.gen.go:5784.19,5787.139 2 1
github.com/corvusHold/guard/sdk/go/api.gen.go:5787.139,5789.4 1 0
github.com/corvusHold/guard/sdk/go/api.gen.go:5789.9,5789.66 1 1
github.com/corvusHold/guard/sdk/go/api.gen.go:5789.66,5791.4 1 0
github.com/corvusHold/guard/sdk/go/api.gen.go:5791.9,5792.29 1 1
github.com/corvusHold/guard/sdk/go/api.gen.go:5792.29,5793.26 1 1
github.com/corvusHold/guard/sdk/go/api.gen.go:5793.26,5795.6 1 1
github.com/corvusHold/guard/sdk/go/api.gen.go:5799.3,5799.43 1 1
github.com/corvusHold/guard/sdk/go/api.gen.go:5802.2,5803.16 2 1
github.com/corvusHold/guard/sdk/go/api.gen.go:5803.16,5805.3 1 0
github.com/corvusHold/guard/sdk/go/api.gen.go:5807.2,5807.17 1 1
github.com/corvusHold/guard/sdk/go/api.gen.go:5811.160,5814.16 3 2
github.com/corvusHold/guard/sdk/go/api.gen.go:5814.16,5816.3 1 0
github.com/corvusHold/guard/sdk/go/api.gen.go:5817.2,5818.107 2 2
github.com/corvusHold/guard/sdk/go/api.gen.go:5822.146,5828.16 4 2
github.com/corvusHold/guard/sdk/go/api.gen.go:5828.16,5830.3 1 0
github.com/corvusHold/guard/sdk/go/api.gen.go:5832.2,5833.16 2 2
github.com/corvusHold/guard/sdk/go/api.gen.go:5833.16,5835.3 1 0
github.com/corvusHold/guard/sdk/go/api.gen.go:5837.2,5838.29 2 2
github.com/corvusHold/guard/sdk/go/api.gen.go:5838.29,5840.3 1 2
github.com/corvusHold/guard/sdk/go/api.gen.go:5842.2,5843.16 2 2
github.com/corvusHold/guard/sdk/go/api.gen.go:5843.16,5845.3 1 0
github.com/corvusHold/guard/sdk/go/api.gen.go:5847.2,5848.16 2 2
github.com/corvusHold/guard/sdk/go/api.gen.go:5848.16,5850.3 1 0
github.com/corvusHold/guard/sdk/go/api.gen.go:5852.2,5854.17 2 2
github.com/corvusHold/guard/sdk/go/api.gen.go:5858.148,5864.16 4 2
github.com/corvusHold/guard/sdk/go/api.gen.go:5864.16,5866.3 1 0
github.com/corvusHold/guard/sdk/go/api.gen.go:5868.2,5869.16 2 2
github.com/corvusHold/guard/sdk/go/api.gen.go:5869.16,5871.3 1 0
github.com/corvusHold/guard/sdk/go/api.gen.go:5873.2,5874.29 2 2
github.com/corvusHold/guard/sdk/go/api.gen.go:5874.29,5876.3 1 2
github.com/corvusHold/guard/sdk/go/api.gen.go:5878.2,5879.16 2 2
github.com/corvusHold/guard/sdk/go/api.gen.go:5879.16,5881.3 1 0
github.com/corvusHold/guard/sdk/go/api.gen.go:5883.2,5883.19 1 2
github.com/corvusHold/guard/sdk/go/api.gen.go:5883.19,5886.139 2 2
github.com/corvusHold/guard/sdk/go/api.gen.go:5886.139,5888.4 1 0
github.com/corvusHold/guard/sdk/go/api.gen.go:5888.9,5888.66 1 2
github.com/corvusHold/guard/sdk/go/api.gen.go:5888.66,5890.4 1 0
github.com/corvusHold/guard/sdk/go/api.gen.go:5890.9,5891.29 1 2
github.com/corvusHold/guard/sdk/go/api.gen.go:5891.29,5892.26 1 2
github.com/corvusHold/guard/sdk/go/api.gen.go:5892.26,5894.6 1 2
github.com/corvusHold/guard/sdk/go/api.gen.go:5898.3,5898.43 1 2
github.com/corvusHold/guard/sdk/go/api.gen.go:5901.2,5902.16 2 2
github.com/corvusHold/guard/sdk/go/api.gen.go:5902.16,5904.3 1 0
github.com/corvusHold/guard/sdk/go/api.gen.go:5906.2,5906.17 1 2
github.com/corvusHold/guard/sdk/go/api.gen.go:5910.156,5913.16 3 4
github.com/corvusHold/guard/sdk/go/api.gen.go:5913.16,5915.3 1 0
github.com/corvusHold/guard/sdk/go/api.gen.go:5916.2,5917.105 2 4
github.com/corvusHold/guard/sdk/go/api.gen.go:5921.144,5927.16 4 4
github.com/corvusHold/guard/sdk/go/api.gen.go:5927.16,5929.3 1 0
github.com/corvusHold/guard/sdk/go/api.gen.go:5931.2,5932.16 2 4
github.com/corvusHold/guard/sdk/go/api.gen.go:5932.16,5934.3 1 0
github.com/corvusHold/guard/sdk/go/api.gen.go:5936.2,5937.29 2 4
github.com/corvusHold/guard/sdk/go/api.gen.go:5937.29,5939.3 1 4
github.com/corvusHold/guard/sdk/go/api.gen.go:5941.2,5942.16 2 4
github.com/corvusHold/guard/sdk/go/api.gen.go:5942.16,5944.3 1 0
github.com/corvusHold/guard/sdk/go/api.gen.go:5946.2,5947.16 2 4
github.com/corvusHold/guard/sdk/go/api.gen.go:5947.16,5949.3 1 0
github.com/corvusHold/guard/sdk/go/api.gen.go:5951.2,5953.17 2 4
github.com/corvusHold/guard/sdk/go/api.gen.go:5957.115,5961.16 3 1
github.com/corvusHold/guard/sdk/go/api.gen.go:5961.16,5963.3 1 0
github.com/corvusHold/guard/sdk/go/api.gen.go:5965.2,5966.29 2 1
github.com/corvusHold/guard/sdk/go/api.gen.go:5966.29,5968.3 1 1
github.com/corvusHold/guard/sdk/go/api.gen.go:5970.2,5971.16 2 1
github.com/corvusHold/guard/sdk/go/api.gen.go:5971.16,5973.3 1 0
github.com/corvusHold/guard/sdk/go/api.gen.go:5975.2,5975.19 1 1
github.com/corvusHold/guard/sdk/go/api.gen.go:5975.19,5978.139 2 1
github.com/corvusHold/guard/sdk/go/api.gen.go:5978.139,5980.4 1 0
github.com/corvusHold/guard/sdk/go/api.gen.go:5980.9,5980.66 1 1
github.com/corvusHold/guard/sdk/go/api.gen.go:5980.66,5982.4 1 0
github.com/corvusHold/guard/sdk/go/api.gen.go:5982.9,5983.29 1 1
github.com/corvusHold/guard/sdk/go/api.gen.go:5983.29,5984.26 1 1
github.com/corvusHold/guard/sdk/go/api.gen.go:5984.26,5986.6 1 1
github.com/corvusHold/guard/sdk/go/api.gen.go:5990.3,5990.26 1 1
github.com/corvusHold/guard/sdk/go/api.gen.go:5990.26,5992.134 1 0
github.com/corvusHold/guard/sdk/go/api.gen.go:5992.134,5994.5 1 0
github.com/corvusHold/guard/sdk/go/api.gen.go:5994.10,5994.67 1 0
github.com/corvusHold/guard/sdk/go/api.gen.go:5994.67,5996.5 1 0
github.com/corvusHold/guard/sdk/go/api.gen.go:5996.10,5997.30 1 0
github.com/corvusHold/guard/sdk/go/api.gen.go:5997.30,5998.27 1 0
github.com/corvusHold/guard/sdk/go/api.gen.go:5998.27,6000.7 1 0
github.com/corvusHold/guard/sdk/go/api.gen.go:6006.3,6006.43 1 1
github.com/corvusHold/guard/sdk/go/api.gen.go:6009.2,6010.16 2 1
github.com/corvusHold/guard/sdk/go/api.gen.go:6010.16,6012.3 1 0
github.com/corvusHold/guard/sdk/go/api.gen.go:6014.2,6014.17 1 1
github.com/corvusHold/guard/sdk/go/api.gen.go:6018.123,6021.16 3 0
github.com/corvusHold/guard/sdk/go/api.gen.go:6021.16,6023.3 1 0
github.com/corvusHold/guard/sdk/go/api.gen.go:6024.2,6025.90 2 0
github.com/corvusHold/guard/sdk/go/api.gen.go:6029.122,6033.16 3 0
github.com/corvusHold/guard/sdk/go/api.gen.go:6033.16,6035.3 1 0
github.com/corvusHold/guard/sdk/go/api.gen.go:6037.2,6038.29 2 0
github.com/corvusHold/guard/sdk/go/api.gen.go:6038.29,6040.3 1 0
github.com/corvusHold/guard/sdk/go/api.gen.go:6042.2,6043.16 2 0
github.com/corvusHold/guard/sdk/go/api.gen.go:6043.16,6045.3 1 0
github.com/corvusHold/guard/sdk/go/api.gen.go:6047.2,6048.16 2 0
github.com/corvusHold/guard/sdk/go/api.gen.go:6048.16,6050.3 1 0
github.com/corvusHold/guard/sdk/go/api.gen.go:6052.2,6054.17 2 0
github.com/corvusHold/guard/sdk/go/api.gen.go:6058.140,6061.16 3 1
github.com/corvusHold/guard/sdk/go/api.gen.go:6061.16,6063.3 1 0
github.com/corvusHold/guard/sdk/go/api.gen.go:6064.2,6065.97 2 1
github.com/corvusHold/guard/sdk/go/api.gen.go:6069.136,6075.16 4 1
github.com/corvusHold/guard/sdk/go/api.gen.go:6075.16,6077.3 1 0
github.com/corvusHold/guard/sdk/go/api.gen.go:6079.2,6080.16 2 1
github.com/corvusHold/guard/sdk/go/api.gen.go:6080.16,6082.3 1 0
github.com/corvusHold/guard/sdk/go/api.gen.go:6084.2,6085.29 2 1
github.com/corvusHold/guard/sdk/go/api.gen.go:6085.29,6087.3 1 1
github.com/corvusHold/guard/sdk/go/api.gen.go:6089.2,6090.16 2 1
github.com/corvusHold/guard/sdk/go/api.gen.go:6090.16,6092.3 1 0
github.com/corvusHold/guard/sdk/go/api.gen.go:6094.2,6095.16 2 1
github.com/corvusHold/guard/sdk/go/api.gen.go:6095.16,6097.3 1 0
github.com/corvusHold/guard/sdk/go/api.gen.go:6099.2,6101.17 2 1
github.com/corvusHold/guard/sdk/go/api.gen.go:6105.96,6111.16 4 1
github.com/corvusHold/guard/sdk/go/api.gen.go:6111.16,6113.3 1 0
github.com/corvusHold/guard/sdk/go/api.gen.go:6115.2,6116.16 2 1
github.com/corvusHold/guard/sdk/go/api.gen.go:6116.16,6118.3 1 0
github.com/corvusHold/guard/sdk/go/api.gen.go:6120.2,6121.29 2 1
github.com/corvusHold/guard/sdk/go/api.gen.go:6121.29,6123.3 1 1
github.com/corvusHold/guard/sdk/go/api.gen.go:6125.2,6126.16 2 1
github.com/corvusHold/guard/sdk/go/api.gen.go:6126.16,6128.3 1 0
github.com/corvusHold/guard/sdk/go/api.gen.go:6130.2,6131.16 2 1
github.com/corvusHold/guard/sdk/go/api.gen.go:6131.16,6133.3 1 0
github.com/corvusHold/guard/sdk/go/api.gen.go:6135.2,6135.17 1 1
github.com/corvusHold/guard/sdk/go/api.gen.go:6139.148,6142.16 3 0
github.com/corvusHold/guard/sdk/go/api.gen.go:6142.16,6144.3 1 0
github.com/corvusHold/guard/sdk/go/api.gen.go:6145.2,6146.101 2 0
github.com/corvusHold/guard/sdk/go/api.gen.go:6150.140,6156.16 4 0
github.com/corvusHold/guard/sdk/go/api.gen.go:6156.16,6158.3 1 0
github.com/corvusHold/guard/sdk/go/api.gen.go:6160.2,6161.16 2 0
github.com/corvusHold/guard/sdk/go/api.gen.go:6161.16,6163.3 1 0
github.com/corvusHold/guard/sdk/go/api.gen.go:6165.2,6166.29 2 0
github.com/corvusHold/guard/sdk/go/api.gen.go:6166.29,6168.3 1 0
github.com/corvusHold/guard/sdk/go/api.gen.go:6170.2,6171.16 2 0
github.com/corvusHold/guard/sdk/go/api.gen.go:6171.16,6173.3 1 0
github.com/corvusHold/guard/sdk/go/api.gen.go:6175.2,6176.16 2 0
github.com/corvusHold/guard/sdk/go/api.gen.go:6176.16,6178.3 1 0
github.com/corvusHold/guard/sdk/go/api.gen.go:6180.2,6182.17 2 0
github.com/corvusHold/guard/sdk/go/api.gen.go:6186.98,6192.16 4 1
github.com/corvusHold/guard/sdk/go/api.gen.go:6192.16,6194.3 1 0
github.com/corvusHold/guard/sdk/go/api.gen.go:6196.2,6197.16 2 1
github.com/corvusHold/guard/sdk/go/api.gen.go:6197.16,6199.3 1 0
github.com/corvusHold/guard/sdk/go/api.gen.go:6201.2,6202.29 2 1
github.com/corvusHold/guard/sdk/go/api.gen.go:6202.29,6204.3 1 1
github.com/corvusHold/guard/sdk/go/api.gen.go:6206.2,6207.16 2 1
github.com/corvusHold/guard/sdk/go/api.gen.go:6207.16,6209.3 1 0
github.com/corvusHold/guard/sdk/go/api.gen.go:6211.2,6212.16 2 1
github.com/corvusHold/guard/sdk/go/api.gen.go:6212.16,6214.3 1 0
github.com/corvusHold/guard/sdk/go/api.gen.go:6216.2,6216.17 1 1
github.com/corvusHold/guard/sdk/go/api.gen.go:6220.104,6226.16 4 0
github.com/corvusHold/guard/sdk/go/api.gen.go:6226.16,6228.3 1 0
github.com/corvusHold/guard/sdk/go/api.gen.go:6230.2,6231.16 2 0
github.com/corvusHold/guard/sdk/go/api.gen.go:6231.16,6233.3 1 0
github.com/corvusHold/guard/sdk/go/api.gen.go:6235.2,6236.29 2 0
github.com/corvusHold/guard/sdk/go/api.gen.go:6236.29,6238.3 1 0
github.com/corvusHold/guard/sdk/go/api.gen.go:6240.2,6241.16 2 0
github.com/corvusHold/guard/sdk/go/api.gen.go:6241.16,6243.3 1 0
github.com/corvusHold/guard/sdk/go/api.gen.go:6245.2,6246.16 2 0
github.com/corvusHold/guard/sdk/go/api.gen.go:6246.16,6248.3 1 0
github.com/corvusHold/guard/sdk/go/api.gen.go:6250.2,6250.17 1 0
github.com/corvusHold/guard/sdk/go/api.gen.go:6254.102,6260.16 4 0
github.com/corvusHold/guard/sdk/go/api.gen.go:6260.16,6262.3 1 0
github.com/corvusHold/guard/sdk/go/api.gen.go:6264.2,6265.16 2 0
github.com/corvusHold/guard/sdk/go/api.gen.go:6265.16,6267.3 1 0
github.com/corvusHold/guard/sdk/go/api.gen.go:6269.2,6270.29 2 0
github.com/corvusHold/guard/sdk/go/api.gen.go:6270.29,6272.3 1 0
github.com/corvusHold/guard/sdk/go/api.gen.go:6274.2,6275.16 2 0
github.com/corvusHold/guard/sdk/go/api.gen.go:6275.16,6277.3 1 0
github.com/corvusHold/guard/sdk/go/api.gen.go:6279.2,6280.16 2 0
github.com/corvusHold/guard/sdk/go/api.gen.go:6280.16,6282.3 1 0
github.com/corvusHold/guard/sdk/go/api.gen.go:6284.2,6284.17 1 0
github.com/corvusHold/guard/sdk/go/api.gen.go:6288.121,6291.16 3 1
github.com/corvusHold/guard/sdk/go/api.gen.go:6291.16,6293.3 1 0
github.com/corvusHold/guard/sdk/go/api.gen.go:6294.2,6295.89 2 1
github.com/corvusHold/guard/sdk/go/api.gen.go:6299.121,6303.16 3 1
github.com/corvusHold/guard/sdk/go/api.gen.go:6303.16,6305.3 1 0
github.com/corvusHold/guard/sdk/go/api.gen.go:6307.2,6308.29 2 1
github.com/corvusHold/guard/sdk/go/api.gen.go:6308.29,6310.3 1 1
github.com/corvusHold/guard/sdk/go/api.gen.go:6312.2,6313.16 2 1
github.com/corvusHold/guard/sdk/go/api.gen.go:6313.16,6315.3 1 0
github.com/corvusHold/guard/sdk/go/api.gen.go:6317.2,6318.16 2 1
github.com/corvusHold/guard/sdk/go/api.gen.go:6318.16,6320.3 1 0
github.com/corvusHold/guard/sdk/go/api.gen.go:6322.2,6324.17 2 1
github.com/corvusHold/guard/sdk/go/api.gen.go:6328.129,6331.16 3 0
github.com/corvusHold/guard/sdk/go/api.gen.go:6331.16,6333.3 1 0
github.com/corvusHold/guard/sdk/go/api.gen.go:6334.2,6335.93 2 0
github.com/corvusHold/guard/sdk/go/api.gen.go:6339.125,6343.16 3 0
github.com/corvusHold/guard/sdk/go/api.gen.go:6343.16,6345.3 1 0
github.com/corvusHold/guard/sdk/go/api.gen.go:6347.2,6348.29 2 0
github.com/corvusHold/guard/sdk/go/api.gen.go:6348.29,6350.3 1 0
github.com/corvusHold/guard/sdk/go/api.gen.go:6352.2,6353.16 2 0
github.com/corvusHold/guard/sdk/go/api.gen.go:6353.16,6355.3 1 0
github.com/corvusHold/guard/sdk/go/api.gen.go:6357.2,6358.16 2 0
github.com/corvusHold/guard/sdk/go/api.gen.go:6358.16,6360.3 1 0
github.com/corvusHold/guard/sdk/go/api.gen.go:6362.2,6364.17 2 0
github.com/corvusHold/guard/sdk/go/api.gen.go:6368.123,6371.16 3 1
github.com/corvusHold/guard/sdk/go/api.gen.go:6371.16,6373.3 1 0
github.com/corvusHold/guard/sdk/go/api.gen.go:6374.2,6375.90 2 1
github.com/corvusHold/guard/sdk/go/api.gen.go:6379.122,6383.16 3 1
github.com/corvusHold/guard/sdk/go/api.gen.go:6383.16,6385.3 1 0
github.com/corvusHold/guard/sdk/go/api.gen.go:6387.2,6388.29 2 1
github.com/corvusHold/guard/sdk/go/api.gen.go:6388.29,6390.3 1 1
github.com/corvusHold/guard/sdk/go/api.gen.go:6392.2,6393.16 2 1
github.com/corvusHold/guard/sdk/go/api.gen.go:6393.16,6395.3 1 0
github.com/corvusHold/guard/sdk/go/api.gen.go:6397.2,6398.16 2 1
github.com/corvusHold/guard/sdk/go/api.gen.go:6398.16,6400.3 1 0
github.com/corvusHold/guard/sdk/go/api.gen.go:6402.2,6404.17 2 1
github.com/corvusHold/guard/sdk/go/api.gen.go:6408.117,6412.16 3 0
github.com/corvusHold/guard/sdk/go/api.gen.go:6412.16,6414.3 1 0
github.com/corvusHold/guard/sdk/go/api.gen.go:6416.2,6417.29 2 0
github.com/corvusHold/guard/sdk/go/api.gen.go:6417.29,6419.3 1 0
github.com/corvusHold/guard/sdk/go/api.gen.go:6421.2,6422.16 2 0
github.com/corvusHold/guard/sdk/go/api.gen.go:6422.16,6424.3 1 0
github.com/corvusHold/guard/sdk/go/api.gen.go:6426.2,6426.19 1 0
github.com/corvusHold/guard/sdk/go/api.gen.go:6426.19,6429.132 2 0
github.com/corvusHold/guard/sdk/go/api.gen.go:6429.132,6431.4 1 0
github.com/corvusHold/guard/sdk/go/api.gen.go:6431.9,6431.66 1 0
github.com/corvusHold/guard/sdk/go/api.gen.go:6431.66,6433.4 1 0
github.com/corvusHold/guard/sdk/go/api.gen.go:6433.9,6434.29 1 0
github.com/corvusHold/guard/sdk/go/api.gen.go:6434.29,6435.26 1 0
github.com/corvusHold/guard/sdk/go/api.gen.go:6435.26,6437.6 1 0
github.com/corvusHold/guard/sdk/go/api.gen.go:6441.3,6441.43 1 0
github.com/corvusHold/guard/sdk/go/api.gen.go:6444.2,6445.16 2 0
github.com/corvusHold/guard/sdk/go/api.gen.go:6445.16,6447.3 1 0
github.com/corvusHold/guard/sdk/go/api.gen.go:6449.2,6449.17 1 0
github.com/corvusHold/guard/sdk/go/api.gen.go:6453.137,6456.16 3 0
github.com/corvusHold/guard/sdk/go/api.gen.go:6456.16,6458.3 1 0
github.com/corvusHold/guard/sdk/go/api.gen.go:6459.2,6460.97 2 0
github.com/corvusHold/guard/sdk/go/api.gen.go:6464.129,6468.16 3 0
github.com/corvusHold/guard/sdk/go/api.gen.go:6468.16,6470.3 1 0
github.com/corvusHold/guard/sdk/go/api.gen.go:6472.2,6473.29 2 0
github.com/corvusHold/guard/sdk/go/api.gen.go:6473.29,6475.3 1 0
github.com/corvusHold/guard/sdk/go/api.gen.go:6477.2,6478.16 2 0
github.com/corvusHold/guard/sdk/go/api.gen.go:6478.16,6480.3 1 0
github.com/corvusHold/guard/sdk/go/api.gen.go:6482.2,6483.16 2 0
github.com/corvusHold/guard/sdk/go/api.gen.go:6483.16,6485.3 1 0
github.com/corvusHold/guard/sdk/go/api.gen.go:6487.2,6489.17 2 0
github.com/corvusHold/guard/sdk/go/api.gen.go:6493.119,6497.16 3 1
github.com/corvusHold/guard/sdk/go/api.gen.go:6497.16,6499.3 1 0
github.com/corvusHold/guard/sdk/go/api.gen.go:6501.2,6502.29 2 1
github.com/corvusHold/guard/sdk/go/api.gen.go:6502.29,6504.3 1 1
github.com/corvusHold/guard/sdk/go/api.gen.go:6506.2,6507.16 2 1
github.com/corvusHold/guard/sdk/go/api.gen.go:6507.16,6509.3 1 0
github.com/corvusHold/guard/sdk/go/api.gen.go:6511.2,6511.19 1 1
github.com/corvusHold/guard/sdk/go/api.gen.go:6511.19,6514.26 2 1
github.com/corvusHold/guard/sdk/go/api.gen.go:6514.26,6516.134 1 1
github.com/corvusHold/guard/sdk/go/api.gen.go:6516.134,6518.5 1 0
github.com/corvusHold/guard/sdk/go/api.gen.go:6518.10,6518.67 1 1
github.com/corvusHold/guard/sdk/go/api.gen.go:6518.67,6520.5 1 0
github.com/corvusHold/guard/sdk/go/api.gen.go:6520.10,6521.30 1 1
github.com/corvusHold/guard/sdk/go/api.gen.go:6521.30,6522.27 1 1
github.com/corvusHold/guard/sdk/go/api.gen.go:6522.27,6524.7 1 1
github.com/corvusHold/guard/sdk/go/api.gen.go:6530.3,6530.29 1 1
github.com/corvusHold/guard/sdk/go/api.gen.go:6530.29,6532.141 1 0
github.com/corvusHold/guard/sdk/go/api.gen.go:6532.141,6534.5 1 0
github.com/corvusHold/guard/sdk/go/api.gen.go:6534.10,6534.67 1 0
github.com/corvusHold/guard/sdk/go/api.gen.go:6534.67,6536.5 1 0
github.com/corvusHold/guard/sdk/go/api.gen.go:6536.10,6537.30 1 0
github.com/corvusHold/guard/sdk/go/api.gen.go:6537.30,6538.27 1 0
github.com/corvusHold/guard/sdk/go/api.gen.go:6538.27,6540.7 1 0
github.com/corvusHold/guard/sdk/go/api.gen.go:6546.3,6546.43 1 1
github.com/corvusHold/guard/sdk/go/api.gen.go:6549.2,6550.16 2 1
github.com/corvusHold/guard/sdk/go/api.gen.go:6550.16,6552.3 1 0
github.com/corvusHold/guard/sdk/go/api.gen.go:6554.2,6554.17 1 1
github.com/corvusHold/guard/sdk/go/api.gen.go:6558.115,6561.16 3 1
github.com/corvusHold/guard/sdk/go/api.gen.go:6561.16,6563.3 1 0
github.com/corvusHold/guard/sdk/go/api.gen.go:6564.2,6565.86 2 1
github.com/corvusHold/guard/sdk/go/api.gen.go:6569.118,6573.16 3 1
github.com/corvusHold/guard/sdk/go/api.gen.go:6573.16,6575.3 1 0
github.com/corvusHold/guard/sdk/go/api.gen.go:6577.2,6578.29 2 1
github.com/corvusHold/guard/sdk/go/api.gen.go:6578.29,6580.3 1 1
github.com/corvusHold/guard/sdk/go/api.gen.go:6582.2,6583.16 2 1
github.com/corvusHold/guard/sdk/go/api.gen.go:6583.16,6585.3 1 0
github.com/corvusHold/guard/sdk/go/api.gen.go:6587.2,6588.16 2 1
github.com/corvusHold/guard/sdk/go/api.gen.go:6588.16,6590.3 1 0
github.com/corvusHold/guard/sdk/go/api.gen.go:6592.2,6594.17 2 1
github.com/corvusHold/guard/sdk/go/api.gen.go:6598.121,6601.16 3 2
github.com/corvusHold/guard/sdk/go/api.gen.go:6601.16,6603.3 1 0
github.com/corvusHold/guard/sdk/go/api.gen.go:6604.2,6605.89 2 2
github.com/corvusHold/guard/sdk/go/api.gen.go:6609.121,6613.16 3 2
github.com/corvusHold/guard/sdk/go/api.gen.go:6613.16,6615.3 1 0
github.com/corvusHold/guard/sdk/go/api.gen.go:6617.2,6618.29 2 2
github.com/corvusHold/guard/sdk/go/api.gen.go:6618.29,6620.3 1 2
github.com/corvusHold/guard/sdk/go/api.gen.go:6622.2,6623.16 2 2
github.com/corvusHold/guard/sdk/go/api.gen.go:6623.16,6625.3 1 0
github.com/corvusHold/guard/sdk/go/api.gen.go:6627.2,6628.16 2 2
github.com/corvusHold/guard/sdk/go/api.gen.go:6628.16,6630.3 1 0
github.com/corvusHold/guard/sdk/go/api.gen.go:6632.2,6634.17 2 2
github.com/corvusHold/guard/sdk/go/api.gen.go:6638.162,6641.16 3 0
github.com/corvusHold/guard/sdk/go/api.gen.go:6641.16,6643.3 1 0
github.com/corvusHold/guard/sdk/go/api.gen.go:6644.2,6645.98 2 0
github.com/corvusHold/guard/sdk/go/api.gen.go:6649.161,6653.16 3 0
github.com/corvusHold/guard/sdk/go/api.gen.go:6653.16,6655.3 1 0
github.com/corvusHold/guard/sdk/go/api.gen.go:6657.2,6658.29 2 0
github.com/corvusHold/guard/sdk/go/api.gen.go:6658.29,6660.3 1 0
github.com/corvusHold/guard/sdk/go/api.gen.go:6662.2,6663.16 2 0
github.com/corvusHold/guard/sdk/go/api.gen.go:6663.16,6665.3 1 0
github.com/corvusHold/guard/sdk/go/api.gen.go:6667.2,6667.19 1 0
github.com/corvusHold/guard/sdk/go/api.gen.go:6667.19,6670.26 2 0
github.com/corvusHold/guard/sdk/go/api.gen.go:6670.26,6672.134 1 0
github.com/corvusHold/guard/sdk/go/api.gen.go:6672.134,6674.5 1 0
github.com/corvusHold/guard/sdk/go/api.gen.go:6674.10,6674.67 1 0
github.com/corvusHold/guard/sdk/go/api.gen.go:6674.67,6676.5 1 0
github.com/corvusHold/guard/sdk/go/api.gen.go:6676.10,6677.30 1 0
github.com/corvusHold/guard/sdk/go/api.gen.go:6677.30,6678.27 1 0
github.com/corvusHold/guard/sdk/go/api.gen.go:6678.27,6680.7 1 0
github.com/corvusHold/guard/sdk/go/api.gen.go:6686.3,6686.43 1 0
github.com/corvusHold/guard/sdk/go/api.gen.go:6689.2,6690.16 2 0
github.com/corvusHold/guard/sdk/go/api.gen.go:6690.16,6692.3 1 0
github.com/corvusHold/guard/sdk/go/api.gen.go:6694.2,6696.19 2 0
github.com/corvusHold/guard/sdk/go/api.gen.go:6696.19,6698.30 1 0
github.com/corvusHold/guard/sdk/go/api.gen.go:6698.30,6702.18 3 0
github.com/corvusHold/guard/sdk/go/api.gen.go:6702.18,6704.5 1 0
github.com/corvusHold/guard/sdk/go/api.gen.go:6706.4,6706.47 1 0
github.com/corvusHold/guard/sdk/go/api.gen.go:6711.2,6711.17 1 0
github.com/corvusHold/guard/sdk/go/api.gen.go:6715.165,6718.16 3 2
github.com/corvusHold/guard/sdk/go/api.gen.go:6718.16,6720.3 1 0
github.com/corvusHold/guard/sdk/go/api.gen.go:6721.2,6722.99 2 2
github.com/corvusHold/guard/sdk/go/api.gen.go:6726.163,6730.16 3 2
github.com/corvusHold/guard/sdk/go/api.gen.go:6730.16,6732.3 1 0
github.com/corvusHold/guard/sdk/go/api.gen.go:6734.2,6735.29 2 2
github.com/corvusHold/guard/sdk/go/api.gen.go:6735.29,6737.3 1 2
github.com/corvusHold/guard/sdk/go/api.gen.go:6739.2,6740.16 2 2
github.com/corvusHold/guard/sdk/go/api.gen.go:6740.16,6742.3 1 0
github.com/corvusHold/guard/sdk/go/api.gen.go:6744.2,6744.19 1 2
github.com/corvusHold/guard/sdk/go/api.gen.go:6744.19,6747.26 2 0
github.com/corvusHold/guard/sdk/go/api.gen.go:6747.26,6749.134 1 0
github.com/corvusHold/guard/sdk/go/api.gen.go:6749.134,6751.5 1 0
github.com/corvusHold/guard/sdk/go/api.gen.go:6751.10,6751.67 1 0
github.com/corvusHold/guard/sdk/go/api.gen.go:6751.67,6753.5 1 0
github.com/corvusHold/guard/sdk/go/api.gen.go:6753.10,6754.30 1 0
github.com/corvusHold/guard/sdk/go/api.gen.go:6754.30,6755.27 1 0
github.com/corvusHold/guard/sdk/go/api.gen.go:6755.27,6757.7 1 0
github.com/corvusHold/guard/sdk/go/api.gen.go:6763.3,6763.43 1 0
github.com/corvusHold/guard/sdk/go/api.gen.go:6766.2,6767.16 2 2
github.com/corvusHold/guard/sdk/go/api.gen.go:6767.16,6769.3 1 0
github.com/corvusHold/guard/sdk/go/api.gen.go:6771.2,6773.19 2 2
github.com/corvusHold/guard/sdk/go/api.gen.go:6773.19,6775.30 1 0
github.com/corvusHold/guard/sdk/go/api.gen.go:6775.30,6779.18 3 0
github.com/corvusHold/guard/sdk/go/api.gen.go:6779.18,6781.5 1 0
github.com/corvusHold/guard/sdk/go/api.gen.go:6783.4,6783.47 1 0
github.com/corvusHold/guard/sdk/go/api.gen.go:6788.2,6788.17 1 2
github.com/corvusHold/guard/sdk/go/api.gen.go:6792.99,6796.16 3 4
github.com/corvusHold/guard/sdk/go/api.gen.go:6796.16,6798.3 1 0
github.com/corvusHold/guard/sdk/go/api.gen.go:6800.2,6801.29 2 4
github.com/corvusHold/guard/sdk/go/api.gen.go:6801.29,6803.3 1 4
github.com/corvusHold/guard/sdk/go/api.gen.go:6805.2,6806.16 2 4
github.com/corvusHold/guard/sdk/go/api.gen.go:6806.16,6808.3 1 0
github.com/corvusHold/guard/sdk/go/api.gen.go:6810.2,6811.16 2 4
github.com/corvusHold/guard/sdk/go/api.gen.go:6811.16,6813.3 1 0
github.com/corvusHold/guard/sdk/go/api.gen.go:6815.2,6815.19 1 4
github.com/corvusHold/guard/sdk/go/api.gen.go:6815.19,6817.30 1 0
github.com/corvusHold/guard/sdk/go/api.gen.go:6817.30,6821.18 3 0
github.com/corvusHold/guard/sdk/go/api.gen.go:6821.18,6823.5 1 0
github.com/corvusHold/guard/sdk/go/api.gen.go:6825.4,6825.47 1 0
github.com/corvusHold/guard/sdk/go/api.gen.go:6830.2,6830.17 1 4
github.com/corvusHold/guard/sdk/go/api.gen.go:6834.135,6837.16 3 1
github.com/corvusHold/guard/sdk/go/api.gen.go:6837.16,6839.3 1 0
github.com/corvusHold/guard/sdk/go/api.gen.go:6840.2,6841.96 2 1
github.com/corvusHold/guard/sdk/go/api.gen.go:6845.128,6849.16 3 1
github.com/corvusHold/guard/sdk/go/api.gen.go:6849.16,6851.3 1 0
github.com/corvusHold/guard/sdk/go/api.gen.go:6853.2,6854.29 2 1
github.com/corvusHold/guard/sdk/go/api.gen.go:6854.29,6856.3 1 1
github.com/corvusHold/guard/sdk/go/api.gen.go:6858.2,6859.16 2 1
github.com/corvusHold/guard/sdk/go/api.gen.go:6859.16,6861.3 1 0
github.com/corvusHold/guard/sdk/go/api.gen.go:6863.2,6864.16 2 1
github.com/corvusHold/guard/sdk/go/api.gen.go:6864.16,6866.3 1 0
github.com/corvusHold/guard/sdk/go/api.gen.go:6868.2,6870.17 2 1
github.com/corvusHold/guard/sdk/go/api.gen.go:6874.81,6878.16 3 2
github.com/corvusHold/guard/sdk/go/api.gen.go:6878.16,6880.3 1 0
github.com/corvusHold/guard/sdk/go/api.gen.go:6882.2,6883.29 2 2
github.com/corvusHold/guard/sdk/go/api.gen.go:6883.29,6885.3 1 2
github.com/corvusHold/guard/sdk/go/api.gen.go:6887.2,6888.16 2 2
github.com/corvusHold/guard/sdk/go/api.gen.go:6888.16,6890.3 1 0
github.com/corvusHold/guard/sdk/go/api.gen.go:6892.2,6893.16 2 2
github.com/corvusHold/guard/sdk/go/api.gen.go:6893.16,6895.3 1 0
github.com/corvusHold/guard/sdk/go/api.gen.go:6897.2,6897.17 1 2
github.com/corvusHold/guard/sdk/go/api.gen.go:6901.137,6904.16 3 1
github.com/corvusHold/guard/sdk/go/api.gen.go:6904.16,6906.3 1 0
github.com/corvusHold/guard/sdk/go/api.gen.go:6907.2,6908.97 2 1
github.com/corvusHold/guard/sdk/go/api.gen.go:6912.129,6916.16 3 1
github.com/corvusHold/guard/sdk/go/api.gen.go:6916.16,6918.3 1 0
github.com/corvusHold/guard/sdk/go/api.gen.go:6920.2,6921.29 2 1
github.com/corvusHold/guard/sdk/go/api.gen.go:6921.29,6923.3 1 1
github.com/corvusHold/guard/sdk/go/api.gen.go:6925.2,6926.16 2 1
github.com/corvusHold/guard/sdk/go/api.gen.go:6926.16,6928.3 1 0
github.com/corvusHold/guard/sdk/go/api.gen.go:6930.2,6931.16 2 1
github.com/corvusHold/guard/sdk/go/api.gen.go:6931.16,6933.3 1 0
github.com/corvusHold/guard/sdk/go/api.gen.go:6935.2,6937.17 2 1
github.com/corvusHold/guard/sdk/go/api.gen.go:6941.133,6944.16 3 1
github.com/corvusHold/guard/sdk/go/api.gen.go:6944.16,6946.3 1 0
github.com/corvusHold/guard/sdk/go/api.gen.go:6947.2,6948.95 2 1
github.com/corvusHold/guard/sdk/go/api.gen.go:6952.127,6956.16 3 1
github.com/corvusHold/guard/sdk/go/api.gen.go:6956.16,6958.3 1 0
github.com/corvusHold/guard/sdk/go/api.gen.go:6960.2,6961.29 2 1
github.com/corvusHold/guard/sdk/go/api.gen.go:6961.29,6963.3 1 1
github.com/corvusHold/guard/sdk/go/api.gen.go:6965.2,6966.16 2 1
github.com/corvusHold/guard/sdk/go/api.gen.go:6966.16,6968.3 1 0
github.com/corvusHold/guard/sdk/go/api.gen.go:6970.2,6971.16 2 1
github.com/corvusHold/guard/sdk/go/api.gen.go:6971.16,6973.3 1 0
github.com/corvusHold/guard/sdk/go/api.gen.go:6975.2,6977.17 2 1
github.com/corvusHold/guard/sdk/go/api.gen.go:6981.82,6985.16 3 1
github.com/corvusHold/guard/sdk/go/api.gen.go:6985.16,6987.3 1 0
github.com/corvusHold/guard/sdk/go/api.gen.go:6989.2,6990.29 2 1
github.com/corvusHold/guard/sdk/go/api.gen.go:6990.29,6992.3 1 1
github.com/corvusHold/guard/sdk/go/api.gen.go:6994.2,6995.16 2 1
github.com/corvusHold/guard/sdk/go/api.gen.go:6995.16,6997.3 1 0
github.com/corvusHold/guard/sdk/go/api.gen.go:6999.2,7000.16 2 1
github.com/corvusHold/guard/sdk/go/api.gen.go:7000.16,7002.3 1 0
github.com/corvusHold/guard/sdk/go/api.gen.go:7004.2,7004.17 1 1
github.com/corvusHold/guard/sdk/go/api.gen.go:7008.80,7012.16 3 1
github.com/corvusHold/guard/sdk/go/api.gen.go:7012.16,7014.3 1 0
github.com/corvusHold/guard/sdk/go/api.gen.go:7016.2,7017.29 2 1
github.com/corvusHold/guard/sdk/go/api.gen.go:7017.29,7019.3 1 1
github.com/corvusHold/guard/sdk/go/api.gen.go:7021.2,7022.16 2 1
github.com/corvusHold/guard/sdk/go/api.gen.go:7022.16,7024.3 1 0
github.com/corvusHold/guard/sdk/go/api.gen.go:7026.2,7027.16 2 1
github.com/corvusHold/guard/sdk/go/api.gen.go:7027.16,7029.3 1 0
github.com/corvusHold/guard/sdk/go/api.gen.go:7031.2,7031.17 1 1
github.com/corvusHold/guard/sdk/go/api.gen.go:7035.159,7038.16 3 1
github.com/corvusHold/guard/sdk/go/api.gen.go:7038.16,7040.3 1 0
github.com/corvusHold/guard/sdk/go/api.gen.go:7041.2,7042.97 2 1
github.com/corvusHold/guard/sdk/go/api.gen.go:7046.159,7050.16 3 1
github.com/corvusHold/guard/sdk/go/api.gen.go:7050.16,7052.3 1 0
github.com/corvusHold/guard/sdk/go/api.gen.go:7054.2,7055.29 2 1
github.com/corvusHold/guard/sdk/go/api.gen.go:7055.29,7057.3 1 1
github.com/corvusHold/guard/sdk/go/api.gen.go:7059.2,7060.16 2 1
github.com/corvusHold/guard/sdk/go/api.gen.go:7060.16,7062.3 1 0
github.com/corvusHold/guard/sdk/go/api.gen.go:7064.2,7065.16 2 1
github.com/corvusHold/guard/sdk/go/api.gen.go:7065.16,7067.3 1 0
github.com/corvusHold/guard/sdk/go/api.gen.go:7069.2,7071.19 2 1
github.com/corvusHold/guard/sdk/go/api.gen.go:7071.19,7073.30 1 0
github.com/corvusHold/guard/sdk/go/api.gen.go:7073.30,7077.18 3 0
github.com/corvusHold/guard/sdk/go/api.gen.go:7077.18,7079.5 1 0
github.com/corvusHold/guard/sdk/go/api.gen.go:7081.4,7081.47 1 0
github.com/corvusHold/guard/sdk/go/api.gen.go:7086.2,7086.17 1 1
github.com/corvusHold/guard/sdk/go/api.gen.go:7090.131,7093.16 3 0
github.com/corvusHold/guard/sdk/go/api.gen.go:7093.16,7095.3 1 0
github.com/corvusHold/guard/sdk/go/api.gen.go:7096.2,7097.94 2 0
github.com/corvusHold/guard/sdk/go/api.gen.go:7101.126,7105.16 3 0
github.com/corvusHold/guard/sdk/go/api.gen.go:7105.16,7107.3 1 0
github.com/corvusHold/guard/sdk/go/api.gen.go:7109.2,7110.29 2 0
github.com/corvusHold/guard/sdk/go/api.gen.go:7110.29,7112.3 1 0
github.com/corvusHold/guard/sdk/go/api.gen.go:7114.2,7115.16 2 0
github.com/corvusHold/guard/sdk/go/api.gen.go:7115.16,7117.3 1 0
github.com/corvusHold/guard/sdk/go/api.gen.go:7119.2,7120.16 2 0
github.com/corvusHold/guard/sdk/go/api.gen.go:7120.16,7122.3 1 0
github.com/corvusHold/guard/sdk/go/api.gen.go:7124.2,7126.17 2 0
github.com/corvusHold/guard/sdk/go/api.gen.go:7130.171,7133.16 3 1
github.com/corvusHold/guard/sdk/go/api.gen.go:7133.16,7135.3 1 0
github.com/corvusHold/guard/sdk/go/api.gen.go:7136.2,7137.101 2 1
github.com/corvusHold/guard/sdk/go/api.gen.go:7141.167,7145.16 3 1
github.com/corvusHold/guard/sdk/go/api.gen.go:7145.16,7147.3 1 0
github.com/corvusHold/guard/sdk/go/api.gen.go:7149.2,7150.29 2 1
github.com/corvusHold/guard/sdk/go/api.gen.go:7150.29,7152.3 1 1
github.com/corvusHold/guard/sdk/go/api.gen.go:7154.2,7155.16 2 1
github.com/corvusHold/guard/sdk/go/api.gen.go:7155.16,7157.3 1 0
github.com/corvusHold/guard/sdk/go/api.gen.go:7159.2,7160.16 2 1
github.com/corvusHold/guard/sdk/go/api.gen.go:7160.16,7162.3 1 0
github.com/corvusHold/guard/sdk/go/api.gen.go:7164.2,7166.19 2 1
github.com/corvusHold/guard/sdk/go/api.gen.go:7166.19,7168.30 1 0
github.com/corvusHold/guard/sdk/go/api.gen.go:7168.30,7172.18 3 0
github.com/corvusHold/guard/sdk/go/api.gen.go:7172.18,7174.5 1 0
github.com/corvusHold/guard/sdk/go/api.gen.go:7176.4,7176.47 1 0
github.com/corvusHold/guard/sdk/go/api.gen.go:7181.2,7181.17 1 1
github.com/corvusHold/guard/sdk/go/api.gen.go:7185.143,7188.16 3 0
github.com/corvusHold/guard/sdk/go/api.gen.go:7188.16,7190.3 1 0
github.com/corvusHold/guard/sdk/go/api.gen.go:7191.2,7192.100 2 0
github.com/corvusHold/guard/sdk/go/api.gen.go:7196.132,7200.16 3 0
github.com/corvusHold/guard/sdk/go/api.gen.go:7200.16,7202.3 1 0
github.com/corvusHold/guard/sdk/go/api.gen.go:7204.2,7205.29 2 0
github.com/corvusHold/guard/sdk/go/api.gen.go:7205.29,7207.3 1 0
github.com/corvusHold/guard/sdk/go/api.gen.go:7209.2,7210.16 2 0
github.com/corvusHold/guard/sdk/go/api.gen.go:7210.16,7212.3 1 0
github.com/corvusHold/guard/sdk/go/api.gen.go:7214.2,7215.16 2 0
github.com/corvusHold/guard/sdk/go/api.gen.go:7215.16,7217.3 1 0
github.com/corvusHold/guard/sdk/go/api.gen.go:7219.2,7221.17 2 0
github.com/corvusHold/guard/sdk/go/api.gen.go:7225.143,7228.16 3 0
github.com/corvusHold/guard/sdk/go/api.gen.go:7228.16,7230.3 1 0
github.com/corvusHold/guard/sdk/go/api.gen.go:7231.2,7232.100 2 0
github.com/corvusHold/guard/sdk/go/api.gen.go:7236.132,7240.16 3 0
github.com/corvusHold/guard/sdk/go/api.gen.go:7240.16,7242.3 1 0
github.com/corvusHold/guard/sdk/go/api.gen.go:7244.2,7245.29 2 0
github.com/corvusHold/guard/sdk/go/api.gen.go:7245.29,7247.3 1 0
github.com/corvusHold/guard/sdk/go/api.gen.go:7249.2,7250.16 2 0
github.com/corvusHold/guard/sdk/go/api.gen.go:7250.16,7252.3 1 0
github.com/corvusHold/guard/sdk/go/api.gen.go:7254.2,7255.16 2 0
github.com/corvusHold/guard/sdk/go/api.gen.go:7255.16,7257.3 1 0
github.com/corvusHold/guard/sdk/go/api.gen.go:7259.2,7261.17 2 0
github.com/corvusHold/guard/sdk/go/api.gen.go:7265.174,7268.16 3 1
github.com/corvusHold/guard/sdk/go/api.gen.go:7268.16,7270.3 1 0
github.com/corvusHold/guard/sdk/go/api.gen.go:7271.2,7272.102 2 1
github.com/corvusHold/guard/sdk/go/api.gen.go:7276.169,7280.16 3 1
github.com/corvusHold/guard/sdk/go/api.gen.go:7280.16,7282.3 1 0
github.com/corvusHold/guard/sdk/go/api.gen.go:7284.2,7285.29 2 1
github.com/corvusHold/guard/sdk/go/api.gen.go:7285.29,7287.3 1 1
github.com/corvusHold/guard/sdk/go/api.gen.go:7289.2,7290.16 2 1
github.com/corvusHold/guard/sdk/go/api.gen.go:7290.16,7292.3 1 0
github.com/corvusHold/guard/sdk/go/api.gen.go:7294.2,7295.16 2 1
github.com/corvusHold/guard/sdk/go/api.gen.go:7295.16,7297.3 1 0
github.com/corvusHold/guard/sdk/go/api.gen.go:7299.2,7301.19 2 1
github.com/corvusHold/guard/sdk/go/api.gen.go:7301.19,7303.30 1 0
github.com/corvusHold/guard/sdk/go/api.gen.go:7303.30,7307.18 3 0
github.com/corvusHold/guard/sdk/go/api.gen.go:7307.18,7309.5 1 0
github.com/corvusHold/guard/sdk/go/api.gen.go:7311.4,7311.47 1 0
github.com/corvusHold/guard/sdk/go/api.gen.go:7316.2,7316.17 1 1
github.com/corvusHold/guard/sdk/go/api.gen.go:7320.119,7323.16 3 0
github.com/corvusHold/guard/sdk/go/api.gen.go:7323.16,7325.3 1 0
github.com/corvusHold/guard/sdk/go/api.gen.go:7326.2,7327.88 2 0
github.com/corvusHold/guard/sdk/go/api.gen.go:7331.120,7335.16 3 0
github.com/corvusHold/guard/sdk/go/api.gen.go:7335.16,7337.3 1 0
github.com/corvusHold/guard/sdk/go/api.gen.go:7339.2,7340.29 2 0
github.com/corvusHold/guard/sdk/go/api.gen.go:7340.29,7342.3 1 0
github.com/corvusHold/guard/sdk/go/api.gen.go:7344.2,7345.16 2 0
github.com/corvusHold/guard/sdk/go/api.gen.go:7345.16,7347.3 1 0
github.com/corvusHold/guard/sdk/go/api.gen.go:7349.2,7350.16 2 0
github.com/corvusHold/guard/sdk/go/api.gen.go:7350.16,7352.3 1 0
github.com/corvusHold/guard/sdk/go/api.gen.go:7354.2,7356.17 2 0
github.com/corvusHold/guard/sdk/go/api.gen.go:7360.153,7363.16 3 1
github.com/corvusHold/guard/sdk/go/api.gen.go:7363.16,7365.3 1 0
github.com/corvusHold/guard/sdk/go/api.gen.go:7366.2,7367.95 2 1
github.com/corvusHold/guard/sdk/go/api.gen.go:7371.155,7375.16 3 1
github.com/corvusHold/guard/sdk/go/api.gen.go:7375.16,7377.3 1 0
github.com/corvusHold/guard/sdk/go/api.gen.go:7379.2,7380.29 2 1
github.com/corvusHold/guard/sdk/go/api.gen.go:7380.29,7382.3 1 1
github.com/corvusHold/guard/sdk/go/api.gen.go:7384.2,7385.16 2 1
github.com/corvusHold/guard/sdk/go/api.gen.go:7385.16,7387.3 1 0
github.com/corvusHold/guard/sdk/go/api.gen.go:7389.2,7390.16 2 1
github.com/corvusHold/guard/sdk/go/api.gen.go:7390.16,7392.3 1 0
github.com/corvusHold/guard/sdk/go/api.gen.go:7394.2,7396.19 2 1
github.com/corvusHold/guard/sdk/go/api.gen.go:7396.19,7398.30 1 0
github.com/corvusHold/guard/sdk/go/api.gen.go:7398.30,7402.18 3 0
github.com/corvusHold/guard/sdk/go/api.gen.go:7402.18,7404.5 1 0
github.com/corvusHold/guard/sdk/go/api.gen.go:7406.4,7406.47 1 0
github.com/corvusHold/guard/sdk/go/api.gen.go:7411.2,7411.17 1 1
github.com/corvusHold/guard/sdk/go/api.gen.go:7415.115,7418.16 3 0
github.com/corvusHold/guard/sdk/go/api.gen.go:7418.16,7420.3 1 0
github.com/corvusHold/guard/sdk/go/api.gen.go:7421.2,7422.86 2 0
github.com/corvusHold/guard/sdk/go/api.gen.go:7426.118,7430.16 3 0
github.com/corvusHold/guard/sdk/go/api.gen.go:7430.16,7432.3 1 0
github.com/corvusHold/guard/sdk/go/api.gen.go:7434.2,7435.29 2 0
github.com/corvusHold/guard/sdk/go/api.gen.go:7435.29,7437.3 1 0
github.com/corvusHold/guard/sdk/go/api.gen.go:7439.2,7440.16 2 0
github.com/corvusHold/guard/sdk/go/api.gen.go:7440.16,7442.3 1 0
github.com/corvusHold/guard/sdk/go/api.gen.go:7444.2,7445.16 2 0
github.com/corvusHold/guard/sdk/go/api.gen.go:7445.16,7447.3 1 0
github.com/corvusHold/guard/sdk/go/api.gen.go:7449.2,7451.17 2 0
github.com/corvusHold/guard/sdk/go/api.gen.go:7455.74,7459.16 3 0
github.com/corvusHold/guard/sdk/go/api.gen.go:7459.16,7461.3 1 0
github.com/corvusHold/guard/sdk/go/api.gen.go:7463.2,7464.29 2 0
github.com/corvusHold/guard/sdk/go/api.gen.go:7464.29,7466.3 1 0
github.com/corvusHold/guard/sdk/go/api.gen.go:7468.2,7469.16 2 0
github.com/corvusHold/guard/sdk/go/api.gen.go:7469.16,7471.3 1 0
github.com/corvusHold/guard/sdk/go/api.gen.go:7473.2,7474.16 2 0
github.com/corvusHold/guard/sdk/go/api.gen.go:7474.16,7476.3 1 0
github.com/corvusHold/guard/sdk/go/api.gen.go:7478.2,7478.17 1 0
github.com/corvusHold/guard/sdk/go/api.gen.go:7482.79,7486.16 3 0
github.com/corvusHold/guard/sdk/go/api.gen.go:7486.16,7488.3 1 0
github.com/corvusHold/guard/sdk/go/api.gen.go:7490.2,7491.29 2 0
github.com/corvusHold/guard/sdk/go/api.gen.go:7491.29,7493.3 1 0
github.com/corvusHold/guard/sdk/go/api.gen.go:7495.2,7496.16 2 0
github.com/corvusHold/guard/sdk/go/api.gen.go:7496.16,7498.3 1 0
github.com/corvusHold/guard/sdk/go/api.gen.go:7500.2,7501.16 2 0
github.com/corvusHold/guard/sdk/go/api.gen.go:7501.16,7503.3 1 0
github.com/corvusHold/guard/sdk/go/api.gen.go:7505.2,7505.17 1 0
github.com/corvusHold/guard/sdk/go/api.gen.go:7509.127,7512.16 3 0
github.com/corvusHold/guard/sdk/go/api.gen.go:7512.16,7514.3 1 0
github.com/corvusHold/guard/sdk/go/api.gen.go:7515.2,7516.92 2 0
github.com/corvusHold/guard/sdk/go/api.gen.go:7520.124,7524.16 3 0
github.com/corvusHold/guard/sdk/go/api.gen.go:7524.16,7526.3 1 0
github.com/corvusHold/guard/sdk/go/api.gen.go:7528.2,7529.29 2 0
github.com/corvusHold/guard/sdk/go/api.gen.go:7529.29,7531.3 1 0
github.com/corvusHold/guard/sdk/go/api.gen.go:7533.2,7534.16 2 0
github.com/corvusHold/guard/sdk/go/api.gen.go:7534.16,7536.3 1 0
github.com/corvusHold/guard/sdk/go/api.gen.go:7538.2,7539.16 2 0
github.com/corvusHold/guard/sdk/go/api.gen.go:7539.16,7541.3 1 0
github.com/corvusHold/guard/sdk/go/api.gen.go:7543.2,7545.17 2 0
github.com/corvusHold/guard/sdk/go/api.gen.go:7549.95,7555.16 4 0
github.com/corvusHold/guard/sdk/go/api.gen.go:7555.16,7557.3 1 0
github.com/corvusHold/guard/sdk/go/api.gen.go:7559.2,7560.16 2 0
github.com/corvusHold/guard/sdk/go/api.gen.go:7560.16,7562.3 1 0
github.com/corvusHold/guard/sdk/go/api.gen.go:7564.2,7565.29 2 0
github.com/corvusHold/guard/sdk/go/api.gen.go:7565.29,7567.3 1 0
github.com/corvusHold/guard/sdk/go/api.gen.go:7569.2,7570.16 2 0
github.com/corvusHold/guard/sdk/go/api.gen.go:7570.16,7572.3 1 0
github.com/corvusHold/guard/sdk/go/api.gen.go:7574.2,7575.16 2 0
github.com/corvusHold/guard/sdk/go/api.gen.go:7575.16,7577.3 1 0
github.com/corvusHold/guard/sdk/go/api.gen.go:7579.2,7579.17 1 0
github.com/corvusHold/guard/sdk/go/api.gen.go:7583.78,7587.16 3 0
github.com/corvusHold/guard/sdk/go/api.gen.go:7587.16,7589.3 1 0
github.com/corvusHold/guard/sdk/go/api.gen.go:7591.2,7592.29 2 0
github.com/corvusHold/guard/sdk/go/api.gen.go:7592.29,7594.3 1 0
github.com/corvusHold/guard/sdk/go/api.gen.go:7596.2,7597.16 2 0
github.com/corvusHold/guard/sdk/go/api.gen.go:7597.16,7599.3 1 0
github.com/corvusHold/guard/sdk/go/api.gen.go:7601.2,7602.16 2 0
github.com/corvusHold/guard/sdk/go/api.gen.go:7602.16,7604.3 1 0
github.com/corvusHold/guard/sdk/go/api.gen.go:7606.2,7606.17 1 0
github.com/corvusHold/guard/sdk/go/api.gen.go:7610.123,7613.16 3 0
github.com/corvusHold/guard/sdk/go/api.gen.go:7613.16,7615.3 1 0
github.com/corvusHold/guard/sdk/go/api.gen.go:7616.2,7617.90 2 0
github.com/corvusHold/guard/sdk/go/api.gen.go:7621.122,7625.16 3 0
github.com/corvusHold/guard/sdk/go/api.gen.go:7625.16,7627.3 1 0
github.com/corvusHold/guard/sdk/go/api.gen.go:7629.2,7630.29 2 0
github.com/corvusHold/guard/sdk/go/api.gen.go:7630.29,7632.3 1 0
github.com/corvusHold/guard/sdk/go/api.gen.go:7634.2,7635.16 2 0
github.com/corvusHold/guard/sdk/go/api.gen.go:7635.16,7637.3 1 0
github.com/corvusHold/guard/sdk/go/api.gen.go:7639.2,7640.16 2 0
github.com/corvusHold/guard/sdk/go/api.gen.go:7640.16,7642.3 1 0
github.com/corvusHold/guard/sdk/go/api.gen.go:7644.2,7646.17 2 0
github.com/corvusHold/guard/sdk/go/api.gen.go:7650.79,7654.16 3 0
github.com/corvusHold/guard/sdk/go/api.gen.go:7654.16,7656.3 1 0
github.com/corvusHold/guard/sdk/go/api.gen.go:7658.2,7659.29 2 0
github.com/corvusHold/guard/sdk/go/api.gen.go:7659.29,7661.3 1 0
github.com/corvusHold/guard/sdk/go/api.gen.go:7663.2,7664.16 2 0
github.com/corvusHold/guard/sdk/go/api.gen.go:7664.16,7666.3 1 0
github.com/corvusHold/guard/sdk/go/api.gen.go:7668.2,7669.16 2 0
github.com/corvusHold/guard/sdk/go/api.gen.go:7669.16,7671.3 1 0
github.com/corvusHold/guard/sdk/go/api.gen.go:7673.2,7673.17 1 0
github.com/corvusHold/guard/sdk/go/api.gen.go:7677.95,7683.16 4 0
github.com/corvusHold/guard/sdk/go/api.gen.go:7683.16,7685.3 1 0
github.com/corvusHold/guard/sdk/go/api.gen.go:7687.2,7688.16 2 0
github.com/corvusHold/guard/sdk/go/api.gen.go:7688.16,7690.3 1 0
github.com/corvusHold/guard/sdk/go/api.gen.go:7692.2,7693.29 2 0
github.com/corvusHold/guard/sdk/go/api.gen.go:7693.29,7695.3 1 0
github.com/corvusHold/guard/sdk/go/api.gen.go:7697.2,7698.16 2 0
github.com/corvusHold/guard/sdk/go/api.gen.go:7698.16,7700.3 1 0
github.com/corvusHold/guard/sdk/go/api.gen.go:7702.2,7703.16 2 0
github.com/corvusHold/guard/sdk/go/api.gen.go:7703.16,7705.3 1 0
github.com/corvusHold/guard/sdk/go/api.gen.go:7707.2,7707.17 1 0
github.com/corvusHold/guard/sdk/go/api.gen.go:7711.75,7715.16 3 2
github.com/corvusHold/guard/sdk/go/api.gen.go:7715.16,7717.3 1 0
github.com/corvusHold/guard/sdk/go/api.gen.go:7719.2,7720.29 2 2
github.com/corvusHold/guard/sdk/go/api.gen.go:7720.29,7722.3 1 2
github.com/corvusHold/guard/sdk/go/api.gen.go:7724.2,7725.16 2 2
github.com/corvusHold/guard/sdk/go/api.gen.go:7725.16,7727.3 1 0
github.com/corvusHold/guard/sdk/go/api.gen.go:7729.2,7730.16 2 2
github.com/corvusHold/guard/sdk/go/api.gen.go:7730.16,7732.3 1 0
github.com/corvusHold/guard/sdk/go/api.gen.go:7734.2,7734.17 1 2
github.com/corvusHold/guard/sdk/go/api.gen.go:7738.95,7744.16 4 1
github.com/corvusHold/guard/sdk/go/api.gen.go:7744.16,7746.3 1 0
github.com/corvusHold/guard/sdk/go/api.gen.go:7748.2,7749.16 2 1
github.com/corvusHold/guard/sdk/go/api.gen.go:7749.16,7751.3 1 0
github.com/corvusHold/guard/sdk/go/api.gen.go:7753.2,7754.29 2 1
github.com/corvusHold/guard/sdk/go/api.gen.go:7754.29,7756.3 1 1
github.com/corvusHold/guard/sdk/go/api.gen.go:7758.2,7759.16 2 1
github.com/corvusHold/guard/sdk/go/api.gen.go:7759.16,7761.3 1 0
github.com/corvusHold/guard/sdk/go/api.gen.go:7763.2,7764.16 2 1
github.com/corvusHold/guard/sdk/go/api.gen.go:7764.16,7766.3 1 0
github.com/corvusHold/guard/sdk/go/api.gen.go:7768.2,7768.17 1 1
github.com/corvusHold/guard/sdk/go/api.gen.go:7772.150,7778.16 4 1
github.com/corvusHold/guard/sdk/go/api.gen.go:7778.16,7780.3 1 0
github.com/corvusHold/guard/sdk/go/api.gen.go:7782.2,7783.16 2 1
github.com/corvusHold/guard/sdk/go/api.gen.go:7783.16,7785.3 1 0
github.com/corvusHold/guard/sdk/go/api.gen.go:7787.2,7788.29 2 1
github.com/corvusHold/guard/sdk/go/api.gen.go:7788.29,7790.3 1 1
github.com/corvusHold/guard/sdk/go/api.gen.go:7792.2,7793.16 2 1
github.com/corvusHold/guard/sdk/go/api.gen.go:7793.16,7795.3 1 0
github.com/corvusHold/guard/sdk/go/api.gen.go:7797.2,7798.16 2 1
github.com/corvusHold/guard/sdk/go/api.gen.go:7798.16,7800.3 1 0
github.com/corvusHold/guard/sdk/go/api.gen.go:7802.2,7802.19 1 1
github.com/corvusHold/guard/sdk/go/api.gen.go:7802.19,7804.30 1 0
github.com/corvusHold/guard/sdk/go/api.gen.go:7804.30,7808.18 3 0
github.com/corvusHold/guard/sdk/go/api.gen.go:7808.18,7810.5 1 0
github.com/corvusHold/guard/sdk/go/api.gen.go:7812.4,7812.47 1 0
github.com/corvusHold/guard/sdk/go/api.gen.go:7817.2,7817.17 1 1
github.com/corvusHold/guard/sdk/go/api.gen.go:7821.154,7827.16 4 1
github.com/corvusHold/guard/sdk/go/api.gen.go:7827.16,7829.3 1 0
github.com/corvusHold/guard/sdk/go/api.gen.go:7831.2,7832.16 2 1
github.com/corvusHold/guard/sdk/go/api.gen.go:7832.16,7834.3 1 0
github.com/corvusHold/guard/sdk/go/api.gen.go:7836.2,7837.29 2 1
github.com/corvusHold/guard/sdk/go/api.gen.go:7837.29,7839.3 1 1
github.com/corvusHold/guard/sdk/go/api.gen.go:7841.2,7842.16 2 1
github.com/corvusHold/guard/sdk/go/api.gen.go:7842.16,7844.3 1 0
github.com/corvusHold/guard/sdk/go/api.gen.go:7846.2,7846.19 1 1
github.com/corvusHold/guard/sdk/go/api.gen.go:7846.19,7849.35 2 1
github.com/corvusHold/guard/sdk/go/api.gen.go:7849.35,7851.153 1 1
github.com/corvusHold/guard/sdk/go/api.gen.go:7851.153,7853.5 1 0
github.com/corvusHold/guard/sdk/go/api.gen.go:7853.10,7853.67 1 1
github.com/corvusHold/guard/sdk/go/api.gen.go:7853.67,7855.5 1 0
github.com/corvusHold/guard/sdk/go/api.gen.go:7855.10,7856.30 1 1
github.com/corvusHold/guard/sdk/go/api.gen.go:7856.30,7857.27 1 1
github.com/corvusHold/guard/sdk/go/api.gen.go:7857.27,7859.7 1 1
github.com/corvusHold/guard/sdk/go/api.gen.go:7865.3,7865.139 1 1
github.com/corvusHold/guard/sdk/go/api.gen.go:7865.139,7867.4 1 0
github.com/corvusHold/guard/sdk/go/api.gen.go:7867.9,7867.66 1 1
github.com/corvusHold/guard/sdk/go/api.gen.go:7867.66,7869.4 1 0
github.com/corvusHold/guard/sdk/go/api.gen.go:7869.9,7870.29 1 1
github.com/corvusHold/guard/sdk/go/api.gen.go:7870.29,7871.26 1 1
github.com/corvusHold/guard/sdk/go/api.gen.go:7871.26,7873.6 1 1
github.com/corvusHold/guard/sdk/go/api.gen.go:7877.3,7877.27 1 1
github.com/corvusHold/guard/sdk/go/api.gen.go:7877.27,7879.136 1 1
github.com/corvusHold/guard/sdk/go/api.gen.go:7879.136,7881.5 1 0
github.com/corvusHold/guard/sdk/go/api.gen.go:7881.10,7881.67 1 1
github.com/corvusHold/guard/sdk/go/api.gen.go:7881.67,7883.5 1 0
github.com/corvusHold/guard/sdk/go/api.gen.go:7883.10,7884.30 1 1
github.com/corvusHold/guard/sdk/go/api.gen.go:7884.30,7885.27 1 1
github.com/corvusHold/guard/sdk/go/api.gen.go:7885.27,7887.7 1 1
github.com/corvusHold/guard/sdk/go/api.gen.go:7893.3,7893.43 1 1
github.com/corvusHold/guard/sdk/go/api.gen.go:7896.2,7897.16 2 1
github.com/corvusHold/guard/sdk/go/api.gen.go:7897.16,7899.3 1 0
github.com/corvusHold/guard/sdk/go/api.gen.go:7901.2,7901.17 1 1
github.com/corvusHold/guard/sdk/go/api.gen.go:7905.144,7911.16 4 2
github.com/corvusHold/guard/sdk/go/api.gen.go:7911.16,7913.3 1 0
github.com/corvusHold/guard/sdk/go/api.gen.go:7915.2,7916.16 2 2
github.com/corvusHold/guard/sdk/go/api.gen.go:7916.16,7918.3 1 0
github.com/corvusHold/guard/sdk/go/api.gen.go:7920.2,7921.29 2 2
github.com/corvusHold/guard/sdk/go/api.gen.go:7921.29,7923.3 1 2
github.com/corvusHold/guard/sdk/go/api.gen.go:7925.2,7926.16 2 2
github.com/corvusHold/guard/sdk/go/api.gen.go:7926.16,7928.3 1 0
github.com/corvusHold/guard/sdk/go/api.gen.go:7930.2,7930.19 1 2
github.com/corvusHold/guard/sdk/go/api.gen.go:7930.19,7933.139 2 2
github.com/corvusHold/guard/sdk/go/api.gen.go:7933.139,7935.4 1 0
github.com/corvusHold/guard/sdk/go/api.gen.go:7935.9,7935.66 1 2
github.com/corvusHold/guard/sdk/go/api.gen.go:7935.66,7937.4 1 0
github.com/corvusHold/guard/sdk/go/api.gen.go:7937.9,7938.29 1 2
github.com/corvusHold/guard/sdk/go/api.gen.go:7938.29,7939.26 1 2
github.com/corvusHold/guard/sdk/go/api.gen.go:7939.26,7941.6 1 2
github.com/corvusHold/guard/sdk/go/api.gen.go:7945.3,7945.32 1 2
github.com/corvusHold/guard/sdk/go/api.gen.go:7945.32,7947.147 1 1
github.com/corvusHold/guard/sdk/go/api.gen.go:7947.147,7949.5 1 0
github.com/corvusHold/guard/sdk/go/api.gen.go:7949.10,7949.67 1 1
github.com/corvusHold/guard/sdk/go/api.gen.go:7949.67,7951.5 1 0
github.com/corvusHold/guard/sdk/go/api.gen.go:7951.10,7952.30 1 1
github.com/corvusHold/guard/sdk/go/api.gen.go:7952.30,7953.27 1 1
github.com/corvusHold/guard/sdk/go/api.gen.go:7953.27,7955.7 1 1
github.com/corvusHold/guard/sdk/go/api.gen.go:7961.3,7961.26 1 2
github.com/corvusHold/guard/sdk/go/api.gen.go:7961.26,7963.134 1 0
github.com/corvusHold/guard/sdk/go/api.gen.go:7963.134,7965.5 1 0
github.com/corvusHold/guard/sdk/go/api.gen.go:7965.10,7965.67 1 0
github.com/corvusHold/guard/sdk/go/api.gen.go:7965.67,7967.5 1 0
github.com/corvusHold/guard/sdk/go/api.gen.go:7967.10,7968.30 1 0
github.com/corvusHold/guard/sdk/go/api.gen.go:7968.30,7969.27 1 0
github.com/corvusHold/guard/sdk/go/api.gen.go:7969.27,7971.7 1 0
github.com/corvusHold/guard/sdk/go/api.gen.go:7977.3,7977.33 1 2
github.com/corvusHold/guard/sdk/go/api.gen.go:7977.33,7979.149 1 0
github.com/corvusHold/guard/sdk/go/api.gen.go:7979.149,7981.5 1 0
github.com/corvusHold/guard/sdk/go/api.gen.go:7981.10,7981.67 1 0
github.com/corvusHold/guard/sdk/go/api.gen.go:7981.67,7983.5 1 0
github.com/corvusHold/guard/sdk/go/api.gen.go:7983.10,7984.30 1 0
github.com/corvusHold/guard/sdk/go/api.gen.go:7984.30,7985.27 1 0
github.com/corvusHold/guard/sdk/go/api.gen.go:7985.27,7987.7 1 0
github.com/corvusHold/guard/sdk/go/api.gen.go:7993.3,7993.35 1 2
github.com/corvusHold/guard/sdk/go/api.gen.go:7993.35,7995.153 1 0
github.com/corvusHold/guard/sdk/go/api.gen.go:7995.153,7997.5 1 0
github.com/corvusHold/guard/sdk/go/api.gen.go:7997.10,7997.67 1 0
github.com/corvusHold/guard/sdk/go/api.gen.go:7997.67,7999.5 1 0
github.com/corvusHold/guard/sdk/go/api.gen.go:7999.10,8000.30 1 0
github.com/corvusHold/guard/sdk/go/api.gen.go:8000.30,8001.27 1 0
github.com/corvusHold/guard/sdk/go/api.gen.go:8001.27,8003.7 1 0
github.com/corvusHold/guard/sdk/go/api.gen.go:8009.3,8009.43 1 2
github.com/corvusHold/guard/sdk/go/api.gen.go:8012.2,8013.16 2 2
github.com/corvusHold/guard/sdk/go/api.gen.go:8013.16,8015.3 1 0
github.com/corvusHold/guard/sdk/go/api.gen.go:8017.2,8017.17 1 2
github.com/corvusHold/guard/sdk/go/api.gen.go:8021.125,8024.16 3 0
github.com/corvusHold/guard/sdk/go/api.gen.go:8024.16,8026.3 1 0
github.com/corvusHold/guard/sdk/go/api.gen.go:8027.2,8028.91 2 0
github.com/corvusHold/guard/sdk/go/api.gen.go:8032.123,8036.16 3 0
github.com/corvusHold/guard/sdk/go/api.gen.go:8036.16,8038.3 1 0
github.com/corvusHold/guard/sdk/go/api.gen.go:8040.2,8041.29 2 0
github.com/corvusHold/guard/sdk/go/api.gen.go:8041.29,8043.3 1 0
github.com/corvusHold/guard/sdk/go/api.gen.go:8045.2,8046.16 2 0
github.com/corvusHold/guard/sdk/go/api.gen.go:8046.16,8048.3 1 0
github.com/corvusHold/guard/sdk/go/api.gen.go:8050.2,8051.16 2 0
github.com/corvusHold/guard/sdk/go/api.gen.go:8051.16,8053.3 1 0
github.com/corvusHold/guard/sdk/go/api.gen.go:8055.2,8057.17 2 0
github.com/corvusHold/guard/sdk/go/api.gen.go:8061.121,8065.16 3 0
github.com/corvusHold/guard/sdk/go/api.gen.go:8065.16,8067.3 1 0
github.com/corvusHold/guard/sdk/go/api.gen.go:8069.2,8070.29 2 0
github.com/corvusHold/guard/sdk/go/api.gen.go:8070.29,8072.3 1 0
github.com/corvusHold/guard/sdk/go/api.gen.go:8074.2,8075.16 2 0
github.com/corvusHold/guard/sdk/go/api.gen.go:8075.16,8077.3 1 0
github.com/corvusHold/guard/sdk/go/api.gen.go:8079.2,8079.19 1 0
github.com/corvusHold/guard/sdk/go/api.gen.go:8079.19,8082.26 2 0
github.com/corvusHold/guard/sdk/go/api.gen.go:8082.26,8084.134 1 0
github.com/corvusHold/guard/sdk/go/api.gen.go:8084.134,8086.5 1 0
github.com/corvusHold/guard/sdk/go/api.gen.go:8086.10,8086.67 1 0
github.com/corvusHold/guard/sdk/go/api.gen.go:8086.67,8088.5 1 0
github.com/corvusHold/guard/sdk/go/api.gen.go:8088.10,8089.30 1 0
github.com/corvusHold/guard/sdk/go/api.gen.go:8089.30,8090.27 1 0
github.com/corvusHold/guard/sdk/go/api.gen.go:8090.27,8092.7 1 0
github.com/corvusHold/guard/sdk/go/api.gen.go:8098.3,8098.43 1 0
github.com/corvusHold/guard/sdk/go/api.gen.go:8101.2,8102.16 2 0
github.com/corvusHold/guard/sdk/go/api.gen.go:8102.16,8104.3 1 0
github.com/corvusHold/guard/sdk/go/api.gen.go:8106.2,8106.19 1 0
github.com/corvusHold/guard/sdk/go/api.gen.go:8106.19,8108.33 1 0
github.com/corvusHold/guard/sdk/go/api.gen.go:8108.33,8112.18 3 0
github.com/corvusHold/guard/sdk/go/api.gen.go:8112.18,8114.5 1 0
github.com/corvusHold/guard/sdk/go/api.gen.go:8116.4,8116.50 1 0
github.com/corvusHold/guard/sdk/go/api.gen.go:8121.2,8121.17 1 0
github.com/corvusHold/guard/sdk/go/api.gen.go:8125.127,8128.16 3 0
github.com/corvusHold/guard/sdk/go/api.gen.go:8128.16,8130.3 1 0
github.com/corvusHold/guard/sdk/go/api.gen.go:8131.2,8132.92 2 0
github.com/corvusHold/guard/sdk/go/api.gen.go:8136.124,8140.16 3 0
github.com/corvusHold/guard/sdk/go/api.gen.go:8140.16,8142.3 1 0
github.com/corvusHold/guard/sdk/go/api.gen.go:8144.2,8145.29 2 0
github.com/corvusHold/guard/sdk/go/api.gen.go:8145.29,8147.3 1 0
github.com/corvusHold/guard/sdk/go/api.gen.go:8149.2,8150.16 2 0
github.com/corvusHold/guard/sdk/go/api.gen.go:8150.16,8152.3 1 0
github.com/corvusHold/guard/sdk/go/api.gen.go:8154.2,8155.16 2 0
github.com/corvusHold/guard/sdk/go/api.gen.go:8155.16,8157.3 1 0
github.com/corvusHold/guard/sdk/go/api.gen.go:8159.2,8161.17 2 0
github.com/corvusHold/guard/sdk/go/api.gen.go:8165.111,8169.16 3 2
github.com/corvusHold/guard/sdk/go/api.gen.go:8169.16,8171.3 1 0
github.com/corvusHold/guard/sdk/go/api.gen.go:8173.2,8174.29 2 2
github.com/corvusHold/guard/sdk/go/api.gen.go:8174.29,8176.3 1 2
github.com/corvusHold/guard/sdk/go/api.gen.go:8178.2,8179.16 2 2
github.com/corvusHold/guard/sdk/go/api.gen.go:8179.16,8181.3 1 0
github.com/corvusHold/guard/sdk/go/api.gen.go:8183.2,8183.19 1 2
github.com/corvusHold/guard/sdk/go/api.gen.go:8183.19,8186.29 2 2
github.com/corvusHold/guard/sdk/go/api.gen.go:8186.29,8188.141 1 0
github.com/corvusHold/guard/sdk/go/api.gen.go:8188.141,8190.5 1 0
github.com/corvusHold/guard/sdk/go/api.gen.go:8190.10,8190.67 1 0
github.com/corvusHold/guard/sdk/go/api.gen.go:8190.67,8192.5 1 0
github.com/corvusHold/guard/sdk/go/api.gen.go:8192.10,8193.30 1 0
github.com/corvusHold/guard/sdk/go/api.gen.go:8193.30,8194.27 1 0
github.com/corvusHold/guard/sdk/go/api.gen.go:8194.27,8196.7 1 0
github.com/corvusHold/guard/sdk/go/api.gen.go:8202.3,8202.43 1 2
github.com/corvusHold/guard/sdk/go/api.gen.go:8205.2,8206.16 2 2
github.com/corvusHold/guard/sdk/go/api.gen.go:8206.16,8208.3 1 0
github.com/corvusHold/guard/sdk/go/api.gen.go:8210.2,8210.17 1 2
github.com/corvusHold/guard/sdk/go/api.gen.go:8214.119,8217.16 3 1
github.com/corvusHold/guard/sdk/go/api.gen.go:8217.16,8219.3 1 0
github.com/corvusHold/guard/sdk/go/api.gen.go:8220.2,8221.88 2 1
github.com/corvusHold/guard/sdk/go/api.gen.go:8225.120,8229.16 3 1
github.com/corvusHold/guard/sdk/go/api.gen.go:8229.16,8231.3 1 0
github.com/corvusHold/guard/sdk/go/api.gen.go:8233.2,8234.29 2 1
github.com/corvusHold/guard/sdk/go/api.gen.go:8234.29,8236.3 1 1
github.com/corvusHold/guard/sdk/go/api.gen.go:8238.2,8239.16 2 1
github.com/corvusHold/guard/sdk/go/api.gen.go:8239.16,8241.3 1 0
github.com/corvusHold/guard/sdk/go/api.gen.go:8243.2,8244.16 2 1
github.com/corvusHold/guard/sdk/go/api.gen.go:8244.16,8246.3 1 0
github.com/corvusHold/guard/sdk/go/api.gen.go:8248.2,8250.17 2 1
github.com/corvusHold/guard/sdk/go/api.gen.go:8254.91,8260.16 4 1
github.com/corvusHold/guard/sdk/go/api.gen.go:8260.16,8262.3 1 0
github.com/corvusHold/guard/sdk/go/api.gen.go:8264.2,8265.16 2 1
github.com/corvusHold/guard/sdk/go/api.gen.go:8265.16,8267.3 1 0
github.com/corvusHold/guard/sdk/go/api.gen.go:8269.2,8270.29 2 1
github.com/corvusHold/guard/sdk/go/api.gen.go:8270.29,8272.3 1 1
github.com/corvusHold/guard/sdk/go/api.gen.go:8274.2,8275.16 2 1
github.com/corvusHold/guard/sdk/go/api.gen.go:8275.16,8277.3 1 0
github.com/corvusHold/guard/sdk/go/api.gen.go:8279.2,8280.16 2 1
github.com/corvusHold/guard/sdk/go/api.gen.go:8280.16,8282.3 1 0
github.com/corvusHold/guard/sdk/go/api.gen.go:8284.2,8284.17 1 1
github.com/corvusHold/guard/sdk/go/api.gen.go:8288.88,8294.16 4 1
github.com/corvusHold/guard/sdk/go/api.gen.go:8294.16,8296.3 1 0
github.com/corvusHold/guard/sdk/go/api.gen.go:8298.2,8299.16 2 1
github.com/corvusHold/guard/sdk/go/api.gen.go:8299.16,8301.3 1 0
github.com/corvusHold/guard/sdk/go/api.gen.go:8303.2,8304.29 2 1
github.com/corvusHold/guard/sdk/go/api.gen.go:8304.29,8306.3 1 1
github.com/corvusHold/guard/sdk/go/api.gen.go:8308.2,8309.16 2 1
github.com/corvusHold/guard/sdk/go/api.gen.go:8309.16,8311.3 1 0
github.com/corvusHold/guard/sdk/go/api.gen.go:8313.2,8314.16 2 1
github.com/corvusHold/guard/sdk/go/api.gen.go:8314.16,8316.3 1 0
github.com/corvusHold/guard/sdk/go/api.gen.go:8318.2,8318.17 1 1
github.com/corvusHold/guard/sdk/go/api.gen.go:8322.132,8325.16 3 1
github.com/corvusHold/guard/sdk/go/api.gen.go:8325.16,8327.3 1 0
github.com/corvusHold/guard/sdk/go/api.gen.go:8328.2,8329.93 2 1
github.com/corvusHold/guard/sdk/go/api.gen.go:8333.132,8339.16 4 1
github.com/corvusHold/guard/sdk/go/api.gen.go:8339.16,8341.3 1 0
github.com/corvusHold/guard/sdk/go/api.gen.go:8343.2,8344.16 2 1
github.com/corvusHold/guard/sdk/go/api.gen.go:8344.16,8346.3 1 0
github.com/corvusHold/guard/sdk/go/api.gen.go:8348.2,8349.29 2 1
github.com/corvusHold/guard/sdk/go/api.gen.go:8349.29,8351.3 1 1
github.com/corvusHold/guard/sdk/go/api.gen.go:8353.2,8354.16 2 1
github.com/corvusHold/guard/sdk/go/api.gen.go:8354.16,8356.3 1 0
github.com/corvusHold/guard/sdk/go/api.gen.go:8358.2,8359.16 2 1
github.com/corvusHold/guard/sdk/go/api.gen.go:8359.16,8361.3 1 0
github.com/corvusHold/guard/sdk/go/api.gen.go:8363.2,8365.17 2 1
github.com/corvusHold/guard/sdk/go/api.gen.go:8369.93,8375.16 4 1
github.com/corvusHold/guard/sdk/go/api.gen.go:8375.16,8377.3 1 0
github.com/corvusHold/guard/sdk/go/api.gen.go:8379.2,8380.16 2 1
github.com/corvusHold/guard/sdk/go/api.gen.go:8380.16,8382.3 1 0
github.com/corvusHold/guard/sdk/go/api.gen.go:8384.2,8385.29 2 1
github.com/corvusHold/guard/sdk/go/api.gen.go:8385.29,8387.3 1 1
github.com/corvusHold/guard/sdk/go/api.gen.go:8389.2,8390.16 2 1
github.com/corvusHold/guard/sdk/go/api.gen.go:8390.16,8392.3 1 0
github.com/corvusHold/guard/sdk/go/api.gen.go:8394.2,8395.16 2 1
github.com/corvusHold/guard/sdk/go/api.gen.go:8395.16,8397.3 1 0
github.com/corvusHold/guard/sdk/go/api.gen.go:8399.2,8399.17 1 1
github.com/corvusHold/guard/sdk/go/api.gen.go:8403.105,8407.16 3 0
github.com/corvusHold/guard/sdk/go/api.gen.go:8407.16,8409.3 1 0
github.com/corvusHold/guard/sdk/go/api.gen.go:8411.2,8412.29 2 0
github.com/corvusHold/guard/sdk/go/api.gen.go:8412.29,8414.3 1 0
github.com/corvusHold/guard/sdk/go/api.gen.go:8416.2,8417.16 2 0
github.com/corvusHold/guard/sdk/go/api.gen.go:8417.16,8419.3 1 0
github.com/corvusHold/guard/sdk/go/api.gen.go:8421.2,8421.19 1 0
github.com/corvusHold/guard/sdk/go/api.gen.go:8421.19,8424.130 2 0
github.com/corvusHold/guard/sdk/go/api.gen.go:8424.130,8426.4 1 0
github.com/corvusHold/guard/sdk/go/api.gen.go:8426.9,8426.66 1 0
github.com/corvusHold/guard/sdk/go/api.gen.go:8426.66,8428.4 1 0
github.com/corvusHold/guard/sdk/go/api.gen.go:8428.9,8429.29 1 0
github.com/corvusHold/guard/sdk/go/api.gen.go:8429.29,8430.26 1 0
github.com/corvusHold/guard/sdk/go/api.gen.go:8430.26,8432.6 1 0
github.com/corvusHold/guard/sdk/go/api.gen.go:8436.3,8436.43 1 0
github.com/corvusHold/guard/sdk/go/api.gen.go:8439.2,8440.16 2 0
github.com/corvusHold/guard/sdk/go/api.gen.go:8440.16,8442.3 1 0
github.com/corvusHold/guard/sdk/go/api.gen.go:8444.2,8444.17 1 0
github.com/corvusHold/guard/sdk/go/api.gen.go:8448.101,8452.16 3 2
github.com/corvusHold/guard/sdk/go/api.gen.go:8452.16,8454.3 1 0
github.com/corvusHold/guard/sdk/go/api.gen.go:8456.2,8457.29 2 2
github.com/corvusHold/guard/sdk/go/api.gen.go:8457.29,8459.3 1 2
github.com/corvusHold/guard/sdk/go/api.gen.go:8461.2,8462.16 2 2
github.com/corvusHold/guard/sdk/go/api.gen.go:8462.16,8464.3 1 0
github.com/corvusHold/guard/sdk/go/api.gen.go:8466.2,8466.19 1 2
github.com/corvusHold/guard/sdk/go/api.gen.go:8466.19,8469.22 2 1
github.com/corvusHold/guard/sdk/go/api.gen.go:8469.22,8471.126 1 1
github.com/corvusHold/guard/sdk/go/api.gen.go:8471.126,8473.5 1 0
github.com/corvusHold/guard/sdk/go/api.gen.go:8473.10,8473.67 1 1
github.com/corvusHold/guard/sdk/go/api.gen.go:8473.67,8475.5 1 0
github.com/corvusHold/guard/sdk/go/api.gen.go:8475.10,8476.30 1 1
github.com/corvusHold/guard/sdk/go/api.gen.go:8476.30,8477.27 1 1
github.com/corvusHold/guard/sdk/go/api.gen.go:8477.27,8479.7 1 1
github.com/corvusHold/guard/sdk/go/api.gen.go:8485.3,8485.27 1 1
github.com/corvusHold/guard/sdk/go/api.gen.go:8485.27,8487.136 1 0
github.com/corvusHold/guard/sdk/go/api.gen.go:8487.136,8489.5 1 0
github.com/corvusHold/guard/sdk/go/api.gen.go:8489.10,8489.67 1 0
github.com/corvusHold/guard/sdk/go/api.gen.go:8489.67,8491.5 1 0
github.com/corvusHold/guard/sdk/go/api.gen.go:8491.10,8492.30 1 0
github.com/corvusHold/guard/sdk/go/api.gen.go:8492.30,8493.27 1 0
github.com/corvusHold/guard/sdk/go/api.gen.go:8493.27,8495.7 1 0
github.com/corvusHold/guard/sdk/go/api.gen.go:8501.3,8501.25 1 1
github.com/corvusHold/guard/sdk/go/api.gen.go:8501.25,8503.132 1 0
github.com/corvusHold/guard/sdk/go/api.gen.go:8503.132,8505.5 1 0
github.com/corvusHold/guard/sdk/go/api.gen.go:8505.10,8505.67 1 0
github.com/corvusHold/guard/sdk/go/api.gen.go:8505.67,8507.5 1 0
github.com/corvusHold/guard/sdk/go/api.gen.go:8507.10,8508.30 1 0
github.com/corvusHold/guard/sdk/go/api.gen.go:8508.30,8509.27 1 0
github.com/corvusHold/guard/sdk/go/api.gen.go:8509.27,8511.7 1 0
github.com/corvusHold/guard/sdk/go/api.gen.go:8517.3,8517.29 1 1
github.com/corvusHold/guard/sdk/go/api.gen.go:8517.29,8519.141 1 0
github.com/corvusHold/guard/sdk/go/api.gen.go:8519.141,8521.5 1 0
github.com/corvusHold/guard/sdk/go/api.gen.go:8521.10,8521.67 1 0
github.com/corvusHold/guard/sdk/go/api.gen.go:8521.67,8523.5 1 0
github.com/corvusHold/guard/sdk/go/api.gen.go:8523.10,8524.30 1 0
github.com/corvusHold/guard/sdk/go/api.gen.go:8524.30,8525.27 1 0
github.com/corvusHold/guard/sdk/go/api.gen.go:8525.27,8527.7 1 0
github.com/corvusHold/guard/sdk/go/api.gen.go:8533.3,8533.43 1 1
github.com/corvusHold/guard/sdk/go/api.gen.go:8536.2,8537.16 2 2
github.com/corvusHold/guard/sdk/go/api.gen.go:8537.16,8539.3 1 0
github.com/corvusHold/guard/sdk/go/api.gen.go:8541.2,8541.17 1 2
github.com/corvusHold/guard/sdk/go/api.gen.go:8545.109,8548.16 3 1
github.com/corvusHold/guard/sdk/go/api.gen.go:8548.16,8550.3 1 0
github.com/corvusHold/guard/sdk/go/api.gen.go:8551.2,8552.83 2 1
github.com/corvusHold/guard/sdk/go/api.gen.go:8556.115,8560.16 3 1
github.com/corvusHold/guard/sdk/go/api.gen.go:8560.16,8562.3 1 0
github.com/corvusHold/guard/sdk/go/api.gen.go:8564.2,8565.29 2 1
github.com/corvusHold/guard/sdk/go/api.gen.go:8565.29,8567.3 1 1
github.com/corvusHold/guard/sdk/go/api.gen.go:8569.2,8570.16 2 1
github.com/corvusHold/guard/sdk/go/api.gen.go:8570.16,8572.3 1 0
github.com/corvusHold/guard/sdk/go/api.gen.go:8574.2,8575.16 2 1
github.com/corvusHold/guard/sdk/go/api.gen.go:8575.16,8577.3 1 0
github.com/corvusHold/guard/sdk/go/api.gen.go:8579.2,8581.17 2 1
github.com/corvusHold/guard/sdk/go/api.gen.go:8585.93,8591.16 4 0
github.com/corvusHold/guard/sdk/go/api.gen.go:8591.16,8593.3 1 0
github.com/corvusHold/guard/sdk/go/api.gen.go:8595.2,8596.16 2 0
github.com/corvusHold/guard/sdk/go/api.gen.go:8596.16,8598.3 1 0
github.com/corvusHold/guard/sdk/go/api.gen.go:8600.2,8601.29 2 0
github.com/corvusHold/guard/sdk/go/api.gen.go:8601.29,8603.3 1 0
github.com/corvusHold/guard/sdk/go/api.gen.go:8605.2,8606.16 2 0
github.com/corvusHold/guard/sdk/go/api.gen.go:8606.16,8608.3 1 0
github.com/corvusHold/guard/sdk/go/api.gen.go:8610.2,8611.16 2 0
github.com/corvusHold/guard/sdk/go/api.gen.go:8611.16,8613.3 1 0
github.com/corvusHold/guard/sdk/go/api.gen.go:8615.2,8615.17 1 0
github.com/corvusHold/guard/sdk/go/api.gen.go:8619.83,8625.16 4 1
github.com/corvusHold/guard/sdk/go/api.gen.go:8625.16,8627.3 1 0
github.com/corvusHold/guard/sdk/go/api.gen.go:8629.2,8630.16 2 1
github.com/corvusHold/guard/sdk/go/api.gen.go:8630.16,8632.3 1 0
github.com/corvusHold/guard/sdk/go/api.gen.go:8634.2,8635.29 2 1
github.com/corvusHold/guard/sdk/go/api.gen.go:8635.29,8637.3 1 1
github.com/corvusHold/guard/sdk/go/api.gen.go:8639.2,8640.16 2 1
github.com/corvusHold/guard/sdk/go/api.gen.go:8640.16,8642.3 1 0
github.com/corvusHold/guard/sdk/go/api.gen.go:8644.2,8645.16 2 1
github.com/corvusHold/guard/sdk/go/api.gen.go:8645.16,8647.3 1 0
github.com/corvusHold/guard/sdk/go/api.gen.go:8649.2,8649.17 1 1
github.com/corvusHold/guard/sdk/go/api.gen.go:8653.132,8659.16 4 0
github.com/corvusHold/guard/sdk/go/api.gen.go:8659.16,8661.3 1 0
github.com/corvusHold/guard/sdk/go/api.gen.go:8663.2,8664.16 2 0
github.com/corvusHold/guard/sdk/go/api.gen.go:8664.16,8666.3 1 0
github.com/corvusHold/guard/sdk/go/api.gen.go:8668.2,8669.29 2 0
github.com/corvusHold/guard/sdk/go/api.gen.go:8669.29,8671.3 1 0
github.com/corvusHold/guard/sdk/go/api.gen.go:8673.2,8674.16 2 0
github.com/corvusHold/guard/sdk/go/api.gen.go:8674.16,8676.3 1 0
github.com/corvusHold/guard/sdk/go/api.gen.go:8678.2,8678.19 1 0
github.com/corvusHold/guard/sdk/go/api.gen.go:8678.19,8681.25 2 0
github.com/corvusHold/guard/sdk/go/api.gen.go:8681.25,8683.132 1 0
github.com/corvusHold/guard/sdk/go/api.gen.go:8683.132,8685.5 1 0
github.com/corvusHold/guard/sdk/go/api.gen.go:8685.10,8685.67 1 0
github.com/corvusHold/guard/sdk/go/api.gen.go:8685.67,8687.5 1 0
github.com/corvusHold/guard/sdk/go/api.gen.go:8687.10,8688.30 1 0
github.com/corvusHold/guard/sdk/go/api.gen.go:8688.30,8689.27 1 0
github.com/corvusHold/guard/sdk/go/api.gen.go:8689.27,8691.7 1 0
github.com/corvusHold/guard/sdk/go/api.gen.go:8697.3,8697.29 1 0
github.com/corvusHold/guard/sdk/go/api.gen.go:8697.29,8699.141 1 0
github.com/corvusHold/guard/sdk/go/api.gen.go:8699.141,8701.5 1 0
github.com/corvusHold/guard/sdk/go/api.gen.go:8701.10,8701.67 1 0
github.com/corvusHold/guard/sdk/go/api.gen.go:8701.67,8703.5 1 0
github.com/corvusHold/guard/sdk/go/api.gen.go:8703.10,8704.30 1 0
github.com/corvusHold/guard/sdk/go/api.gen.go:8704.30,8705.27 1 0
github.com/corvusHold/guard/sdk/go/api.gen.go:8705.27,8707.7 1 0
github.com/corvusHold/guard/sdk/go/api.gen.go:8713.3,8713.43 1 0
github.com/corvusHold/guard/sdk/go/api.gen.go:8716.2,8717.16 2 0
github.com/corvusHold/guard/sdk/go/api.gen.go:8717.16,8719.3 1 0
github.com/corvusHold/guard/sdk/go/api.gen.go:8721.2,8721.17 1 0
github.com/corvusHold/guard/sdk/go/api.gen.go:8725.95,8731.16 4 0
github.com/corvusHold/guard/sdk/go/api.gen.go:8731.16,8733.3 1 0
github.com/corvusHold/guard/sdk/go/api.gen.go:8735.2,8736.16 2 0
github.com/corvusHold/guard/sdk/go/api.gen.go:8736.16,8738.3 1 0
github.com/corvusHold/guard/sdk/go/api.gen.go:8740.2,8741.29 2 0
github.com/corvusHold/guard/sdk/go/api.gen.go:8741.29,8743.3 1 0
github.com/corvusHold/guard/sdk/go/api.gen.go:8745.2,8746.16 2 0
github.com/corvusHold/guard/sdk/go/api.gen.go:8746.16,8748.3 1 0
github.com/corvusHold/guard/sdk/go/api.gen.go:8750.2,8751.16 2 0
github.com/corvusHold/guard/sdk/go/api.gen.go:8751.16,8753.3 1 0
github.com/corvusHold/guard/sdk/go/api.gen.go:8755.2,8755.17 1 0
github.com/corvusHold/guard/sdk/go/api.gen.go:8759.91,8765.16 4 1
github.com/corvusHold/guard/sdk/go/api.gen.go:8765.16,8767.3 1 0
github.com/corvusHold/guard/sdk/go/api.gen.go:8769.2,8770.16 2 1
github.com/corvusHold/guard/sdk/go/api.gen.go:8770.16,8772.3 1 0
github.com/corvusHold/guard/sdk/go/api.gen.go:8774.2,8775.29 2 1
github.com/corvusHold/guard/sdk/go/api.gen.go:8775.29,8777.3 1 1
github.com/corvusHold/guard/sdk/go/api.gen.go:8779.2,8780.16 2 1
github.com/corvusHold/guard/sdk/go/api.gen.go:8780.16,8782.3 1 0
github.com/corvusHold/guard/sdk/go/api.gen.go:8784.2,8785.16 2 1
github.com/corvusHold/guard/sdk/go/api.gen.go:8785.16,8787.3 1 0
github.com/corvusHold/guard/sdk/go/api.gen.go:8789.2,8789.17 1 1
github.com/corvusHold/guard/sdk/go/api.gen.go:8793.138,8796.16 3 1
github.com/corvusHold/guard/sdk/go/api.gen.go:8796.16,8798.3 1 0
github.com/corvusHold/guard/sdk/go/api.gen.go:8799.2,8800.96 2 1
github.com/corvusHold/guard/sdk/go/api.gen.go:8804.135,8810.16 4 1
github.com/corvusHold/guard/sdk/go/api.gen.go:8810.16,8812.3 1 0
github.com/corvusHold/guard/sdk/go/api.gen.go:8814.2,8815.16 2 1
github.com/corvusHold/guard/sdk/go/api.gen.go:8815.16,8817.3 1 0
github.com/corvusHold/guard/sdk/go/api.gen.go:8819.2,8820.29 2 1
github.com/corvusHold/guard/sdk/go/api.gen.go:8820.29,8822.3 1 1
github.com/corvusHold/guard/sdk/go/api.gen.go:8824.2,8825.16 2 1
github.com/corvusHold/guard/sdk/go/api.gen.go:8825.16,8827.3 1 0
github.com/corvusHold/guard/sdk/go/api.gen.go:8829.2,8830.16 2 1
github.com/corvusHold/guard/sdk/go/api.gen.go:8830.16,8832.3 1 0
github.com/corvusHold/guard/sdk/go/api.gen.go:8834.2,8836.17 2 1
github.com/corvusHold/guard/sdk/go/api.gen.go:8840.105,8844.16 3 0
github.com/corvusHold/guard/sdk/go/api.gen.go:8844.16,8846.3 1 0
github.com/corvusHold/guard/sdk/go/api.gen.go:8848.2,8849.29 2 0
github.com/corvusHold/guard/sdk/go/api.gen.go:8849.29,8851.3 1 0
github.com/corvusHold/guard/sdk/go/api.gen.go:8853.2,8854.16 2 0
github.com/corvusHold/guard/sdk/go/api.gen.go:8854.16,8856.3 1 0
github.com/corvusHold/guard/sdk/go/api.gen.go:8858.2,8858.19 1 0
github.com/corvusHold/guard/sdk/go/api.gen.go:8858.19,8861.139 2 0
github.com/corvusHold/guard/sdk/go/api.gen.go:8861.139,8863.4 1 0
github.com/corvusHold/guard/sdk/go/api.gen.go:8863.9,8863.66 1 0
github.com/corvusHold/guard/sdk/go/api.gen.go:8863.66,8865.4 1 0
github.com/corvusHold/guard/sdk/go/api.gen.go:8865.9,8866.29 1 0
github.com/corvusHold/guard/sdk/go/api.gen.go:8866.29,8867.26 1 0
github.com/corvusHold/guard/sdk/go/api.gen.go:8867.26,8869.6 1 0
github.com/corvusHold/guard/sdk/go/api.gen.go:8873.3,8873.145 1 0
github.com/corvusHold/guard/sdk/go/api.gen.go:8873.145,8875.4 1 0
github.com/corvusHold/guard/sdk/go/api.gen.go:8875.9,8875.66 1 0
github.com/corvusHold/guard/sdk/go/api.gen.go:8875.66,8877.4 1 0
github.com/corvusHold/guard/sdk/go/api.gen.go:8877.9,8878.29 1 0
github.com/corvusHold/guard/sdk/go/api.gen.go:8878.29,8879.26 1 0
github.com/corvusHold/guard/sdk/go/api.gen.go:8879.26,8881.6 1 0
github.com/corvusHold/guard/sdk/go/api.gen.go:8885.3,8885.147 1 0
github.com/corvusHold/guard/sdk/go/api.gen.go:8885.147,8887.4 1 0
github.com/corvusHold/guard/sdk/go/api.gen.go:8887.9,8887.66 1 0
github.com/corvusHold/guard/sdk/go/api.gen.go:8887.66,8889.4 1 0
github.com/corvusHold/guard/sdk/go/api.gen.go:8889.9,8890.29 1 0
github.com/corvusHold/guard/sdk/go/api.gen.go:8890.29,8891.26 1 0
github.com/corvusHold/guard/sdk/go/api.gen.go:8891.26,8893.6 1 0
github.com/corvusHold/guard/sdk/go/api.gen.go:8897.3,8897.26 1 0
github.com/corvusHold/guard/sdk/go/api.gen.go:8897.26,8899.134 1 0
github.com/corvusHold/guard/sdk/go/api.gen.go:8899.134,8901.5 1 0
github.com/corvusHold/guard/sdk/go/api.gen.go:8901.10,8901.67 1 0
github.com/corvusHold/guard/sdk/go/api.gen.go:8901.67,8903.5 1 0
github.com/corvusHold/guard/sdk/go/api.gen.go:8903.10,8904.30 1 0
github.com/corvusHold/guard/sdk/go/api.gen.go:8904.30,8905.27 1 0
github.com/corvusHold/guard/sdk/go/api.gen.go:8905.27,8907.7 1 0
github.com/corvusHold/guard/sdk/go/api.gen.go:8913.3,8913.26 1 0
github.com/corvusHold/guard/sdk/go/api.gen.go:8913.26,8915.134 1 0
github.com/corvusHold/guard/sdk/go/api.gen.go:8915.134,8917.5 1 0
github.com/corvusHold/guard/sdk/go/api.gen.go:8917.10,8917.67 1 0
github.com/corvusHold/guard/sdk/go/api.gen.go:8917.67,8919.5 1 0
github.com/corvusHold/guard/sdk/go/api.gen.go:8919.10,8920.30 1 0
github.com/corvusHold/guard/sdk/go/api.gen.go:8920.30,8921.27 1 0
github.com/corvusHold/guard/sdk/go/api.gen.go:8921.27,8923.7 1 0
github.com/corvusHold/guard/sdk/go/api.gen.go:8929.3,8929.26 1 0
github.com/corvusHold/guard/sdk/go/api.gen.go:8929.26,8931.134 1 0
github.com/corvusHold/guard/sdk/go/api.gen.go:8931.134,8933.5 1 0
github.com/corvusHold/guard/sdk/go/api.gen.go:8933.10,8933.67 1 0
github.com/corvusHold/guard/sdk/go/api.gen.go:8933.67,8935.5 1 0
github.com/corvusHold/guard/sdk/go/api.gen.go:8935.10,8936.30 1 0
github.com/corvusHold/guard/sdk/go/api.gen.go:8936.30,8937.27 1 0
github.com/corvusHold/guard/sdk/go/api.gen.go:8937.27,8939.7 1 0
github.com/corvusHold/guard/sdk/go/api.gen.go:8945.3,8945.34 1 0
github.com/corvusHold/guard/sdk/go/api.gen.go:8945.34,8947.151 1 0
github.com/corvusHold/guard/sdk/go/api.gen.go:8947.151,8949.5 1 0
github.com/corvusHold/guard/sdk/go/api.gen.go:8949.10,8949.67 1 0
github.com/corvusHold/guard/sdk/go/api.gen.go:8949.67,8951.5 1 0
github.com/corvusHold/guard/sdk/go/api.gen.go:8951.10,8952.30 1 0
github.com/corvusHold/guard/sdk/go/api.gen.go:8952.30,8953.27 1 0
github.com/corvusHold/guard/sdk/go/api.gen.go:8953.27,8955.7 1 0
github.com/corvusHold/guard/sdk/go/api.gen.go:8961.3,8961.40 1 0
github.com/corvusHold/guard/sdk/go/api.gen.go:8961.40,8963.164 1 0
github.com/corvusHold/guard/sdk/go/api.gen.go:8963.164,8965.5 1 0
github.com/corvusHold/guard/sdk/go/api.gen.go:8965.10,8965.67 1 0
github.com/corvusHold/guard/sdk/go/api.gen.go:8965.67,8967.5 1 0
github.com/corvusHold/guard/sdk/go/api.gen.go:8967.10,8968.30 1 0
github.com/corvusHold/guard/sdk/go/api.gen.go:8968.30,8969.27 1 0
github.com/corvusHold/guard/sdk/go/api.gen.go:8969.27,8971.7 1 0
github.com/corvusHold/guard/sdk/go/api.gen.go:8977.3,8977.43 1 0
github.com/corvusHold/guard/sdk/go/api.gen.go:8980.2,8981.16 2 0
github.com/corvusHold/guard/sdk/go/api.gen.go:8981.16,8983.3 1 0
github.com/corvusHold/guard/sdk/go/api.gen.go:8985.2,8985.17 1 0
github.com/corvusHold/guard/sdk/go/api.gen.go:8989.129,8992.16 3 0
github.com/corvusHold/guard/sdk/go/api.gen.go:8992.16,8994.3 1 0
github.com/corvusHold/guard/sdk/go/api.gen.go:8995.2,8996.93 2 0
github.com/corvusHold/guard/sdk/go/api.gen.go:9000.125,9004.16 3 0
github.com/corvusHold/guard/sdk/go/api.gen.go:9004.16,9006.3 1 0
github.com/corvusHold/guard/sdk/go/api.gen.go:9008.2,9009.29 2 0
github.com/corvusHold/guard/sdk/go/api.gen.go:9009.29,9011.3 1 0
github.com/corvusHold/guard/sdk/go/api.gen.go:9013.2,9014.16 2 0
github.com/corvusHold/guard/sdk/go/api.gen.go:9014.16,9016.3 1 0
github.com/corvusHold/guard/sdk/go/api.gen.go:9018.2,9019.16 2 0
github.com/corvusHold/guard/sdk/go/api.gen.go:9019.16,9021.3 1 0
github.com/corvusHold/guard/sdk/go/api.gen.go:9023.2,9025.17 2 0
github.com/corvusHold/guard/sdk/go/api.gen.go:9029.127,9032.16 3 0
github.com/corvusHold/guard/sdk/go/api.gen.go:9032.16,9034.3 1 0
github.com/corvusHold/guard/sdk/go/api.gen.go:9035.2,9036.99 2 0
github.com/corvusHold/guard/sdk/go/api.gen.go:9040.114,9044.16 3 0
github.com/corvusHold/guard/sdk/go/api.gen.go:9044.16,9046.3 1 0
github.com/corvusHold/guard/sdk/go/api.gen.go:9048.2,9049.29 2 0
github.com/corvusHold/guard/sdk/go/api.gen.go:9049.29,9051.3 1 0
github.com/corvusHold/guard/sdk/go/api.gen.go:9053.2,9054.16 2 0
github.com/corvusHold/guard/sdk/go/api.gen.go:9054.16,9056.3 1 0
github.com/corvusHold/guard/sdk/go/api.gen.go:9058.2,9059.16 2 0
github.com/corvusHold/guard/sdk/go/api.gen.go:9059.16,9061.3 1 0
github.com/corvusHold/guard/sdk/go/api.gen.go:9063.2,9065.17 2 0
github.com/corvusHold/guard/sdk/go/api.gen.go:9069.125,9072.16 3 2
github.com/corvusHold/guard/sdk/go/api.gen.go:9072.16,9074.3 1 0
github.com/corvusHold/guard/sdk/go/api.gen.go:9075.2,9076.98 2 2
github.com/corvusHold/guard/sdk/go/api.gen.go:9080.113,9084.16 3 2
github.com/corvusHold/guard/sdk/go/api.gen.go:9084.16,9086.3 1 0
github.com/corvusHold/guard/sdk/go/api.gen.go:9088.2,9089.29 2 2
github.com/corvusHold/guard/sdk/go/api.gen.go:9089.29,9091.3 1 2
github.com/corvusHold/guard/sdk/go/api.gen.go:9093.2,9094.16 2 2
github.com/corvusHold/guard/sdk/go/api.gen.go:9094.16,9096.3 1 0
github.com/corvusHold/guard/sdk/go/api.gen.go:9098.2,9099.16 2 2
github.com/corvusHold/guard/sdk/go/api.gen.go:9099.16,9101.3 1 0
github.com/corvusHold/guard/sdk/go/api.gen.go:9103.2,9105.17 2 2
github.com/corvusHold/guard/sdk/go/api.gen.go:9108.114,9109.37 1 76
github.com/corvusHold/guard/sdk/go/api.gen.go:9109.37,9110.37 1 76
github.com/corvusHold/guard/sdk/go/api.gen.go:9110.37,9112.4 1 0
github.com/corvusHold/guard/sdk/go/api.gen.go:9114.2,9114.38 1 76
github.com/corvusHold/guard/sdk/go/api.gen.go:9114.38,9115.37 1 1
github.com/corvusHold/guard/sdk/go/api.gen.go:9115.37,9117.4 1 0
github.com/corvusHold/guard/sdk/go/api.gen.go:9119.2,9119.12 1 76
github.com/corvusHold/guard/sdk/go/api.gen.go:9129.96,9131.16 2 39
github.com/corvusHold/guard/sdk/go/api.gen.go:9131.16,9133.3 1 0
github.com/corvusHold/guard/sdk/go/api.gen.go:9134.2,9134.42 1 39
github.com/corvusHold/guard/sdk/go/api.gen.go:9138.47,9139.31 1 0
github.com/corvusHold/guard/sdk/go/api.gen.go:9139.31,9141.17 2 0
github.com/corvusHold/guard/sdk/go/api.gen.go:9141.17,9143.4 1 0
github.com/corvusHold/guard/sdk/go/api.gen.go:9144.3,9145.13 2 0
github.com/corvusHold/guard/sdk/go/api.gen.go:9597.71,9598.27 1 0
github.com/corvusHold/guard/sdk/go/api.gen.go:9598.27,9600.3 1 0
github.com/corvusHold/guard/sdk/go/api.gen.go:9601.2,9601.27 1 0
github.com/corvusHold/guard/sdk/go/api.gen.go:9605.72,9606.27 1 0
github.com/corvusHold/guard/sdk/go/api.gen.go:9606.27,9608.3 1 0
github.com/corvusHold/guard/sdk/go/api.gen.go:9609.2,9609.10 1 0
github.com/corvusHold/guard/sdk/go/api.gen.go:9619.55,9620.27 1 0
github.com/corvusHold/guard/sdk/go/api.gen.go:9620.27,9622.3 1 0
github.com/corvusHold/guard/sdk/go/api.gen.go:9623.2,9623.27 1 0
github.com/corvusHold/guard/sdk/go/api.gen.go:9627.56,9628.27 1 0
github.com/corvusHold/guard/sdk/go/api.gen.go:9628.27,9630.3 1 0
github.com/corvusHold/guard/sdk/go/api.gen.go:9631.2,9631.10 1 0
github.com/corvusHold/guard/sdk/go/api.gen.go:9642.56,9643.27 1 0
github.com/corvusHold/guard/sdk/go/api.gen.go:9643.27,9645.3 1 0
github.com/corvusHold/guard/sdk/go/api.gen.go:9646.2,9646.27 1 0
github.com/corvusHold/guard/sdk/go/api.gen.go:9650.57,9651.27 1 0
github.com/corvusHold/guard/sdk/go/api.gen.go:9651.27,9653.3 1 0
github.com/corvusHold/guard/sdk/go/api.gen.go:9654.2,9654.10 1 0
github.com/corvusHold/guard/sdk/go/api.gen.go:9663.60,9664.27 1 0
github.com/corvusHold/guard/sdk/go/api.gen.go:9664.27,9666.3 1 0
github.com/corvusHold/guard/sdk/go/api.gen.go:9667.2,9667.27 1 0
github.com/corvusHold/guard/sdk/go/api.gen.go:9671.61,9672.27 1 0
github.com/corvusHold/guard/sdk/go/api.gen.go:9672.27,9674.3 1 0
github.com/corvusHold/guard/sdk/go/api.gen.go:9675.2,9675.10 1 0
github.com/corvusHold/guard/sdk/go/api.gen.go:9686.57,9687.27 1 0
github.com/corvusHold/guard/sdk/go/api.gen.go:9687.27,9689.3 1 0
github.com/corvusHold/guard/sdk/go/api.gen.go:9690.2,9690.27 1 0
github.com/corvusHold/guard/sdk/go/api.gen.go:9694.58,9695.27 1 0
github.com/corvusHold/guard/sdk/go/api.gen.go:9695.27,9697.3 1 0
github.com/corvusHold/guard/sdk/go/api.gen.go:9698.2,9698.10 1 0
github.com/corvusHold/guard/sdk/go/api.gen.go:9709.57,9710.27 1 0
github.com/corvusHold/guard/sdk/go/api.gen.go:9710.27,9712.3 1 0
github.com/corvusHold/guard/sdk/go/api.gen.go:9713.2,9713.27 1 0
github.com/corvusHold/guard/sdk/go/api.gen.go:9717.58,9718.27 1 0
github.com/corvusHold/guard/sdk/go/api.gen.go:9718.27,9720.3 1 0
github.com/corvusHold/guard/sdk/go/api.gen.go:9721.2,9721.10 1 0
github.com/corvusHold/guard/sdk/go/api.gen.go:9733.59,9734.27 1 0
github.com/corvusHold/guard/sdk/go/api.gen.go:9734.27,9736.3 1 0
github.com/corvusHold/guard/sdk/go/api.gen.go:9737.2,9737.27 1 0
github.com/corvusHold/guard/sdk/go/api.gen.go:9741.60,9742.27 1 0
github.com/corvusHold/guard/sdk/go/api.gen.go:9742.27,9744.3 1 0
github.com/corvusHold/guard/sdk/go/api.gen.go:9745.2,9745.10 1 0
github.com/corvusHold/guard/sdk/go/api.gen.go:9758.60,9759.27 1 0
github.com/corvusHold/guard/sdk/go/api.gen.go:9759.27,9761.3 1 0
github.com/corvusHold/guard/sdk/go/api.gen.go:9762.2,9762.27 1 0
github.com/corvusHold/guard/sdk/go/api.gen.go:9766.61,9767.27 1 0
github.com/corvusHold/guard/sdk/go/api.gen.go:9767.27,9769.3 1 0
github.com/corvusHold/guard/sdk/go/api.gen.go:9770.2,9770.10 1 0
github.com/corvusHold/guard/sdk/go/api.gen.go:9779.68,9780.27 1 0
github.com/corvusHold/guard/sdk/go/api.gen.go:9780.27,9782.3 1 0
github.com/corvusHold/guard/sdk/go/api.gen.go:9783.2,9783.27 1 0
github.com/corvusHold/guard/sdk/go/api.gen.go:9787.69,9788.27 1 0
github.com/corvusHold/guard/sdk/go/api.gen.go:9788.27,9790.3 1 0
github.com/corvusHold/guard/sdk/go/api.gen.go:9791.2,9791.10 1 0
github.com/corvusHold/guard/sdk/go/api.gen.go:9800.67,9801.27 1 0
github.com/corvusHold/guard/sdk/go/api.gen.go:9801.27,9803.3 1 0
github.com/corvusHold/guard/sdk/go/api.gen.go:9804.2,9804.27 1 0
github.com/corvusHold/guard/sdk/go/api.gen.go:9808.68,9809.27 1 0
github.com/corvusHold/guard/sdk/go/api.gen.go:9809.27,9811.3 1 0
github.com/corvusHold/guard/sdk/go/api.gen.go:9812.2,9812.10 1 0
github.com/corvusHold/guard/sdk/go/api.gen.go:9823.68,9824.27 1 0
github.com/corvusHold/guard/sdk/go/api.gen.go:9824.27,9826.3 1 0
github.com/corvusHold/guard/sdk/go/api.gen.go:9827.2,9827.27 1 0
github.com/corvusHold/guard/sdk/go/api.gen.go:9831.69,9832.27 1 0
github.com/corvusHold/guard/sdk/go/api.gen.go:9832.27,9834.3 1 0
github.com/corvusHold/guard/sdk/go/api.gen.go:9835.2,9835.10 1 0
github.com/corvusHold/guard/sdk/go/api.gen.go:9845.68,9846.27 1 0
github.com/corvusHold/guard/sdk/go/api.gen.go:9846.27,9848.3 1 0
github.com/corvusHold/guard/sdk/go/api.gen.go:9849.2,9849.27 1 0
github.com/corvusHold/guard/sdk/go/api.gen.go:9853.69,9854.27 1 0
github.com/corvusHold/guard/sdk/go/api.gen.go:9854.27,9856.3 1 0
github.com/corvusHold/guard/sdk/go/api.gen.go:9857.2,9857.10 1 0
github.com/corvusHold/guard/sdk/go/api.gen.go:9866.67,9867.27 1 0
github.com/corvusHold/guard/sdk/go/api.gen.go:9867.27,9869.3 1 0
github.com/corvusHold/guard/sdk/go/api.gen.go:9870.2,9870.27 1 0
github.com/corvusHold/guard/sdk/go/api.gen.go:9874.68,9875.27 1 1
github.com/corvusHold/guard/sdk/go/api.gen.go:9875.27,9877.3 1 1
github.com/corvusHold/guard/sdk/go/api.gen.go:9878.2,9878.10 1 0
github.com/corvusHold/guard/sdk/go/api.gen.go:9887.65,9888.27 1 0
github.com/corvusHold/guard/sdk/go/api.gen.go:9888.27,9890.3 1 0
github.com/corvusHold/guard/sdk/go/api.gen.go:9891.2,9891.27 1 0
github.com/corvusHold/guard/sdk/go/api.gen.go:9895.66,9896.27 1 4
github.com/corvusHold/guard/sdk/go/api.gen.go:9896.27,9898.3 1 4
github.com/corvusHold/guard/sdk/go/api.gen.go:9899.2,9899.10 1 0
github.com/corvusHold/guard/sdk/go/api.gen.go:9912.61,9913.27 1 0
github.com/corvusHold/guard/sdk/go/api.gen.go:9913.27,9915.3 1 0
github.com/corvusHold/guard/sdk/go/api.gen.go:9916.2,9916.27 1 0
github.com/corvusHold/guard/sdk/go/api.gen.go:9920.62,9921.27 1 0
github.com/corvusHold/guard/sdk/go/api.gen.go:9921.27,9923.3 1 0
github.com/corvusHold/guard/sdk/go/api.gen.go:9924.2,9924.10 1 0
github.com/corvusHold/guard/sdk/go/api.gen.go:9938.62,9939.27 1 0
github.com/corvusHold/guard/sdk/go/api.gen.go:9939.27,9941.3 1 0
github.com/corvusHold/guard/sdk/go/api.gen.go:9942.2,9942.27 1 0
github.com/corvusHold/guard/sdk/go/api.gen.go:9946.63,9947.27 1 0
github.com/corvusHold/guard/sdk/go/api.gen.go:9947.27,9949.3 1 0
github.com/corvusHold/guard/sdk/go/api.gen.go:9950.2,9950.10 1 0
github.com/corvusHold/guard/sdk/go/api.gen.go:9959.66,9960.27 1 0
github.com/corvusHold/guard/sdk/go/api.gen.go:9960.27,9962.3 1 0
github.com/corvusHold/guard/sdk/go/api.gen.go:9963.2,9963.27 1 0
github.com/corvusHold/guard/sdk/go/api.gen.go:9967.67,9968.27 1 1
github.com/corvusHold/guard/sdk/go/api.gen.go:9968.27,9970.3 1 1
github.com/corvusHold/guard/sdk/go/api.gen.go:9971.2,9971.10 1 0
github.com/corvusHold/guard/sdk/go/api.gen.go:9980.73,9981.27 1 1
github.com/corvusHold/guard/sdk/go/api.gen.go:9981.27,9983.3 1 1
github.com/corvusHold/guard/sdk/go/api.gen.go:9984.2,9984.27 1 0
github.com/corvusHold/guard/sdk/go/api.gen.go:9988.74,9989.27 1 3
github.com/corvusHold/guard/sdk/go/api.gen.go:9989.27,9991.3 1 3
github.com/corvusHold/guard/sdk/go/api.gen.go:9992.2,9992.10 1 0
github.com/corvusHold/guard/sdk/go/api.gen.go:10001.71,10002.27 1 0
github.com/corvusHold/guard/sdk/go/api.gen.go:10002.27,10004.3 1 0
github.com/corvusHold/guard/sdk/go/api.gen.go:10005.2,10005.27 1 0
github.com/corvusHold/guard/sdk/go/api.gen.go:10009.72,10010.27 1 4
github.com/corvusHold/guard/sdk/go/api.gen.go:10010.27,10012.3 1 4
github.com/corvusHold/guard/sdk/go/api.gen.go:10013.2,10013.10 1 0
github.com/corvusHold/guard/sdk/go/api.gen.go:10026.63,10027.27 1 0
github.com/corvusHold/guard/sdk/go/api.gen.go:10027.27,10029.3 1 0
github.com/corvusHold/guard/sdk/go/api.gen.go:10030.2,10030.27 1 0
github.com/corvusHold/guard/sdk/go/api.gen.go:10034.64,10035.27 1 0
github.com/corvusHold/guard/sdk/go/api.gen.go:10035.27,10037.3 1 0
github.com/corvusHold/guard/sdk/go/api.gen.go:10038.2,10038.10 1 0
github.com/corvusHold/guard/sdk/go/api.gen.go:10052.64,10053.27 1 0
github.com/corvusHold/guard/sdk/go/api.gen.go:10053.27,10055.3 1 0
github.com/corvusHold/guard/sdk/go/api.gen.go:10056.2,10056.27 1 0
github.com/corvusHold/guard/sdk/go/api.gen.go:10060.65,10061.27 1 0
github.com/corvusHold/guard/sdk/go/api.gen.go:10061.27,10063.3 1 0
github.com/corvusHold/guard/sdk/go/api.gen.go:10064.2,10064.10 1 0
github.com/corvusHold/guard/sdk/go/api.gen.go:10077.68,10078.27 1 0
github.com/corvusHold/guard/sdk/go/api.gen.go:10078.27,10080.3 1 0
github.com/corvusHold/guard/sdk/go/api.gen.go:10081.2,10081.27 1 0
github.com/corvusHold/guard/sdk/go/api.gen.go:10085.69,10086.27 1 0
github.com/corvusHold/guard/sdk/go/api.gen.go:10086.27,10088.3 1 0
github.com/corvusHold/guard/sdk/go/api.gen.go:10089.2,10089.10 1 0
github.com/corvusHold/guard/sdk/go/api.gen.go:10102.72,10103.27 1 0
github.com/corvusHold/guard/sdk/go/api.gen.go:10103.27,10105.3 1 0
github.com/corvusHold/guard/sdk/go/api.gen.go:10106.2,10106.27 1 0
github.com/corvusHold/guard/sdk/go/api.gen.go:10110.73,10111.27 1 0
github.com/corvusHold/guard/sdk/go/api.gen.go:10111.27,10113.3 1 0
github.com/corvusHold/guard/sdk/go/api.gen.go:10114.2,10114.10 1 0
github.com/corvusHold/guard/sdk/go/api.gen.go:10124.64,10125.27 1 0
github.com/corvusHold/guard/sdk/go/api.gen.go:10125.27,10127.3 1 0
github.com/corvusHold/guard/sdk/go/api.gen.go:10128.2,10128.27 1 0
github.com/corvusHold/guard/sdk/go/api.gen.go:10132.65,10133.27 1 0
github.com/corvusHold/guard/sdk/go/api.gen.go:10133.27,10135.3 1 0
github.com/corvusHold/guard/sdk/go/api.gen.go:10136.2,10136.10 1 0
github.com/corvusHold/guard/sdk/go/api.gen.go:10147.65,10148.27 1 0
github.com/corvusHold/guard/sdk/go/api.gen.go:10148.27,10150.3 1 0
github.com/corvusHold/guard/sdk/go/api.gen.go:10151.2,10151.27 1 0
github.com/corvusHold/guard/sdk/go/api.gen.go:10155.66,10156.27 1 0
github.com/corvusHold/guard/sdk/go/api.gen.go:10156.27,10158.3 1 0
github.com/corvusHold/guard/sdk/go/api.gen.go:10159.2,10159.10 1 0
github.com/corvusHold/guard/sdk/go/api.gen.go:10168.69,10169.27 1 0
github.com/corvusHold/guard/sdk/go/api.gen.go:10169.27,10171.3 1 0
github.com/corvusHold/guard/sdk/go/api.gen.go:10172.2,10172.27 1 0
github.com/corvusHold/guard/sdk/go/api.gen.go:10176.70,10177.27 1 0
github.com/corvusHold/guard/sdk/go/api.gen.go:10177.27,10179.3 1 0
github.com/corvusHold/guard/sdk/go/api.gen.go:10180.2,10180.10 1 0
github.com/corvusHold/guard/sdk/go/api.gen.go:10191.66,10192.27 1 0
github.com/corvusHold/guard/sdk/go/api.gen.go:10192.27,10194.3 1 0
github.com/corvusHold/guard/sdk/go/api.gen.go:10195.2,10195.27 1 0
github.com/corvusHold/guard/sdk/go/api.gen.go:10199.67,10200.27 1 0
github.com/corvusHold/guard/sdk/go/api.gen.go:10200.27,10202.3 1 0
github.com/corvusHold/guard/sdk/go/api.gen.go:10203.2,10203.10 1 0
github.com/corvusHold/guard/sdk/go/api.gen.go:10214.68,10215.27 1 0
github.com/corvusHold/guard/sdk/go/api.gen.go:10215.27,10217.3 1 0
github.com/corvusHold/guard/sdk/go/api.gen.go:10218.2,10218.27 1 0
github.com/corvusHold/guard/sdk/go/api.gen.go:10222.69,10223.27 1 0
github.com/corvusHold/guard/sdk/go/api.gen.go:10223.27,10225.3 1 0
github.com/corvusHold/guard/sdk/go/api.gen.go:10226.2,10226.10 1 0
github.com/corvusHold/guard/sdk/go/api.gen.go:10236.69,10237.27 1 0
github.com/corvusHold/guard/sdk/go/api.gen.go:10237.27,10239.3 1 0
github.com/corvusHold/guard/sdk/go/api.gen.go:10240.2,10240.27 1 0
github.com/corvusHold/guard/sdk/go/api.gen.go:10244.70,10245.27 1 0
github.com/corvusHold/guard/sdk/go/api.gen.go:10245.27,10247.3 1 0
github.com/corvusHold/guard/sdk/go/api.gen.go:10248.2,10248.10 1 0
github.com/corvusHold/guard/sdk/go/api.gen.go:10258.65,10259.27 1 0
github.com/corvusHold/guard/sdk/go/api.gen.go:10259.27,10261.3 1 0
github.com/corvusHold/guard/sdk/go/api.gen.go:10262.2,10262.27 1 0
github.com/corvusHold/guard/sdk/go/api.gen.go:10266.66,10267.27 1 0
github.com/corvusHold/guard/sdk/go/api.gen.go:10267.27,10269.3 1 0
github.com/corvusHold/guard/sdk/go/api.gen.go:10270.2,10270.10 1 0
github.com/corvusHold/guard/sdk/go/api.gen.go:10280.67,10281.27 1 0
github.com/corvusHold/guard/sdk/go/api.gen.go:10281.27,10283.3 1 0
github.com/corvusHold/guard/sdk/go/api.gen.go:10284.2,10284.27 1 0
github.com/corvusHold/guard/sdk/go/api.gen.go:10288.68,10289.27 1 0
github.com/corvusHold/guard/sdk/go/api.gen.go:10289.27,10291.3 1 0
github.com/corvusHold/guard/sdk/go/api.gen.go:10292.2,10292.10 1 0
github.com/corvusHold/guard/sdk/go/api.gen.go:10302.71,10303.27 1 0
github.com/corvusHold/guard/sdk/go/api.gen.go:10303.27,10305.3 1 0
github.com/corvusHold/guard/sdk/go/api.gen.go:10306.2,10306.27 1 0
github.com/corvusHold/guard/sdk/go/api.gen.go:10310.72,10311.27 1 0
github.com/corvusHold/guard/sdk/go/api.gen.go:10311.27,10313.3 1 0
github.com/corvusHold/guard/sdk/go/api.gen.go:10314.2,10314.10 1 0
github.com/corvusHold/guard/sdk/go/api.gen.go:10326.67,10327.27 1 0
github.com/corvusHold/guard/sdk/go/api.gen.go:10327.27,10329.3 1 0
github.com/corvusHold/guard/sdk/go/api.gen.go:10330.2,10330.27 1 0
github.com/corvusHold/guard/sdk/go/api.gen.go:10334.68,10335.27 1 0
github.com/corvusHold/guard/sdk/go/api.gen.go:10335.27,10337.3 1 0
github.com/corvusHold/guard/sdk/go/api.gen.go:10338.2,10338.10 1 0
github.com/corvusHold/guard/sdk/go/api.gen.go:10351.61,10352.27 1 0
github.com/corvusHold/guard/sdk/go/api.gen.go:10352.27,10354.3 1 0
github.com/corvusHold/guard/sdk/go/api.gen.go:10355.2,10355.27 1 0
github.com/corvusHold/guard/sdk/go/api.gen.go:10359.62,10360.27 1 0
github.com/corvusHold/guard/sdk/go/api.gen.go:10360.27,10362.3 1 0
github.com/corvusHold/guard/sdk/go/api.gen.go:10363.2,10363.10 1 0
github.com/corvusHold/guard/sdk/go/api.gen.go:10376.62,10377.27 1 0
github.com/corvusHold/guard/sdk/go/api.gen.go:10377.27,10379.3 1 0
github.com/corvusHold/guard/sdk/go/api.gen.go:10380.2,10380.27 1 0
github.com/corvusHold/guard/sdk/go/api.gen.go:10384.63,10385.27 1 0
github.com/corvusHold/guard/sdk/go/api.gen.go:10385.27,10387.3 1 0
github.com/corvusHold/guard/sdk/go/api.gen.go:10388.2,10388.10 1 0
github.com/corvusHold/guard/sdk/go/api.gen.go:10397.66,10398.27 1 0
github.com/corvusHold/guard/sdk/go/api.gen.go:10398.27,10400.3 1 0
github.com/corvusHold/guard/sdk/go/api.gen.go:10401.2,10401.27 1 0
github.com/corvusHold/guard/sdk/go/api.gen.go:10405.67,10406.27 1 2
github.com/corvusHold/guard/sdk/go/api.gen.go:10406.27,10408.3 1 2
github.com/corvusHold/guard/sdk/go/api.gen.go:10409.2,10409.10 1 0
github.com/corvusHold/guard/sdk/go/api.gen.go:10422.65,10423.27 1 0
github.com/corvusHold/guard/sdk/go/api.gen.go:10423.27,10425.3 1 0
github.com/corvusHold/guard/sdk/go/api.gen.go:10426.2,10426.27 1 0
github.com/corvusHold/guard/sdk/go/api.gen.go:10430.66,10431.27 1 2
github.com/corvusHold/guard/sdk/go/api.gen.go:10431.27,10433.3 1 2
github.com/corvusHold/guard/sdk/go/api.gen.go:10434.2,10434.10 1 0
github.com/corvusHold/guard/sdk/go/api.gen.go:10443.77,10444.27 1 0
github.com/corvusHold/guard/sdk/go/api.gen.go:10444.27,10446.3 1 0
github.com/corvusHold/guard/sdk/go/api.gen.go:10447.2,10447.27 1 0
github.com/corvusHold/guard/sdk/go/api.gen.go:10451.78,10452.27 1 2
github.com/corvusHold/guard/sdk/go/api.gen.go:10452.27,10454.3 1 2
github.com/corvusHold/guard/sdk/go/api.gen.go:10455.2,10455.10 1 0
github.com/corvusHold/guard/sdk/go/api.gen.go:10464.75,10465.27 1 0
github.com/corvusHold/guard/sdk/go/api.gen.go:10465.27,10467.3 1 0
github.com/corvusHold/guard/sdk/go/api.gen.go:10468.2,10468.27 1 0
github.com/corvusHold/guard/sdk/go/api.gen.go:10472.76,10473.27 1 3
github.com/corvusHold/guard/sdk/go/api.gen.go:10473.27,10475.3 1 3
github.com/corvusHold/guard/sdk/go/api.gen.go:10476.2,10476.10 1 0
github.com/corvusHold/guard/sdk/go/api.gen.go:10489.81,10490.27 1 0
github.com/corvusHold/guard/sdk/go/api.gen.go:10490.27,10492.3 1 0
github.com/corvusHold/guard/sdk/go/api.gen.go:10493.2,10493.27 1 0
github.com/corvusHold/guard/sdk/go/api.gen.go:10497.82,10498.27 1 0
github.com/corvusHold/guard/sdk/go/api.gen.go:10498.27,10500.3 1 0
github.com/corvusHold/guard/sdk/go/api.gen.go:10501.2,10501.10 1 0
github.com/corvusHold/guard/sdk/go/api.gen.go:10510.71,10511.27 1 0
github.com/corvusHold/guard/sdk/go/api.gen.go:10511.27,10513.3 1 0
github.com/corvusHold/guard/sdk/go/api.gen.go:10514.2,10514.27 1 0
github.com/corvusHold/guard/sdk/go/api.gen.go:10518.72,10519.27 1 4
github.com/corvusHold/guard/sdk/go/api.gen.go:10519.27,10521.3 1 4
github.com/corvusHold/guard/sdk/go/api.gen.go:10522.2,10522.10 1 0
github.com/corvusHold/guard/sdk/go/api.gen.go:10535.68,10536.27 1 0
github.com/corvusHold/guard/sdk/go/api.gen.go:10536.27,10538.3 1 0
github.com/corvusHold/guard/sdk/go/api.gen.go:10539.2,10539.27 1 0
github.com/corvusHold/guard/sdk/go/api.gen.go:10543.69,10544.27 1 0
github.com/corvusHold/guard/sdk/go/api.gen.go:10544.27,10546.3 1 0
github.com/corvusHold/guard/sdk/go/api.gen.go:10547.2,10547.10 1 0
github.com/corvusHold/guard/sdk/go/api.gen.go:10556.69,10557.27 1 1
github.com/corvusHold/guard/sdk/go/api.gen.go:10557.27,10559.3 1 1
github.com/corvusHold/guard/sdk/go/api.gen.go:10560.2,10560.27 1 0
github.com/corvusHold/guard/sdk/go/api.gen.go:10564.70,10565.27 1 8
github.com/corvusHold/guard/sdk/go/api.gen.go:10565.27,10567.3 1 8
github.com/corvusHold/guard/sdk/go/api.gen.go:10568.2,10568.10 1 0
github.com/corvusHold/guard/sdk/go/api.gen.go:10582.57,10583.27 1 0
github.com/corvusHold/guard/sdk/go/api.gen.go:10583.27,10585.3 1 0
github.com/corvusHold/guard/sdk/go/api.gen.go:10586.2,10586.27 1 0
github.com/corvusHold/guard/sdk/go/api.gen.go:10590.58,10591.27 1 0
github.com/corvusHold/guard/sdk/go/api.gen.go:10591.27,10593.3 1 0
github.com/corvusHold/guard/sdk/go/api.gen.go:10594.2,10594.10 1 0
github.com/corvusHold/guard/sdk/go/api.gen.go:10608.58,10609.27 1 0
github.com/corvusHold/guard/sdk/go/api.gen.go:10609.27,10611.3 1 0
github.com/corvusHold/guard/sdk/go/api.gen.go:10612.2,10612.27 1 0
github.com/corvusHold/guard/sdk/go/api.gen.go:10616.59,10617.27 1 0
github.com/corvusHold/guard/sdk/go/api.gen.go:10617.27,10619.3 1 0
github.com/corvusHold/guard/sdk/go/api.gen.go:10620.2,10620.10 1 0
github.com/corvusHold/guard/sdk/go/api.gen.go:10629.61,10630.27 1 0
github.com/corvusHold/guard/sdk/go/api.gen.go:10630.27,10632.3 1 0
github.com/corvusHold/guard/sdk/go/api.gen.go:10633.2,10633.27 1 0
github.com/corvusHold/guard/sdk/go/api.gen.go:10637.62,10638.27 1 2
github.com/corvusHold/guard/sdk/go/api.gen.go:10638.27,10640.3 1 2
github.com/corvusHold/guard/sdk/go/api.gen.go:10641.2,10641.10 1 0
github.com/corvusHold/guard/sdk/go/api.gen.go:10650.65,10651.27 1 0
github.com/corvusHold/guard/sdk/go/api.gen.go:10651.27,10653.3 1 0
github.com/corvusHold/guard/sdk/go/api.gen.go:10654.2,10654.27 1 0
github.com/corvusHold/guard/sdk/go/api.gen.go:10658.66,10659.27 1 2
github.com/corvusHold/guard/sdk/go/api.gen.go:10659.27,10661.3 1 2
github.com/corvusHold/guard/sdk/go/api.gen.go:10662.2,10662.10 1 0
github.com/corvusHold/guard/sdk/go/api.gen.go:10671.65,10672.27 1 0
github.com/corvusHold/guard/sdk/go/api.gen.go:10672.27,10674.3 1 0
github.com/corvusHold/guard/sdk/go/api.gen.go:10675.2,10675.27 1 0
github.com/corvusHold/guard/sdk/go/api.gen.go:10679.66,10680.27 1 0
github.com/corvusHold/guard/sdk/go/api.gen.go:10680.27,10682.3 1 0
github.com/corvusHold/guard/sdk/go/api.gen.go:10683.2,10683.10 1 0
github.com/corvusHold/guard/sdk/go/api.gen.go:10692.67,10693.27 1 0
github.com/corvusHold/guard/sdk/go/api.gen.go:10693.27,10695.3 1 0
github.com/corvusHold/guard/sdk/go/api.gen.go:10696.2,10696.27 1 0
github.com/corvusHold/guard/sdk/go/api.gen.go:10700.68,10701.27 1 2
github.com/corvusHold/guard/sdk/go/api.gen.go:10701.27,10703.3 1 2
github.com/corvusHold/guard/sdk/go/api.gen.go:10704.2,10704.10 1 0
github.com/corvusHold/guard/sdk/go/api.gen.go:10713.73,10714.27 1 0
github.com/corvusHold/guard/sdk/go/api.gen.go:10714.27,10716.3 1 0
github.com/corvusHold/guard/sdk/go/api.gen.go:10717.2,10717.27 1 0
github.com/corvusHold/guard/sdk/go/api.gen.go:10721.74,10722.27 1 0
github.com/corvusHold/guard/sdk/go/api.gen.go:10722.27,10724.3 1 0
github.com/corvusHold/guard/sdk/go/api.gen.go:10725.2,10725.10 1 0
github.com/corvusHold/guard/sdk/go/api.gen.go:10734.71,10735.27 1 0
github.com/corvusHold/guard/sdk/go/api.gen.go:10735.27,10737.3 1 0
github.com/corvusHold/guard/sdk/go/api.gen.go:10738.2,10738.27 1 0
github.com/corvusHold/guard/sdk/go/api.gen.go:10742.72,10743.27 1 0
github.com/corvusHold/guard/sdk/go/api.gen.go:10743.27,10745.3 1 0
github.com/corvusHold/guard/sdk/go/api.gen.go:10746.2,10746.10 1 0
github.com/corvusHold/guard/sdk/go/api.gen.go:10758.57,10759.27 1 0
github.com/corvusHold/guard/sdk/go/api.gen.go:10759.27,10761.3 1 0
github.com/corvusHold/guard/sdk/go/api.gen.go:10762.2,10762.27 1 0
github.com/corvusHold/guard/sdk/go/api.gen.go:10766.58,10767.27 1 0
github.com/corvusHold/guard/sdk/go/api.gen.go:10767.27,10769.3 1 0
github.com/corvusHold/guard/sdk/go/api.gen.go:10770.2,10770.10 1 0
github.com/corvusHold/guard/sdk/go/api.gen.go:10782.61,10783.27 1 0
github.com/corvusHold/guard/sdk/go/api.gen.go:10783.27,10785.3 1 0
github.com/corvusHold/guard/sdk/go/api.gen.go:10786.2,10786.27 1 0
github.com/corvusHold/guard/sdk/go/api.gen.go:10790.62,10791.27 1 0
github.com/corvusHold/guard/sdk/go/api.gen.go:10791.27,10793.3 1 0
github.com/corvusHold/guard/sdk/go/api.gen.go:10794.2,10794.10 1 0
github.com/corvusHold/guard/sdk/go/api.gen.go:10807.58,10808.27 1 0
github.com/corvusHold/guard/sdk/go/api.gen.go:10808.27,10810.3 1 0
github.com/corvusHold/guard/sdk/go/api.gen.go:10811.2,10811.27 1 0
github.com/corvusHold/guard/sdk/go/api.gen.go:10815.59,10816.27 1 0
github.com/corvusHold/guard/sdk/go/api.gen.go:10816.27,10818.3 1 0
github.com/corvusHold/guard/sdk/go/api.gen.go:10819.2,10819.10 1 0
github.com/corvusHold/guard/sdk/go/api.gen.go:10830.58,10831.27 1 0
github.com/corvusHold/guard/sdk/go/api.gen.go:10831.27,10833.3 1 0
github.com/corvusHold/guard/sdk/go/api.gen.go:10834.2,10834.27 1 0
github.com/corvusHold/guard/sdk/go/api.gen.go:10838.59,10839.27 1 0
github.com/corvusHold/guard/sdk/go/api.gen.go:10839.27,10841.3 1 0
github.com/corvusHold/guard/sdk/go/api.gen.go:10842.2,10842.10 1 0
github.com/corvusHold/guard/sdk/go/api.gen.go:10854.65,10855.27 1 0
github.com/corvusHold/guard/sdk/go/api.gen.go:10855.27,10857.3 1 0
github.com/corvusHold/guard/sdk/go/api.gen.go:10858.2,10858.27 1 0
github.com/corvusHold/guard/sdk/go/api.gen.go:10862.66,10863.27 1 0
github.com/corvusHold/guard/sdk/go/api.gen.go:10863.27,10865.3 1 0
github.com/corvusHold/guard/sdk/go/api.gen.go:10866.2,10866.10 1 0
github.com/corvusHold/guard/sdk/go/api.gen.go:10878.59,10879.27 1 0
github.com/corvusHold/guard/sdk/go/api.gen.go:10879.27,10881.3 1 0
github.com/corvusHold/guard/sdk/go/api.gen.go:10882.2,10882.27 1 0
github.com/corvusHold/guard/sdk/go/api.gen.go:10886.60,10887.27 1 0
github.com/corvusHold/guard/sdk/go/api.gen.go:10887.27,10889.3 1 0
github.com/corvusHold/guard/sdk/go/api.gen.go:10890.2,10890.10 1 0
github.com/corvusHold/guard/sdk/go/api.gen.go:10899.54,10900.27 1 0
github.com/corvusHold/guard/sdk/go/api.gen.go:10900.27,10902.3 1 0
github.com/corvusHold/guard/sdk/go/api.gen.go:10903.2,10903.27 1 0
github.com/corvusHold/guard/sdk/go/api.gen.go:10907.55,10908.27 1 0
github.com/corvusHold/guard/sdk/go/api.gen.go:10908.27,10910.3 1 0
github.com/corvusHold/guard/sdk/go/api.gen.go:10911.2,10911.10 1 0
github.com/corvusHold/guard/sdk/go/api.gen.go:10920.57,10921.27 1 0
github.com/corvusHold/guard/sdk/go/api.gen.go:10921.27,10923.3 1 0
github.com/corvusHold/guard/sdk/go/api.gen.go:10924.2,10924.27 1 0
github.com/corvusHold/guard/sdk/go/api.gen.go:10928.58,10929.27 1 0
github.com/corvusHold/guard/sdk/go/api.gen.go:10929.27,10931.3 1 0
github.com/corvusHold/guard/sdk/go/api.gen.go:10932.2,10932.10 1 0
github.com/corvusHold/guard/sdk/go/api.gen.go:10945.58,10946.27 1 0
github.com/corvusHold/guard/sdk/go/api.gen.go:10946.27,10948.3 1 0
github.com/corvusHold/guard/sdk/go/api.gen.go:10949.2,10949.27 1 0
github.com/corvusHold/guard/sdk/go/api.gen.go:10953.59,10954.27 1 0
github.com/corvusHold/guard/sdk/go/api.gen.go:10954.27,10956.3 1 0
github.com/corvusHold/guard/sdk/go/api.gen.go:10957.2,10957.10 1 0
github.com/corvusHold/guard/sdk/go/api.gen.go:10970.59,10971.27 1 1
github.com/corvusHold/guard/sdk/go/api.gen.go:10971.27,10973.3 1 1
github.com/corvusHold/guard/sdk/go/api.gen.go:10974.2,10974.27 1 0
github.com/corvusHold/guard/sdk/go/api.gen.go:10978.60,10979.27 1 0
github.com/corvusHold/guard/sdk/go/api.gen.go:10979.27,10981.3 1 0
github.com/corvusHold/guard/sdk/go/api.gen.go:10982.2,10982.10 1 0
github.com/corvusHold/guard/sdk/go/api.gen.go:10994.49,10995.27 1 0
github.com/corvusHold/guard/sdk/go/api.gen.go:10995.27,10997.3 1 0
github.com/corvusHold/guard/sdk/go/api.gen.go:10998.2,10998.27 1 0
github.com/corvusHold/guard/sdk/go/api.gen.go:11002.50,11003.27 1 0
github.com/corvusHold/guard/sdk/go/api.gen.go:11003.27,11005.3 1 0
github.com/corvusHold/guard/sdk/go/api.gen.go:11006.2,11006.10 1 0
github.com/corvusHold/guard/sdk/go/api.gen.go:11019.64,11020.27 1 0
github.com/corvusHold/guard/sdk/go/api.gen.go:11020.27,11022.3 1 0
github.com/corvusHold/guard/sdk/go/api.gen.go:11023.2,11023.27 1 0
github.com/corvusHold/guard/sdk/go/api.gen.go:11027.65,11028.27 1 0
github.com/corvusHold/guard/sdk/go/api.gen.go:11028.27,11030.3 1 0
github.com/corvusHold/guard/sdk/go/api.gen.go:11031.2,11031.10 1 0
github.com/corvusHold/guard/sdk/go/api.gen.go:11043.61,11044.27 1 1
github.com/corvusHold/guard/sdk/go/api.gen.go:11044.27,11046.3 1 1
github.com/corvusHold/guard/sdk/go/api.gen.go:11047.2,11047.27 1 0
github.com/corvusHold/guard/sdk/go/api.gen.go:11051.62,11052.27 1 0
github.com/corvusHold/guard/sdk/go/api.gen.go:11052.27,11054.3 1 0
github.com/corvusHold/guard/sdk/go/api.gen.go:11055.2,11055.10 1 0
github.com/corvusHold/guard/sdk/go/api.gen.go:11068.65,11069.27 1 0
github.com/corvusHold/guard/sdk/go/api.gen.go:11069.27,11071.3 1 0
github.com/corvusHold/guard/sdk/go/api.gen.go:11072.2,11072.27 1 0
github.com/corvusHold/guard/sdk/go/api.gen.go:11076.66,11077.27 1 0
github.com/corvusHold/guard/sdk/go/api.gen.go:11077.27,11079.3 1 0
github.com/corvusHold/guard/sdk/go/api.gen.go:11080.2,11080.10 1 0
github.com/corvusHold/guard/sdk/go/api.gen.go:11089.63,11090.27 1 0
github.com/corvusHold/guard/sdk/go/api.gen.go:11090.27,11092.3 1 0
github.com/corvusHold/guard/sdk/go/api.gen.go:11093.2,11093.27 1 0
github.com/corvusHold/guard/sdk/go/api.gen.go:11097.64,11098.27 1 2
github.com/corvusHold/guard/sdk/go/api.gen.go:11098.27,11100.3 1 2
github.com/corvusHold/guard/sdk/go/api.gen.go:11101.2,11101.10 1 0
github.com/corvusHold/guard/sdk/go/api.gen.go:11110.62,11111.27 1 0
github.com/corvusHold/guard/sdk/go/api.gen.go:11111.27,11113.3 1 0
github.com/corvusHold/guard/sdk/go/api.gen.go:11114.2,11114.27 1 0
github.com/corvusHold/guard/sdk/go/api.gen.go:11118.63,11119.27 1 2
github.com/corvusHold/guard/sdk/go/api.gen.go:11119.27,11121.3 1 2
github.com/corvusHold/guard/sdk/go/api.gen.go:11122.2,11122.10 1 0
github.com/corvusHold/guard/sdk/go/api.gen.go:11133.60,11134.27 1 0
github.com/corvusHold/guard/sdk/go/api.gen.go:11134.27,11136.3 1 0
github.com/corvusHold/guard/sdk/go/api.gen.go:11137.2,11137.27 1 0
github.com/corvusHold/guard/sdk/go/api.gen.go:11141.61,11142.27 1 0
github.com/corvusHold/guard/sdk/go/api.gen.go:11142.27,11144.3 1 0
github.com/corvusHold/guard/sdk/go/api.gen.go:11145.2,11145.10 1 0
github.com/corvusHold/guard/sdk/go/api.gen.go:11158.57,11159.27 1 0
github.com/corvusHold/guard/sdk/go/api.gen.go:11159.27,11161.3 1 0
github.com/corvusHold/guard/sdk/go/api.gen.go:11162.2,11162.27 1 0
github.com/corvusHold/guard/sdk/go/api.gen.go:11166.58,11167.27 1 0
github.com/corvusHold/guard/sdk/go/api.gen.go:11167.27,11169.3 1 0
github.com/corvusHold/guard/sdk/go/api.gen.go:11170.2,11170.10 1 0
github.com/corvusHold/guard/sdk/go/api.gen.go:11181.62,11182.27 1 0
github.com/corvusHold/guard/sdk/go/api.gen.go:11182.27,11184.3 1 0
github.com/corvusHold/guard/sdk/go/api.gen.go:11185.2,11185.27 1 0
github.com/corvusHold/guard/sdk/go/api.gen.go:11189.63,11190.27 1 0
github.com/corvusHold/guard/sdk/go/api.gen.go:11190.27,11192.3 1 0
github.com/corvusHold/guard/sdk/go/api.gen.go:11193.2,11193.10 1 0
github.com/corvusHold/guard/sdk/go/api.gen.go:11207.61,11208.27 1 0
github.com/corvusHold/guard/sdk/go/api.gen.go:11208.27,11210.3 1 0
github.com/corvusHold/guard/sdk/go/api.gen.go:11211.2,11211.27 1 0
github.com/corvusHold/guard/sdk/go/api.gen.go:11215.62,11216.27 1 0
github.com/corvusHold/guard/sdk/go/api.gen.go:11216.27,11218.3 1 0
github.com/corvusHold/guard/sdk/go/api.gen.go:11219.2,11219.10 1 0
github.com/corvusHold/guard/sdk/go/api.gen.go:11230.68,11231.27 1 0
github.com/corvusHold/guard/sdk/go/api.gen.go:11231.27,11233.3 1 0
github.com/corvusHold/guard/sdk/go/api.gen.go:11234.2,11234.27 1 0
github.com/corvusHold/guard/sdk/go/api.gen.go:11238.69,11239.27 1 0
github.com/corvusHold/guard/sdk/go/api.gen.go:11239.27,11241.3 1 0
github.com/corvusHold/guard/sdk/go/api.gen.go:11242.2,11242.10 1 0
github.com/corvusHold/guard/sdk/go/api.gen.go:11253.68,11254.27 1 0
github.com/corvusHold/guard/sdk/go/api.gen.go:11254.27,11256.3 1 0
github.com/corvusHold/guard/sdk/go/api.gen.go:11257.2,11257.27 1 0
github.com/corvusHold/guard/sdk/go/api.gen.go:11261.69,11262.27 1 0
github.com/corvusHold/guard/sdk/go/api.gen.go:11262.27,11264.3 1 0
github.com/corvusHold/guard/sdk/go/api.gen.go:11265.2,11265.10 1 0
github.com/corvusHold/guard/sdk/go/api.gen.go:11277.62,11278.27 1 0
github.com/corvusHold/guard/sdk/go/api.gen.go:11278.27,11280.3 1 0
github.com/corvusHold/guard/sdk/go/api.gen.go:11281.2,11281.27 1 0
github.com/corvusHold/guard/sdk/go/api.gen.go:11285.63,11286.27 1 0
github.com/corvusHold/guard/sdk/go/api.gen.go:11286.27,11288.3 1 0
github.com/corvusHold/guard/sdk/go/api.gen.go:11289.2,11289.10 1 0
github.com/corvusHold/guard/sdk/go/api.gen.go:11300.56,11301.27 1 0
github.com/corvusHold/guard/sdk/go/api.gen.go:11301.27,11303.3 1 0
github.com/corvusHold/guard/sdk/go/api.gen.go:11304.2,11304.27 1 0
github.com/corvusHold/guard/sdk/go/api.gen.go:11308.57,11309.27 1 0
github.com/corvusHold/guard/sdk/go/api.gen.go:11309.27,11311.3 1 0
github.com/corvusHold/guard/sdk/go/api.gen.go:11312.2,11312.10 1 0
github.com/corvusHold/guard/sdk/go/api.gen.go:11325.55,11326.27 1 0
github.com/corvusHold/guard/sdk/go/api.gen.go:11326.27,11328.3 1 0
github.com/corvusHold/guard/sdk/go/api.gen.go:11329.2,11329.27 1 0
github.com/corvusHold/guard/sdk/go/api.gen.go:11333.56,11334.27 1 0
github.com/corvusHold/guard/sdk/go/api.gen.go:11334.27,11336.3 1 0
github.com/corvusHold/guard/sdk/go/api.gen.go:11337.2,11337.10 1 0
github.com/corvusHold/guard/sdk/go/api.gen.go:11346.54,11347.27 1 0
github.com/corvusHold/guard/sdk/go/api.gen.go:11347.27,11349.3 1 0
github.com/corvusHold/guard/sdk/go/api.gen.go:11350.2,11350.27 1 0
github.com/corvusHold/guard/sdk/go/api.gen.go:11354.55,11355.27 1 0
github.com/corvusHold/guard/sdk/go/api.gen.go:11355.27,11357.3 1 0
github.com/corvusHold/guard/sdk/go/api.gen.go:11358.2,11358.10 1 0
github.com/corvusHold/guard/sdk/go/api.gen.go:11368.54,11369.27 1 0
github.com/corvusHold/guard/sdk/go/api.gen.go:11369.27,11371.3 1 0
github.com/corvusHold/guard/sdk/go/api.gen.go:11372.2,11372.27 1 0
github.com/corvusHold/guard/sdk/go/api.gen.go:11376.55,11377.27 1 0
github.com/corvusHold/guard/sdk/go/api.gen.go:11377.27,11379.3 1 0
github.com/corvusHold/guard/sdk/go/api.gen.go:11380.2,11380.10 1 0
github.com/corvusHold/guard/sdk/go/api.gen.go:11390.59,11391.27 1 0
github.com/corvusHold/guard/sdk/go/api.gen.go:11391.27,11393.3 1 0
github.com/corvusHold/guard/sdk/go/api.gen.go:11394.2,11394.27 1 0
github.com/corvusHold/guard/sdk/go/api.gen.go:11398.60,11399.27 1 0
github.com/corvusHold/guard/sdk/go/api.gen.go:11399.27,11401.3 1 0
github.com/corvusHold/guard/sdk/go/api.gen.go:11402.2,11402.10 1 0
github.com/corvusHold/guard/sdk/go/api.gen.go:11412.60,11413.27 1 0
github.com/corvusHold/guard/sdk/go/api.gen.go:11413.27,11415.3 1 0
github.com/corvusHold/guard/sdk/go/api.gen.go:11416.2,11416.27 1 0
github.com/corvusHold/guard/sdk/go/api.gen.go:11420.61,11421.27 1 0
github.com/corvusHold/guard/sdk/go/api.gen.go:11421.27,11423.3 1 0
github.com/corvusHold/guard/sdk/go/api.gen.go:11424.2,11424.10 1 0
github.com/corvusHold/guard/sdk/go/api.gen.go:11433.64,11434.27 1 0
github.com/corvusHold/guard/sdk/go/api.gen.go:11434.27,11436.3 1 0
github.com/corvusHold/guard/sdk/go/api.gen.go:11437.2,11437.27 1 0
github.com/corvusHold/guard/sdk/go/api.gen.go:11441.65,11442.27 1 0
github.com/corvusHold/guard/sdk/go/api.gen.go:11442.27,11444.3 1 0
github.com/corvusHold/guard/sdk/go/api.gen.go:11445.2,11445.10 1 0
github.com/corvusHold/guard/sdk/go/api.gen.go:11455.58,11456.27 1 0
github.com/corvusHold/guard/sdk/go/api.gen.go:11456.27,11458.3 1 0
github.com/corvusHold/guard/sdk/go/api.gen.go:11459.2,11459.27 1 0
github.com/corvusHold/guard/sdk/go/api.gen.go:11463.59,11464.27 1 0
github.com/corvusHold/guard/sdk/go/api.gen.go:11464.27,11466.3 1 0
github.com/corvusHold/guard/sdk/go/api.gen.go:11467.2,11467.10 1 0
github.com/corvusHold/guard/sdk/go/api.gen.go:11477.58,11478.27 1 0
github.com/corvusHold/guard/sdk/go/api.gen.go:11478.27,11480.3 1 0
github.com/corvusHold/guard/sdk/go/api.gen.go:11481.2,11481.27 1 0
github.com/corvusHold/guard/sdk/go/api.gen.go:11485.59,11486.27 1 0
github.com/corvusHold/guard/sdk/go/api.gen.go:11486.27,11488.3 1 0
github.com/corvusHold/guard/sdk/go/api.gen.go:11489.2,11489.10 1 0
github.com/corvusHold/guard/sdk/go/api.gen.go:11499.59,11500.27 1 0
github.com/corvusHold/guard/sdk/go/api.gen.go:11500.27,11502.3 1 0
github.com/corvusHold/guard/sdk/go/api.gen.go:11503.2,11503.27 1 0
github.com/corvusHold/guard/sdk/go/api.gen.go:11507.60,11508.27 1 0
github.com/corvusHold/guard/sdk/go/api.gen.go:11508.27,11510.3 1 0
github.com/corvusHold/guard/sdk/go/api.gen.go:11511.2,11511.10 1 0
github.com/corvusHold/guard/sdk/go/api.gen.go:11520.64,11521.27 1 0
github.com/corvusHold/guard/sdk/go/api.gen.go:11521.27,11523.3 1 0
github.com/corvusHold/guard/sdk/go/api.gen.go:11524.2,11524.27 1 0
github.com/corvusHold/guard/sdk/go/api.gen.go:11528.65,11529.27 1 0
github.com/corvusHold/guard/sdk/go/api.gen.go:11529.27,11531.3 1 0
github.com/corvusHold/guard/sdk/go/api.gen.go:11532.2,11532.10 1 0
github.com/corvusHold/guard/sdk/go/api.gen.go:11544.55,11545.27 1 1
github.com/corvusHold/guard/sdk/go/api.gen.go:11545.27,11547.3 1 1
github.com/corvusHold/guard/sdk/go/api.gen.go:11548.2,11548.27 1 0
github.com/corvusHold/guard/sdk/go/api.gen.go:11552.56,11553.27 1 0
github.com/corvusHold/guard/sdk/go/api.gen.go:11553.27,11555.3 1 0
github.com/corvusHold/guard/sdk/go/api.gen.go:11556.2,11556.10 1 0
github.com/corvusHold/guard/sdk/go/api.gen.go:11565.64,11566.27 1 0
github.com/corvusHold/guard/sdk/go/api.gen.go:11566.27,11568.3 1 0
github.com/corvusHold/guard/sdk/go/api.gen.go:11569.2,11569.27 1 0
github.com/corvusHold/guard/sdk/go/api.gen.go:11573.65,11574.27 1 2
github.com/corvusHold/guard/sdk/go/api.gen.go:11574.27,11576.3 1 2
github.com/corvusHold/guard/sdk/go/api.gen.go:11577.2,11577.10 1 0
github.com/corvusHold/guard/sdk/go/api.gen.go:11589.66,11590.27 1 0
github.com/corvusHold/guard/sdk/go/api.gen.go:11590.27,11592.3 1 0
github.com/corvusHold/guard/sdk/go/api.gen.go:11593.2,11593.27 1 0
github.com/corvusHold/guard/sdk/go/api.gen.go:11597.67,11598.27 1 0
github.com/corvusHold/guard/sdk/go/api.gen.go:11598.27,11600.3 1 0
github.com/corvusHold/guard/sdk/go/api.gen.go:11601.2,11601.10 1 0
github.com/corvusHold/guard/sdk/go/api.gen.go:11610.68,11611.27 1 0
github.com/corvusHold/guard/sdk/go/api.gen.go:11611.27,11613.3 1 0
github.com/corvusHold/guard/sdk/go/api.gen.go:11614.2,11614.27 1 0
github.com/corvusHold/guard/sdk/go/api.gen.go:11618.69,11619.27 1 0
github.com/corvusHold/guard/sdk/go/api.gen.go:11619.27,11621.3 1 0
github.com/corvusHold/guard/sdk/go/api.gen.go:11622.2,11622.10 1 0
github.com/corvusHold/guard/sdk/go/api.gen.go:11631.63,11632.27 1 0
github.com/corvusHold/guard/sdk/go/api.gen.go:11632.27,11634.3 1 0
github.com/corvusHold/guard/sdk/go/api.gen.go:11635.2,11635.27 1 0
github.com/corvusHold/guard/sdk/go/api.gen.go:11639.64,11640.27 1 0
github.com/corvusHold/guard/sdk/go/api.gen.go:11640.27,11642.3 1 0
github.com/corvusHold/guard/sdk/go/api.gen.go:11643.2,11643.10 1 0
github.com/corvusHold/guard/sdk/go/api.gen.go:11653.59,11654.27 1 0
github.com/corvusHold/guard/sdk/go/api.gen.go:11654.27,11656.3 1 0
github.com/corvusHold/guard/sdk/go/api.gen.go:11657.2,11657.27 1 0
github.com/corvusHold/guard/sdk/go/api.gen.go:11661.60,11662.27 1 0
github.com/corvusHold/guard/sdk/go/api.gen.go:11662.27,11664.3 1 0
github.com/corvusHold/guard/sdk/go/api.gen.go:11665.2,11665.10 1 0
github.com/corvusHold/guard/sdk/go/api.gen.go:11677.60,11678.27 1 0
github.com/corvusHold/guard/sdk/go/api.gen.go:11678.27,11680.3 1 0
github.com/corvusHold/guard/sdk/go/api.gen.go:11681.2,11681.27 1 0
github.com/corvusHold/guard/sdk/go/api.gen.go:11685.61,11686.27 1 0
github.com/corvusHold/guard/sdk/go/api.gen.go:11686.27,11688.3 1 0
github.com/corvusHold/guard/sdk/go/api.gen.go:11689.2,11689.10 1 0
github.com/corvusHold/guard/sdk/go/api.gen.go:11700.60,11701.27 1 0
github.com/corvusHold/guard/sdk/go/api.gen.go:11701.27,11703.3 1 0
github.com/corvusHold/guard/sdk/go/api.gen.go:11704.2,11704.27 1 0
github.com/corvusHold/guard/sdk/go/api.gen.go:11708.61,11709.27 1 0
github.com/corvusHold/guard/sdk/go/api.gen.go:11709.27,11711.3 1 0
github.com/corvusHold/guard/sdk/go/api.gen.go:11712.2,11712.10 1 0
github.com/corvusHold/guard/sdk/go/api.gen.go:11725.55,11726.27 1 0
github.com/corvusHold/guard/sdk/go/api.gen.go:11726.27,11728.3 1 0
github.com/corvusHold/guard/sdk/go/api.gen.go:11729.2,11729.27 1 0
github.com/corvusHold/guard/sdk/go/api.gen.go:11733.56,11734.27 1 0
github.com/corvusHold/guard/sdk/go/api.gen.go:11734.27,11736.3 1 0
github.com/corvusHold/guard/sdk/go/api.gen.go:11737.2,11737.10 1 0
github.com/corvusHold/guard/sdk/go/api.gen.go:11750.56,11751.27 1 0
github.com/corvusHold/guard/sdk/go/api.gen.go:11751.27,11753.3 1 0
github.com/corvusHold/guard/sdk/go/api.gen.go:11754.2,11754.27 1 0
github.com/corvusHold/guard/sdk/go/api.gen.go:11758.57,11759.27 1 0
github.com/corvusHold/guard/sdk/go/api.gen.go:11759.27,11761.3 1 0
github.com/corvusHold/guard/sdk/go/api.gen.go:11762.2,11762.10 1 0
github.com/corvusHold/guard/sdk/go/api.gen.go:11771.60,11772.27 1 0
github.com/corvusHold/guard/sdk/go/api.gen.go:11772.27,11774.3 1 0
github.com/corvusHold/guard/sdk/go/api.gen.go:11775.2,11775.27 1 0
github.com/corvusHold/guard/sdk/go/api.gen.go:11779.61,11780.27 1 1
github.com/corvusHold/guard/sdk/go/api.gen.go:11780.27,11782.3 1 1
github.com/corvusHold/guard/sdk/go/api.gen.go:11783.2,11783.10 1 0
github.com/corvusHold/guard/sdk/go/api.gen.go:11797.57,11798.27 1 0
github.com/corvusHold/guard/sdk/go/api.gen.go:11798.27,11800.3 1 0
github.com/corvusHold/guard/sdk/go/api.gen.go:11801.2,11801.27 1 0
github.com/corvusHold/guard/sdk/go/api.gen.go:11805.58,11806.27 1 0
github.com/corvusHold/guard/sdk/go/api.gen.go:11806.27,11808.3 1 0
github.com/corvusHold/guard/sdk/go/api.gen.go:11809.2,11809.10 1 0
github.com/corvusHold/guard/sdk/go/api.gen.go:11823.57,11824.27 1 0
github.com/corvusHold/guard/sdk/go/api.gen.go:11824.27,11826.3 1 0
github.com/corvusHold/guard/sdk/go/api.gen.go:11827.2,11827.27 1 0
github.com/corvusHold/guard/sdk/go/api.gen.go:11831.58,11832.27 1 0
github.com/corvusHold/guard/sdk/go/api.gen.go:11832.27,11834.3 1 0
github.com/corvusHold/guard/sdk/go/api.gen.go:11835.2,11835.10 1 0
github.com/corvusHold/guard/sdk/go/api.gen.go:11849.62,11850.27 1 0
github.com/corvusHold/guard/sdk/go/api.gen.go:11850.27,11852.3 1 0
github.com/corvusHold/guard/sdk/go/api.gen.go:11853.2,11853.27 1 0
github.com/corvusHold/guard/sdk/go/api.gen.go:11857.63,11858.27 1 0
github.com/corvusHold/guard/sdk/go/api.gen.go:11858.27,11860.3 1 0
github.com/corvusHold/guard/sdk/go/api.gen.go:11861.2,11861.10 1 0
github.com/corvusHold/guard/sdk/go/api.gen.go:11875.52,11876.27 1 0
github.com/corvusHold/guard/sdk/go/api.gen.go:11876.27,11878.3 1 0
github.com/corvusHold/guard/sdk/go/api.gen.go:11879.2,11879.27 1 0
github.com/corvusHold/guard/sdk/go/api.gen.go:11883.53,11884.27 1 0
github.com/corvusHold/guard/sdk/go/api.gen.go:11884.27,11886.3 1 0
github.com/corvusHold/guard/sdk/go/api.gen.go:11887.2,11887.10 1 0
github.com/corvusHold/guard/sdk/go/api.gen.go:11898.50,11899.27 1 0
github.com/corvusHold/guard/sdk/go/api.gen.go:11899.27,11901.3 1 0
github.com/corvusHold/guard/sdk/go/api.gen.go:11902.2,11902.27 1 0
github.com/corvusHold/guard/sdk/go/api.gen.go:11906.51,11907.27 1 0
github.com/corvusHold/guard/sdk/go/api.gen.go:11907.27,11909.3 1 0
github.com/corvusHold/guard/sdk/go/api.gen.go:11910.2,11910.10 1 0
github.com/corvusHold/guard/sdk/go/api.gen.go:11921.51,11922.27 1 0
github.com/corvusHold/guard/sdk/go/api.gen.go:11922.27,11924.3 1 0
github.com/corvusHold/guard/sdk/go/api.gen.go:11925.2,11925.27 1 0
github.com/corvusHold/guard/sdk/go/api.gen.go:11929.52,11930.27 1 0
github.com/corvusHold/guard/sdk/go/api.gen.go:11930.27,11932.3 1 0
github.com/corvusHold/guard/sdk/go/api.gen.go:11933.2,11933.10 1 0
github.com/corvusHold/guard/sdk/go/api.gen.go:11945.60,11946.27 1 0
github.com/corvusHold/guard/sdk/go/api.gen.go:11946.27,11948.3 1 0
github.com/corvusHold/guard/sdk/go/api.gen.go:11949.2,11949.27 1 0
github.com/corvusHold/guard/sdk/go/api.gen.go:11953.61,11954.27 1 0
github.com/corvusHold/guard/sdk/go/api.gen.go:11954.27,11956.3 1 0
github.com/corvusHold/guard/sdk/go/api.gen.go:11957.2,11957.10 1 0
github.com/corvusHold/guard/sdk/go/api.gen.go:11969.52,11970.27 1 0
github.com/corvusHold/guard/sdk/go/api.gen.go:11970.27,11972.3 1 0
github.com/corvusHold/guard/sdk/go/api.gen.go:11973.2,11973.27 1 0
github.com/corvusHold/guard/sdk/go/api.gen.go:11977.53,11978.27 1 0
github.com/corvusHold/guard/sdk/go/api.gen.go:11978.27,11980.3 1 0
github.com/corvusHold/guard/sdk/go/api.gen.go:11981.2,11981.10 1 0
github.com/corvusHold/guard/sdk/go/api.gen.go:11992.60,11993.27 1 0
github.com/corvusHold/guard/sdk/go/api.gen.go:11993.27,11995.3 1 0
github.com/corvusHold/guard/sdk/go/api.gen.go:11996.2,11996.27 1 0
github.com/corvusHold/guard/sdk/go/api.gen.go:12000.61,12001.27 1 0
github.com/corvusHold/guard/sdk/go/api.gen.go:12001.27,12003.3 1 0
github.com/corvusHold/guard/sdk/go/api.gen.go:12004.2,12004.10 1 0
github.com/corvusHold/guard/sdk/go/api.gen.go:12013.64,12014.27 1 0
github.com/corvusHold/guard/sdk/go/api.gen.go:12014.27,12016.3 1 0
github.com/corvusHold/guard/sdk/go/api.gen.go:12017.2,12017.27 1 0
github.com/corvusHold/guard/sdk/go/api.gen.go:12021.65,12022.27 1 0
github.com/corvusHold/guard/sdk/go/api.gen.go:12022.27,12024.3 1 0
github.com/corvusHold/guard/sdk/go/api.gen.go:12025.2,12025.10 1 0
github.com/corvusHold/guard/sdk/go/api.gen.go:12039.60,12040.27 1 0
github.com/corvusHold/guard/sdk/go/api.gen.go:12040.27,12042.3 1 0
github.com/corvusHold/guard/sdk/go/api.gen.go:12043.2,12043.27 1 0
github.com/corvusHold/guard/sdk/go/api.gen.go:12047.61,12048.27 1 0
github.com/corvusHold/guard/sdk/go/api.gen.go:12048.27,12050.3 1 0
github.com/corvusHold/guard/sdk/go/api.gen.go:12051.2,12051.10 1 0
github.com/corvusHold/guard/sdk/go/api.gen.go:12060.60,12061.27 1 0
github.com/corvusHold/guard/sdk/go/api.gen.go:12061.27,12063.3 1 0
github.com/corvusHold/guard/sdk/go/api.gen.go:12064.2,12064.27 1 0
github.com/corvusHold/guard/sdk/go/api.gen.go:12068.61,12069.27 1 2
github.com/corvusHold/guard/sdk/go/api.gen.go:12069.27,12071.3 1 2
github.com/corvusHold/guard/sdk/go/api.gen.go:12072.2,12072.10 1 0
github.com/corvusHold/guard/sdk/go/api.gen.go:12083.52,12084.27 1 0
github.com/corvusHold/guard/sdk/go/api.gen.go:12084.27,12086.3 1 0
github.com/corvusHold/guard/sdk/go/api.gen.go:12087.2,12087.27 1 0
github.com/corvusHold/guard/sdk/go/api.gen.go:12091.53,12092.27 1 0
github.com/corvusHold/guard/sdk/go/api.gen.go:12092.27,12094.3 1 0
github.com/corvusHold/guard/sdk/go/api.gen.go:12095.2,12095.10 1 0
github.com/corvusHold/guard/sdk/go/api.gen.go:12107.61,12108.27 1 0
github.com/corvusHold/guard/sdk/go/api.gen.go:12108.27,12110.3 1 0
github.com/corvusHold/guard/sdk/go/api.gen.go:12111.2,12111.27 1 0
github.com/corvusHold/guard/sdk/go/api.gen.go:12115.62,12116.27 1 0
github.com/corvusHold/guard/sdk/go/api.gen.go:12116.27,12118.3 1 0
github.com/corvusHold/guard/sdk/go/api.gen.go:12119.2,12119.10 1 0
github.com/corvusHold/guard/sdk/go/api.gen.go:12130.50,12131.27 1 0
github.com/corvusHold/guard/sdk/go/api.gen.go:12131.27,12133.3 1 0
github.com/corvusHold/guard/sdk/go/api.gen.go:12134.2,12134.27 1 0
github.com/corvusHold/guard/sdk/go/api.gen.go:12138.51,12139.27 1 0
github.com/corvusHold/guard/sdk/go/api.gen.go:12139.27,12141.3 1 0
github.com/corvusHold/guard/sdk/go/api.gen.go:12142.2,12142.10 1 0
github.com/corvusHold/guard/sdk/go/api.gen.go:12154.49,12155.27 1 0
github.com/corvusHold/guard/sdk/go/api.gen.go:12155.27,12157.3 1 0
github.com/corvusHold/guard/sdk/go/api.gen.go:12158.2,12158.27 1 0
github.com/corvusHold/guard/sdk/go/api.gen.go:12162.50,12163.27 1 0
github.com/corvusHold/guard/sdk/go/api.gen.go:12163.27,12165.3 1 0
github.com/corvusHold/guard/sdk/go/api.gen.go:12166.2,12166.10 1 0
github.com/corvusHold/guard/sdk/go/api.gen.go:12170.187,12172.16 2 0
github.com/corvusHold/guard/sdk/go/api.gen.go:12172.16,12174.3 1 0
github.com/corvusHold/guard/sdk/go/api.gen.go:12175.2,12175.63 1 0
github.com/corvusHold/guard/sdk/go/api.gen.go:12179.191,12181.16 2 0
github.com/corvusHold/guard/sdk/go/api.gen.go:12181.16,12183.3 1 0
github.com/corvusHold/guard/sdk/go/api.gen.go:12184.2,12184.47 1 0
github.com/corvusHold/guard/sdk/go/api.gen.go:12188.201,12190.16 2 0
github.com/corvusHold/guard/sdk/go/api.gen.go:12190.16,12192.3 1 0
github.com/corvusHold/guard/sdk/go/api.gen.go:12193.2,12193.48 1 0
github.com/corvusHold/guard/sdk/go/api.gen.go:12196.200,12198.16 2 0
github.com/corvusHold/guard/sdk/go/api.gen.go:12198.16,12200.3 1 0
github.com/corvusHold/guard/sdk/go/api.gen.go:12201.2,12201.48 1 0
github.com/corvusHold/guard/sdk/go/api.gen.go:12205.176,12207.16 2 0
github.com/corvusHold/guard/sdk/go/api.gen.go:12207.16,12209.3 1 0
github.com/corvusHold/guard/sdk/go/api.gen.go:12210.2,12210.52 1 0
github.com/corvusHold/guard/sdk/go/api.gen.go:12214.170,12216.16 2 0
github.com/corvusHold/guard/sdk/go/api.gen.go:12216.16,12218.3 1 0
github.com/corvusHold/guard/sdk/go/api.gen.go:12219.2,12219.49 1 0
github.com/corvusHold/guard/sdk/go/api.gen.go:12223.214,12225.16 2 0
github.com/corvusHold/guard/sdk/go/api.gen.go:12225.16,12227.3 1 0
github.com/corvusHold/guard/sdk/go/api.gen.go:12228.2,12228.49 1 0
github.com/corvusHold/guard/sdk/go/api.gen.go:12231.214,12233.16 2 0
github.com/corvusHold/guard/sdk/go/api.gen.go:12233.16,12235.3 1 0
github.com/corvusHold/guard/sdk/go/api.gen.go:12236.2,12236.49 1 0
github.com/corvusHold/guard/sdk/go/api.gen.go:12240.163,12242.16 2 0
github.com/corvusHold/guard/sdk/go/api.gen.go:12242.16,12244.3 1 0
github.com/corvusHold/guard/sdk/go/api.gen.go:12245.2,12245.51 1 0
github.com/corvusHold/guard/sdk/go/api.gen.go:12249.209,12251.16 2 0
github.com/corvusHold/guard/sdk/go/api.gen.go:12251.16,12253.3 1 0
github.com/corvusHold/guard/sdk/go/api.gen.go:12254.2,12254.52 1 0
github.com/corvusHold/guard/sdk/go/api.gen.go:12257.212,12259.16 2 0
github.com/corvusHold/guard/sdk/go/api.gen.go:12259.16,12261.3 1 0
github.com/corvusHold/guard/sdk/go/api.gen.go:12262.2,12262.52 1 0
github.com/corvusHold/guard/sdk/go/api.gen.go:12266.192,12268.16 2 0
github.com/corvusHold/guard/sdk/go/api.gen.go:12268.16,12270.3 1 0
github.com/corvusHold/guard/sdk/go/api.gen.go:12271.2,12271.60 1 0
github.com/corvusHold/guard/sdk/go/api.gen.go:12275.227,12277.16 2 0
github.com/corvusHold/guard/sdk/go/api.gen.go:12277.16,12279.3 1 0
github.com/corvusHold/guard/sdk/go/api.gen.go:12280.2,12280.59 1 0
github.com/corvusHold/guard/sdk/go/api.gen.go:12284.225,12286.16 2 0
github.com/corvusHold/guard/sdk/go/api.gen.go:12286.16,12288.3 1 0
github.com/corvusHold/guard/sdk/go/api.gen.go:12289.2,12289.60 1 0
github.com/corvusHold/guard/sdk/go/api.gen.go:12293.230,12295.16 2 0
github.com/corvusHold/guard/sdk/go/api.gen.go:12295.16,12297.3 1 0
github.com/corvusHold/guard/sdk/go/api.gen.go:12298.2,12298.60 1 0
github.com/corvusHold/guard/sdk/go/api.gen.go:12302.223,12304.16 2 0
github.com/corvusHold/guard/sdk/go/api.gen.go:12304.16,12306.3 1 0
github.com/corvusHold/guard/sdk/go/api.gen.go:12307.2,12307.59 1 0
github.com/corvusHold/guard/sdk/go/api.gen.go:12310.233,12312.16 2 1
github.com/corvusHold/guard/sdk/go/api.gen.go:12312.16,12314.3 1 0
github.com/corvusHold/guard/sdk/go/api.gen.go:12315.2,12315.59 1 1
github.com/corvusHold/guard/sdk/go/api.gen.go:12319.219,12321.16 2 0
github.com/corvusHold/guard/sdk/go/api.gen.go:12321.16,12323.3 1 0
github.com/corvusHold/guard/sdk/go/api.gen.go:12324.2,12324.57 1 0
github.com/corvusHold/guard/sdk/go/api.gen.go:12327.227,12329.16 2 2
github.com/corvusHold/guard/sdk/go/api.gen.go:12329.16,12331.3 1 0
github.com/corvusHold/guard/sdk/go/api.gen.go:12332.2,12332.57 1 2
github.com/corvusHold/guard/sdk/go/api.gen.go:12336.209,12338.16 2 2
github.com/corvusHold/guard/sdk/go/api.gen.go:12338.16,12340.3 1 0
github.com/corvusHold/guard/sdk/go/api.gen.go:12341.2,12341.53 1 2
github.com/corvusHold/guard/sdk/go/api.gen.go:12345.213,12347.16 2 0
github.com/corvusHold/guard/sdk/go/api.gen.go:12347.16,12349.3 1 0
github.com/corvusHold/guard/sdk/go/api.gen.go:12350.2,12350.54 1 0
github.com/corvusHold/guard/sdk/go/api.gen.go:12353.218,12355.16 2 1
github.com/corvusHold/guard/sdk/go/api.gen.go:12355.16,12357.3 1 0
github.com/corvusHold/guard/sdk/go/api.gen.go:12358.2,12358.54 1 1
github.com/corvusHold/guard/sdk/go/api.gen.go:12362.235,12364.16 2 1
github.com/corvusHold/guard/sdk/go/api.gen.go:12364.16,12366.3 1 0
github.com/corvusHold/guard/sdk/go/api.gen.go:12367.2,12367.58 1 1
github.com/corvusHold/guard/sdk/go/api.gen.go:12371.246,12373.16 2 0
github.com/corvusHold/guard/sdk/go/api.gen.go:12373.16,12375.3 1 0
github.com/corvusHold/guard/sdk/go/api.gen.go:12376.2,12376.65 1 0
github.com/corvusHold/guard/sdk/go/api.gen.go:12379.262,12381.16 2 2
github.com/corvusHold/guard/sdk/go/api.gen.go:12381.16,12383.3 1 0
github.com/corvusHold/guard/sdk/go/api.gen.go:12384.2,12384.65 1 2
github.com/corvusHold/guard/sdk/go/api.gen.go:12388.242,12390.16 2 0
github.com/corvusHold/guard/sdk/go/api.gen.go:12390.16,12392.3 1 0
github.com/corvusHold/guard/sdk/go/api.gen.go:12393.2,12393.63 1 0
github.com/corvusHold/guard/sdk/go/api.gen.go:12396.256,12398.16 2 2
github.com/corvusHold/guard/sdk/go/api.gen.go:12398.16,12400.3 1 0
github.com/corvusHold/guard/sdk/go/api.gen.go:12401.2,12401.63 1 2
github.com/corvusHold/guard/sdk/go/api.gen.go:12405.215,12407.16 2 0
github.com/corvusHold/guard/sdk/go/api.gen.go:12407.16,12409.3 1 0
github.com/corvusHold/guard/sdk/go/api.gen.go:12410.2,12410.55 1 0
github.com/corvusHold/guard/sdk/go/api.gen.go:12414.217,12416.16 2 0
github.com/corvusHold/guard/sdk/go/api.gen.go:12416.16,12418.3 1 0
github.com/corvusHold/guard/sdk/go/api.gen.go:12419.2,12419.56 1 0
github.com/corvusHold/guard/sdk/go/api.gen.go:12422.224,12424.16 2 0
github.com/corvusHold/guard/sdk/go/api.gen.go:12424.16,12426.3 1 0
github.com/corvusHold/guard/sdk/go/api.gen.go:12427.2,12427.56 1 0
github.com/corvusHold/guard/sdk/go/api.gen.go:12431.192,12433.16 2 0
github.com/corvusHold/guard/sdk/go/api.gen.go:12433.16,12435.3 1 0
github.com/corvusHold/guard/sdk/go/api.gen.go:12436.2,12436.60 1 0
github.com/corvusHold/guard/sdk/go/api.gen.go:12440.200,12442.16 2 0
github.com/corvusHold/guard/sdk/go/api.gen.go:12442.16,12444.3 1 0
github.com/corvusHold/guard/sdk/go/api.gen.go:12445.2,12445.64 1 0
github.com/corvusHold/guard/sdk/go/api.gen.go:12449.173,12451.16 2 0
github.com/corvusHold/guard/sdk/go/api.gen.go:12451.16,12453.3 1 0
github.com/corvusHold/guard/sdk/go/api.gen.go:12454.2,12454.56 1 0
github.com/corvusHold/guard/sdk/go/api.gen.go:12458.219,12460.16 2 0
github.com/corvusHold/guard/sdk/go/api.gen.go:12460.16,12462.3 1 0
github.com/corvusHold/guard/sdk/go/api.gen.go:12463.2,12463.57 1 0
github.com/corvusHold/guard/sdk/go/api.gen.go:12466.227,12468.16 2 0
github.com/corvusHold/guard/sdk/go/api.gen.go:12468.16,12470.3 1 0
github.com/corvusHold/guard/sdk/go/api.gen.go:12471.2,12471.57 1 0
github.com/corvusHold/guard/sdk/go/api.gen.go:12475.194,12477.16 2 0
github.com/corvusHold/guard/sdk/go/api.gen.go:12477.16,12479.3 1 0
github.com/corvusHold/guard/sdk/go/api.gen.go:12480.2,12480.61 1 0
github.com/corvusHold/guard/sdk/go/api.gen.go:12484.188,12486.16 2 0
github.com/corvusHold/guard/sdk/go/api.gen.go:12486.16,12488.3 1 0
github.com/corvusHold/guard/sdk/go/api.gen.go:12489.2,12489.58 1 0
github.com/corvusHold/guard/sdk/go/api.gen.go:12493.236,12495.16 2 0
github.com/corvusHold/guard/sdk/go/api.gen.go:12495.16,12497.3 1 0
github.com/corvusHold/guard/sdk/go/api.gen.go:12498.2,12498.60 1 0
github.com/corvusHold/guard/sdk/go/api.gen.go:12501.247,12503.16 2 0
github.com/corvusHold/guard/sdk/go/api.gen.go:12503.16,12505.3 1 0
github.com/corvusHold/guard/sdk/go/api.gen.go:12506.2,12506.60 1 0
github.com/corvusHold/guard/sdk/go/api.gen.go:12510.233,12512.16 2 0
github.com/corvusHold/guard/sdk/go/api.gen.go:12512.16,12514.3 1 0
github.com/corvusHold/guard/sdk/go/api.gen.go:12515.2,12515.61 1 0
github.com/corvusHold/guard/sdk/go/api.gen.go:12519.175,12521.16 2 0
github.com/corvusHold/guard/sdk/go/api.gen.go:12521.16,12523.3 1 0
github.com/corvusHold/guard/sdk/go/api.gen.go:12524.2,12524.57 1 0
github.com/corvusHold/guard/sdk/go/api.gen.go:12528.227,12530.16 2 0
github.com/corvusHold/guard/sdk/go/api.gen.go:12530.16,12532.3 1 0
github.com/corvusHold/guard/sdk/go/api.gen.go:12533.2,12533.59 1 0
github.com/corvusHold/guard/sdk/go/api.gen.go:12537.239,12539.16 2 0
github.com/corvusHold/guard/sdk/go/api.gen.go:12539.16,12541.3 1 0
github.com/corvusHold/guard/sdk/go/api.gen.go:12542.2,12542.63 1 0
github.com/corvusHold/guard/sdk/go/api.gen.go:12546.179,12548.16 2 1
github.com/corvusHold/guard/sdk/go/api.gen.go:12548.16,12550.3 1 0
github.com/corvusHold/guard/sdk/go/api.gen.go:12551.2,12551.59 1 1
github.com/corvusHold/guard/sdk/go/api.gen.go:12555.209,12557.16 2 1
github.com/corvusHold/guard/sdk/go/api.gen.go:12557.16,12559.3 1 0
github.com/corvusHold/guard/sdk/go/api.gen.go:12560.2,12560.53 1 1
github.com/corvusHold/guard/sdk/go/api.gen.go:12564.213,12566.16 2 0
github.com/corvusHold/guard/sdk/go/api.gen.go:12566.16,12568.3 1 0
github.com/corvusHold/guard/sdk/go/api.gen.go:12569.2,12569.54 1 0
github.com/corvusHold/guard/sdk/go/api.gen.go:12572.218,12574.16 2 1
github.com/corvusHold/guard/sdk/go/api.gen.go:12574.16,12576.3 1 0
github.com/corvusHold/guard/sdk/go/api.gen.go:12577.2,12577.54 1 1
github.com/corvusHold/guard/sdk/go/api.gen.go:12581.235,12583.16 2 1
github.com/corvusHold/guard/sdk/go/api.gen.go:12583.16,12585.3 1 0
github.com/corvusHold/guard/sdk/go/api.gen.go:12586.2,12586.58 1 1
github.com/corvusHold/guard/sdk/go/api.gen.go:12590.230,12592.16 2 0
github.com/corvusHold/guard/sdk/go/api.gen.go:12592.16,12594.3 1 0
github.com/corvusHold/guard/sdk/go/api.gen.go:12595.2,12595.57 1 0
github.com/corvusHold/guard/sdk/go/api.gen.go:12598.238,12600.16 2 1
github.com/corvusHold/guard/sdk/go/api.gen.go:12600.16,12602.3 1 0
github.com/corvusHold/guard/sdk/go/api.gen.go:12603.2,12603.57 1 1
github.com/corvusHold/guard/sdk/go/api.gen.go:12607.254,12609.16 2 0
github.com/corvusHold/guard/sdk/go/api.gen.go:12609.16,12611.3 1 0
github.com/corvusHold/guard/sdk/go/api.gen.go:12612.2,12612.69 1 0
github.com/corvusHold/guard/sdk/go/api.gen.go:12615.274,12617.16 2 1
github.com/corvusHold/guard/sdk/go/api.gen.go:12617.16,12619.3 1 0
github.com/corvusHold/guard/sdk/go/api.gen.go:12620.2,12620.69 1 1
github.com/corvusHold/guard/sdk/go/api.gen.go:12624.250,12626.16 2 0
github.com/corvusHold/guard/sdk/go/api.gen.go:12626.16,12628.3 1 0
github.com/corvusHold/guard/sdk/go/api.gen.go:12629.2,12629.67 1 0
github.com/corvusHold/guard/sdk/go/api.gen.go:12632.268,12634.16 2 1
github.com/corvusHold/guard/sdk/go/api.gen.go:12634.16,12636.3 1 0
github.com/corvusHold/guard/sdk/go/api.gen.go:12637.2,12637.67 1 1
github.com/corvusHold/guard/sdk/go/api.gen.go:12641.280,12643.16 2 1
github.com/corvusHold/guard/sdk/go/api.gen.go:12643.16,12645.3 1 0
github.com/corvusHold/guard/sdk/go/api.gen.go:12646.2,12646.73 1 1
github.com/corvusHold/guard/sdk/go/api.gen.go:12650.242,12652.16 2 0
github.com/corvusHold/guard/sdk/go/api.gen.go:12652.16,12654.3 1 0
github.com/corvusHold/guard/sdk/go/api.gen.go:12655.2,12655.63 1 0
github.com/corvusHold/guard/sdk/go/api.gen.go:12658.256,12660.16 2 2
github.com/corvusHold/guard/sdk/go/api.gen.go:12660.16,12662.3 1 0
github.com/corvusHold/guard/sdk/go/api.gen.go:12663.2,12663.63 1 2
github.com/corvusHold/guard/sdk/go/api.gen.go:12667.241,12669.16 2 2
github.com/corvusHold/guard/sdk/go/api.gen.go:12669.16,12671.3 1 0
github.com/corvusHold/guard/sdk/go/api.gen.go:12672.2,12672.60 1 2
github.com/corvusHold/guard/sdk/go/api.gen.go:12676.238,12678.16 2 0
github.com/corvusHold/guard/sdk/go/api.gen.go:12678.16,12680.3 1 0
github.com/corvusHold/guard/sdk/go/api.gen.go:12681.2,12681.61 1 0
github.com/corvusHold/guard/sdk/go/api.gen.go:12684.250,12686.16 2 4
github.com/corvusHold/guard/sdk/go/api.gen.go:12686.16,12688.3 1 0
github.com/corvusHold/guard/sdk/go/api.gen.go:12689.2,12689.61 1 4
github.com/corvusHold/guard/sdk/go/api.gen.go:12693.197,12695.16 2 1
github.com/corvusHold/guard/sdk/go/api.gen.go:12695.16,12697.3 1 0
github.com/corvusHold/guard/sdk/go/api.gen.go:12698.2,12698.49 1 1
github.com/corvusHold/guard/sdk/go/api.gen.go:12702.205,12704.16 2 0
github.com/corvusHold/guard/sdk/go/api.gen.go:12704.16,12706.3 1 0
github.com/corvusHold/guard/sdk/go/api.gen.go:12707.2,12707.50 1 0
github.com/corvusHold/guard/sdk/go/api.gen.go:12710.206,12712.16 2 0
github.com/corvusHold/guard/sdk/go/api.gen.go:12712.16,12714.3 1 0
github.com/corvusHold/guard/sdk/go/api.gen.go:12715.2,12715.50 1 0
github.com/corvusHold/guard/sdk/go/api.gen.go:12719.222,12721.16 2 0
github.com/corvusHold/guard/sdk/go/api.gen.go:12721.16,12723.3 1 0
github.com/corvusHold/guard/sdk/go/api.gen.go:12724.2,12724.53 1 0
github.com/corvusHold/guard/sdk/go/api.gen.go:12727.226,12729.16 2 1
github.com/corvusHold/guard/sdk/go/api.gen.go:12729.16,12731.3 1 0
github.com/corvusHold/guard/sdk/go/api.gen.go:12732.2,12732.53 1 1
github.com/corvusHold/guard/sdk/go/api.gen.go:12736.186,12738.16 2 1
github.com/corvusHold/guard/sdk/go/api.gen.go:12738.16,12740.3 1 0
github.com/corvusHold/guard/sdk/go/api.gen.go:12741.2,12741.57 1 1
github.com/corvusHold/guard/sdk/go/api.gen.go:12745.230,12747.16 2 0
github.com/corvusHold/guard/sdk/go/api.gen.go:12747.16,12749.3 1 0
github.com/corvusHold/guard/sdk/go/api.gen.go:12750.2,12750.57 1 0
github.com/corvusHold/guard/sdk/go/api.gen.go:12753.238,12755.16 2 0
github.com/corvusHold/guard/sdk/go/api.gen.go:12755.16,12757.3 1 0
github.com/corvusHold/guard/sdk/go/api.gen.go:12758.2,12758.57 1 0
github.com/corvusHold/guard/sdk/go/api.gen.go:12762.190,12764.16 2 1
github.com/corvusHold/guard/sdk/go/api.gen.go:12764.16,12766.3 1 0
github.com/corvusHold/guard/sdk/go/api.gen.go:12767.2,12767.59 1 1
github.com/corvusHold/guard/sdk/go/api.gen.go:12771.202,12773.16 2 0
github.com/corvusHold/guard/sdk/go/api.gen.go:12773.16,12775.3 1 0
github.com/corvusHold/guard/sdk/go/api.gen.go:12776.2,12776.65 1 0
github.com/corvusHold/guard/sdk/go/api.gen.go:12780.198,12782.16 2 0
github.com/corvusHold/guard/sdk/go/api.gen.go:12782.16,12784.3 1 0
github.com/corvusHold/guard/sdk/go/api.gen.go:12785.2,12785.63 1 0
github.com/corvusHold/guard/sdk/go/api.gen.go:12789.203,12791.16 2 0
github.com/corvusHold/guard/sdk/go/api.gen.go:12791.16,12793.3 1 0
github.com/corvusHold/guard/sdk/go/api.gen.go:12794.2,12794.49 1 0
github.com/corvusHold/guard/sdk/go/api.gen.go:12797.203,12799.16 2 1
github.com/corvusHold/guard/sdk/go/api.gen.go:12799.16,12801.3 1 0
github.com/corvusHold/guard/sdk/go/api.gen.go:12802.2,12802.49 1 1
github.com/corvusHold/guard/sdk/go/api.gen.go:12806.211,12808.16 2 0
github.com/corvusHold/guard/sdk/go/api.gen.go:12808.16,12810.3 1 0
github.com/corvusHold/guard/sdk/go/api.gen.go:12811.2,12811.53 1 0
github.com/corvusHold/guard/sdk/go/api.gen.go:12814.215,12816.16 2 0
github.com/corvusHold/guard/sdk/go/api.gen.go:12816.16,12818.3 1 0
github.com/corvusHold/guard/sdk/go/api.gen.go:12819.2,12819.53 1 0
github.com/corvusHold/guard/sdk/go/api.gen.go:12823.205,12825.16 2 0
github.com/corvusHold/guard/sdk/go/api.gen.go:12825.16,12827.3 1 0
github.com/corvusHold/guard/sdk/go/api.gen.go:12828.2,12828.50 1 0
github.com/corvusHold/guard/sdk/go/api.gen.go:12831.206,12833.16 2 1
github.com/corvusHold/guard/sdk/go/api.gen.go:12833.16,12835.3 1 0
github.com/corvusHold/guard/sdk/go/api.gen.go:12836.2,12836.50 1 1
github.com/corvusHold/guard/sdk/go/api.gen.go:12840.200,12842.16 2 0
github.com/corvusHold/guard/sdk/go/api.gen.go:12842.16,12844.3 1 0
github.com/corvusHold/guard/sdk/go/api.gen.go:12845.2,12845.50 1 0
github.com/corvusHold/guard/sdk/go/api.gen.go:12849.219,12851.16 2 0
github.com/corvusHold/guard/sdk/go/api.gen.go:12851.16,12853.3 1 0
github.com/corvusHold/guard/sdk/go/api.gen.go:12854.2,12854.57 1 0
github.com/corvusHold/guard/sdk/go/api.gen.go:12857.227,12859.16 2 0
github.com/corvusHold/guard/sdk/go/api.gen.go:12859.16,12861.3 1 0
github.com/corvusHold/guard/sdk/go/api.gen.go:12862.2,12862.57 1 0
github.com/corvusHold/guard/sdk/go/api.gen.go:12866.203,12868.16 2 1
github.com/corvusHold/guard/sdk/go/api.gen.go:12868.16,12870.3 1 0
github.com/corvusHold/guard/sdk/go/api.gen.go:12871.2,12871.51 1 1
github.com/corvusHold/guard/sdk/go/api.gen.go:12875.197,12877.16 2 0
github.com/corvusHold/guard/sdk/go/api.gen.go:12877.16,12879.3 1 0
github.com/corvusHold/guard/sdk/go/api.gen.go:12880.2,12880.46 1 0
github.com/corvusHold/guard/sdk/go/api.gen.go:12883.194,12885.16 2 1
github.com/corvusHold/guard/sdk/go/api.gen.go:12885.16,12887.3 1 0
github.com/corvusHold/guard/sdk/go/api.gen.go:12888.2,12888.46 1 1
github.com/corvusHold/guard/sdk/go/api.gen.go:12892.203,12894.16 2 0
github.com/corvusHold/guard/sdk/go/api.gen.go:12894.16,12896.3 1 0
github.com/corvusHold/guard/sdk/go/api.gen.go:12897.2,12897.49 1 0
github.com/corvusHold/guard/sdk/go/api.gen.go:12900.203,12902.16 2 2
github.com/corvusHold/guard/sdk/go/api.gen.go:12902.16,12904.3 1 0
github.com/corvusHold/guard/sdk/go/api.gen.go:12905.2,12905.49 1 2
github.com/corvusHold/guard/sdk/go/api.gen.go:12909.244,12911.16 2 0
github.com/corvusHold/guard/sdk/go/api.gen.go:12911.16,12913.3 1 0
github.com/corvusHold/guard/sdk/go/api.gen.go:12914.2,12914.50 1 0
github.com/corvusHold/guard/sdk/go/api.gen.go:12917.245,12919.16 2 0
github.com/corvusHold/guard/sdk/go/api.gen.go:12919.16,12921.3 1 0
github.com/corvusHold/guard/sdk/go/api.gen.go:12922.2,12922.50 1 0
github.com/corvusHold/guard/sdk/go/api.gen.go:12926.247,12928.16 2 0
github.com/corvusHold/guard/sdk/go/api.gen.go:12928.16,12930.3 1 0
github.com/corvusHold/guard/sdk/go/api.gen.go:12931.2,12931.51 1 0
github.com/corvusHold/guard/sdk/go/api.gen.go:12934.249,12936.16 2 2
github.com/corvusHold/guard/sdk/go/api.gen.go:12936.16,12938.3 1 0
github.com/corvusHold/guard/sdk/go/api.gen.go:12939.2,12939.51 1 2
github.com/corvusHold/guard/sdk/go/api.gen.go:12943.173,12945.16 2 4
github.com/corvusHold/guard/sdk/go/api.gen.go:12945.16,12947.3 1 0
github.com/corvusHold/guard/sdk/go/api.gen.go:12948.2,12948.41 1 4
github.com/corvusHold/guard/sdk/go/api.gen.go:12952.217,12954.16 2 0
github.com/corvusHold/guard/sdk/go/api.gen.go:12954.16,12956.3 1 0
github.com/corvusHold/guard/sdk/go/api.gen.go:12957.2,12957.56 1 0
github.com/corvusHold/guard/sdk/go/api.gen.go:12960.224,12962.16 2 1
github.com/corvusHold/guard/sdk/go/api.gen.go:12962.16,12964.3 1 0
github.com/corvusHold/guard/sdk/go/api.gen.go:12965.2,12965.56 1 1
github.com/corvusHold/guard/sdk/go/api.gen.go:12969.167,12971.16 2 2
github.com/corvusHold/guard/sdk/go/api.gen.go:12971.16,12973.3 1 0
github.com/corvusHold/guard/sdk/go/api.gen.go:12974.2,12974.53 1 2
github.com/corvusHold/guard/sdk/go/api.gen.go:12978.219,12980.16 2 0
github.com/corvusHold/guard/sdk/go/api.gen.go:12980.16,12982.3 1 0
github.com/corvusHold/guard/sdk/go/api.gen.go:12983.2,12983.57 1 0
github.com/corvusHold/guard/sdk/go/api.gen.go:12986.227,12988.16 2 1
github.com/corvusHold/guard/sdk/go/api.gen.go:12988.16,12990.3 1 0
github.com/corvusHold/guard/sdk/go/api.gen.go:12991.2,12991.57 1 1
github.com/corvusHold/guard/sdk/go/api.gen.go:12995.215,12997.16 2 0
github.com/corvusHold/guard/sdk/go/api.gen.go:12997.16,12999.3 1 0
github.com/corvusHold/guard/sdk/go/api.gen.go:13000.2,13000.55 1 0
github.com/corvusHold/guard/sdk/go/api.gen.go:13003.221,13005.16 2 1
github.com/corvusHold/guard/sdk/go/api.gen.go:13005.16,13007.3 1 0
github.com/corvusHold/guard/sdk/go/api.gen.go:13008.2,13008.55 1 1
github.com/corvusHold/guard/sdk/go/api.gen.go:13012.169,13014.16 2 1
github.com/corvusHold/guard/sdk/go/api.gen.go:13014.16,13016.3 1 0
github.com/corvusHold/guard/sdk/go/api.gen.go:13017.2,13017.54 1 1
github.com/corvusHold/guard/sdk/go/api.gen.go:13021.165,13023.16 2 1
github.com/corvusHold/guard/sdk/go/api.gen.go:13023.16,13025.3 1 0
github.com/corvusHold/guard/sdk/go/api.gen.go:13026.2,13026.52 1 1
github.com/corvusHold/guard/sdk/go/api.gen.go:13030.241,13032.16 2 0
github.com/corvusHold/guard/sdk/go/api.gen.go:13032.16,13034.3 1 0
github.com/corvusHold/guard/sdk/go/api.gen.go:13035.2,13035.49 1 0
github.com/corvusHold/guard/sdk/go/api.gen.go:13038.241,13040.16 2 1
github.com/corvusHold/guard/sdk/go/api.gen.go:13040.16,13042.3 1 0
github.com/corvusHold/guard/sdk/go/api.gen.go:13043.2,13043.49 1 1
github.com/corvusHold/guard/sdk/go/api.gen.go:13047.213,13049.16 2 0
github.com/corvusHold/guard/sdk/go/api.gen.go:13049.16,13051.3 1 0
github.com/corvusHold/guard/sdk/go/api.gen.go:13052.2,13052.54 1 0
github.com/corvusHold/guard/sdk/go/api.gen.go:13055.218,13057.16 2 0
github.com/corvusHold/guard/sdk/go/api.gen.go:13057.16,13059.3 1 0
github.com/corvusHold/guard/sdk/go/api.gen.go:13060.2,13060.54 1 0
github.com/corvusHold/guard/sdk/go/api.gen.go:13064.253,13066.16 2 0
github.com/corvusHold/guard/sdk/go/api.gen.go:13066.16,13068.3 1 0
github.com/corvusHold/guard/sdk/go/api.gen.go:13069.2,13069.53 1 0
github.com/corvusHold/guard/sdk/go/api.gen.go:13072.257,13074.16 2 1
github.com/corvusHold/guard/sdk/go/api.gen.go:13074.16,13076.3 1 0
github.com/corvusHold/guard/sdk/go/api.gen.go:13077.2,13077.53 1 1
github.com/corvusHold/guard/sdk/go/api.gen.go:13081.225,13083.16 2 0
github.com/corvusHold/guard/sdk/go/api.gen.go:13083.16,13085.3 1 0
github.com/corvusHold/guard/sdk/go/api.gen.go:13086.2,13086.60 1 0
github.com/corvusHold/guard/sdk/go/api.gen.go:13089.236,13091.16 2 0
github.com/corvusHold/guard/sdk/go/api.gen.go:13091.16,13093.3 1 0
github.com/corvusHold/guard/sdk/go/api.gen.go:13094.2,13094.60 1 0
github.com/corvusHold/guard/sdk/go/api.gen.go:13098.225,13100.16 2 0
github.com/corvusHold/guard/sdk/go/api.gen.go:13100.16,13102.3 1 0
github.com/corvusHold/guard/sdk/go/api.gen.go:13103.2,13103.60 1 0
github.com/corvusHold/guard/sdk/go/api.gen.go:13106.236,13108.16 2 0
github.com/corvusHold/guard/sdk/go/api.gen.go:13108.16,13110.3 1 0
github.com/corvusHold/guard/sdk/go/api.gen.go:13111.2,13111.60 1 0
github.com/corvusHold/guard/sdk/go/api.gen.go:13115.256,13117.16 2 0
github.com/corvusHold/guard/sdk/go/api.gen.go:13117.16,13119.3 1 0
github.com/corvusHold/guard/sdk/go/api.gen.go:13120.2,13120.54 1 0
github.com/corvusHold/guard/sdk/go/api.gen.go:13123.261,13125.16 2 1
github.com/corvusHold/guard/sdk/go/api.gen.go:13125.16,13127.3 1 0
github.com/corvusHold/guard/sdk/go/api.gen.go:13128.2,13128.54 1 1
github.com/corvusHold/guard/sdk/go/api.gen.go:13132.201,13134.16 2 0
github.com/corvusHold/guard/sdk/go/api.gen.go:13134.16,13136.3 1 0
github.com/corvusHold/guard/sdk/go/api.gen.go:13137.2,13137.48 1 0
github.com/corvusHold/guard/sdk/go/api.gen.go:13140.200,13142.16 2 0
github.com/corvusHold/guard/sdk/go/api.gen.go:13142.16,13144.3 1 0
github.com/corvusHold/guard/sdk/go/api.gen.go:13145.2,13145.48 1 0
github.com/corvusHold/guard/sdk/go/api.gen.go:13149.235,13151.16 2 0
github.com/corvusHold/guard/sdk/go/api.gen.go:13151.16,13153.3 1 0
github.com/corvusHold/guard/sdk/go/api.gen.go:13154.2,13154.47 1 0
github.com/corvusHold/guard/sdk/go/api.gen.go:13157.233,13159.16 2 1
github.com/corvusHold/guard/sdk/go/api.gen.go:13159.16,13161.3 1 0
github.com/corvusHold/guard/sdk/go/api.gen.go:13162.2,13162.47 1 1
github.com/corvusHold/guard/sdk/go/api.gen.go:13166.197,13168.16 2 0
github.com/corvusHold/guard/sdk/go/api.gen.go:13168.16,13170.3 1 0
github.com/corvusHold/guard/sdk/go/api.gen.go:13171.2,13171.46 1 0
github.com/corvusHold/guard/sdk/go/api.gen.go:13174.194,13176.16 2 0
github.com/corvusHold/guard/sdk/go/api.gen.go:13176.16,13178.3 1 0
github.com/corvusHold/guard/sdk/go/api.gen.go:13179.2,13179.46 1 0
github.com/corvusHold/guard/sdk/go/api.gen.go:13183.153,13185.16 2 0
github.com/corvusHold/guard/sdk/go/api.gen.go:13185.16,13187.3 1 0
github.com/corvusHold/guard/sdk/go/api.gen.go:13188.2,13188.46 1 0
github.com/corvusHold/guard/sdk/go/api.gen.go:13192.163,13194.16 2 0
github.com/corvusHold/guard/sdk/go/api.gen.go:13194.16,13196.3 1 0
github.com/corvusHold/guard/sdk/go/api.gen.go:13197.2,13197.51 1 0
github.com/corvusHold/guard/sdk/go/api.gen.go:13201.209,13203.16 2 0
github.com/corvusHold/guard/sdk/go/api.gen.go:13203.16,13205.3 1 0
github.com/corvusHold/guard/sdk/go/api.gen.go:13206.2,13206.52 1 0
github.com/corvusHold/guard/sdk/go/api.gen.go:13209.212,13211.16 2 0
github.com/corvusHold/guard/sdk/go/api.gen.go:13211.16,13213.3 1 0
github.com/corvusHold/guard/sdk/go/api.gen.go:13214.2,13214.52 1 0
github.com/corvusHold/guard/sdk/go/api.gen.go:13218.184,13220.16 2 0
github.com/corvusHold/guard/sdk/go/api.gen.go:13220.16,13222.3 1 0
github.com/corvusHold/guard/sdk/go/api.gen.go:13223.2,13223.56 1 0
github.com/corvusHold/guard/sdk/go/api.gen.go:13227.161,13229.16 2 0
github.com/corvusHold/guard/sdk/go/api.gen.go:13229.16,13231.3 1 0
github.com/corvusHold/guard/sdk/go/api.gen.go:13232.2,13232.50 1 0
github.com/corvusHold/guard/sdk/go/api.gen.go:13236.205,13238.16 2 0
github.com/corvusHold/guard/sdk/go/api.gen.go:13238.16,13240.3 1 0
github.com/corvusHold/guard/sdk/go/api.gen.go:13241.2,13241.50 1 0
github.com/corvusHold/guard/sdk/go/api.gen.go:13244.206,13246.16 2 0
github.com/corvusHold/guard/sdk/go/api.gen.go:13246.16,13248.3 1 0
github.com/corvusHold/guard/sdk/go/api.gen.go:13249.2,13249.50 1 0
github.com/corvusHold/guard/sdk/go/api.gen.go:13253.163,13255.16 2 0
github.com/corvusHold/guard/sdk/go/api.gen.go:13255.16,13257.3 1 0
github.com/corvusHold/guard/sdk/go/api.gen.go:13258.2,13258.51 1 0
github.com/corvusHold/guard/sdk/go/api.gen.go:13262.184,13264.16 2 0
github.com/corvusHold/guard/sdk/go/api.gen.go:13264.16,13266.3 1 0
github.com/corvusHold/guard/sdk/go/api.gen.go:13267.2,13267.56 1 0
github.com/corvusHold/guard/sdk/go/api.gen.go:13271.155,13273.16 2 2
github.com/corvusHold/guard/sdk/go/api.gen.go:13273.16,13275.3 1 0
github.com/corvusHold/guard/sdk/go/api.gen.go:13276.2,13276.47 1 2
github.com/corvusHold/guard/sdk/go/api.gen.go:13280.184,13282.16 2 1
github.com/corvusHold/guard/sdk/go/api.gen.go:13282.16,13284.3 1 0
github.com/corvusHold/guard/sdk/go/api.gen.go:13285.2,13285.56 1 1
github.com/corvusHold/guard/sdk/go/api.gen.go:13289.241,13291.16 2 1
github.com/corvusHold/guard/sdk/go/api.gen.go:13291.16,13293.3 1 0
github.com/corvusHold/guard/sdk/go/api.gen.go:13294.2,13294.58 1 1
github.com/corvusHold/guard/sdk/go/api.gen.go:13298.247,13300.16 2 1
github.com/corvusHold/guard/sdk/go/api.gen.go:13300.16,13302.3 1 0
github.com/corvusHold/guard/sdk/go/api.gen.go:13303.2,13303.60 1 1
github.com/corvusHold/guard/sdk/go/api.gen.go:13307.232,13309.16 2 2
github.com/corvusHold/guard/sdk/go/api.gen.go:13309.16,13311.3 1 1
github.com/corvusHold/guard/sdk/go/api.gen.go:13312.2,13312.55 1 1
github.com/corvusHold/guard/sdk/go/api.gen.go:13316.207,13318.16 2 0
github.com/corvusHold/guard/sdk/go/api.gen.go:13318.16,13320.3 1 0
github.com/corvusHold/guard/sdk/go/api.gen.go:13321.2,13321.51 1 0
github.com/corvusHold/guard/sdk/go/api.gen.go:13324.209,13326.16 2 0
github.com/corvusHold/guard/sdk/go/api.gen.go:13326.16,13328.3 1 0
github.com/corvusHold/guard/sdk/go/api.gen.go:13329.2,13329.51 1 0
github.com/corvusHold/guard/sdk/go/api.gen.go:13333.206,13335.16 2 0
github.com/corvusHold/guard/sdk/go/api.gen.go:13335.16,13337.3 1 0
github.com/corvusHold/guard/sdk/go/api.gen.go:13338.2,13338.52 1 0
github.com/corvusHold/guard/sdk/go/api.gen.go:13342.209,13344.16 2 0
github.com/corvusHold/guard/sdk/go/api.gen.go:13344.16,13346.3 1 0
github.com/corvusHold/guard/sdk/go/api.gen.go:13347.2,13347.52 1 0
github.com/corvusHold/guard/sdk/go/api.gen.go:13350.212,13352.16 2 0
github.com/corvusHold/guard/sdk/go/api.gen.go:13352.16,13354.3 1 0
github.com/corvusHold/guard/sdk/go/api.gen.go:13355.2,13355.52 1 0
github.com/corvusHold/guard/sdk/go/api.gen.go:13359.191,13361.16 2 2
github.com/corvusHold/guard/sdk/go/api.gen.go:13361.16,13363.3 1 0
github.com/corvusHold/guard/sdk/go/api.gen.go:13364.2,13364.47 1 2
github.com/corvusHold/guard/sdk/go/api.gen.go:13368.201,13370.16 2 0
github.com/corvusHold/guard/sdk/go/api.gen.go:13370.16,13372.3 1 0
github.com/corvusHold/guard/sdk/go/api.gen.go:13373.2,13373.48 1 0
github.com/corvusHold/guard/sdk/go/api.gen.go:13376.200,13378.16 2 1
github.com/corvusHold/guard/sdk/go/api.gen.go:13378.16,13380.3 1 0
github.com/corvusHold/guard/sdk/go/api.gen.go:13381.2,13381.48 1 1
github.com/corvusHold/guard/sdk/go/api.gen.go:13385.176,13387.16 2 1
github.com/corvusHold/guard/sdk/go/api.gen.go:13387.16,13389.3 1 0
github.com/corvusHold/guard/sdk/go/api.gen.go:13390.2,13390.52 1 1
github.com/corvusHold/guard/sdk/go/api.gen.go:13394.170,13396.16 2 1
github.com/corvusHold/guard/sdk/go/api.gen.go:13396.16,13398.3 1 0
github.com/corvusHold/guard/sdk/go/api.gen.go:13399.2,13399.49 1 1
github.com/corvusHold/guard/sdk/go/api.gen.go:13403.214,13405.16 2 0
github.com/corvusHold/guard/sdk/go/api.gen.go:13405.16,13407.3 1 0
github.com/corvusHold/guard/sdk/go/api.gen.go:13408.2,13408.49 1 0
github.com/corvusHold/guard/sdk/go/api.gen.go:13411.214,13413.16 2 1
github.com/corvusHold/guard/sdk/go/api.gen.go:13413.16,13415.3 1 0
github.com/corvusHold/guard/sdk/go/api.gen.go:13416.2,13416.49 1 1
github.com/corvusHold/guard/sdk/go/api.gen.go:13420.180,13422.16 2 1
github.com/corvusHold/guard/sdk/go/api.gen.go:13422.16,13424.3 1 0
github.com/corvusHold/guard/sdk/go/api.gen.go:13425.2,13425.54 1 1
github.com/corvusHold/guard/sdk/go/api.gen.go:13429.182,13431.16 2 0
github.com/corvusHold/guard/sdk/go/api.gen.go:13431.16,13433.3 1 0
github.com/corvusHold/guard/sdk/go/api.gen.go:13434.2,13434.44 1 0
github.com/corvusHold/guard/sdk/go/api.gen.go:13438.176,13440.16 2 2
github.com/corvusHold/guard/sdk/go/api.gen.go:13440.16,13442.3 1 0
github.com/corvusHold/guard/sdk/go/api.gen.go:13443.2,13443.42 1 2
github.com/corvusHold/guard/sdk/go/api.gen.go:13447.191,13449.16 2 0
github.com/corvusHold/guard/sdk/go/api.gen.go:13449.16,13451.3 1 0
github.com/corvusHold/guard/sdk/go/api.gen.go:13452.2,13452.43 1 0
github.com/corvusHold/guard/sdk/go/api.gen.go:13455.185,13457.16 2 1
github.com/corvusHold/guard/sdk/go/api.gen.go:13457.16,13459.3 1 0
github.com/corvusHold/guard/sdk/go/api.gen.go:13460.2,13460.43 1 1
github.com/corvusHold/guard/sdk/go/api.gen.go:13464.178,13466.16 2 0
github.com/corvusHold/guard/sdk/go/api.gen.go:13466.16,13468.3 1 0
github.com/corvusHold/guard/sdk/go/api.gen.go:13469.2,13469.52 1 0
github.com/corvusHold/guard/sdk/go/api.gen.go:13473.160,13475.16 2 1
github.com/corvusHold/guard/sdk/go/api.gen.go:13475.16,13477.3 1 0
github.com/corvusHold/guard/sdk/go/api.gen.go:13478.2,13478.44 1 1
github.com/corvusHold/guard/sdk/go/api.gen.go:13482.217,13484.16 2 0
github.com/corvusHold/guard/sdk/go/api.gen.go:13484.16,13486.3 1 0
github.com/corvusHold/guard/sdk/go/api.gen.go:13487.2,13487.52 1 0
github.com/corvusHold/guard/sdk/go/api.gen.go:13491.184,13493.16 2 0
github.com/corvusHold/guard/sdk/go/api.gen.go:13493.16,13495.3 1 0
github.com/corvusHold/guard/sdk/go/api.gen.go:13496.2,13496.56 1 0
github.com/corvusHold/guard/sdk/go/api.gen.go:13500.176,13502.16 2 1
github.com/corvusHold/guard/sdk/go/api.gen.go:13502.16,13504.3 1 0
github.com/corvusHold/guard/sdk/go/api.gen.go:13505.2,13505.52 1 1
github.com/corvusHold/guard/sdk/go/api.gen.go:13509.220,13511.16 2 0
github.com/corvusHold/guard/sdk/go/api.gen.go:13511.16,13513.3 1 0
github.com/corvusHold/guard/sdk/go/api.gen.go:13514.2,13514.52 1 0
github.com/corvusHold/guard/sdk/go/api.gen.go:13517.223,13519.16 2 1
github.com/corvusHold/guard/sdk/go/api.gen.go:13519.16,13521.3 1 0
github.com/corvusHold/guard/sdk/go/api.gen.go:13522.2,13522.52 1 1
github.com/corvusHold/guard/sdk/go/api.gen.go:13526.182,13528.16 2 0
github.com/corvusHold/guard/sdk/go/api.gen.go:13528.16,13530.3 1 0
github.com/corvusHold/guard/sdk/go/api.gen.go:13531.2,13531.44 1 0
github.com/corvusHold/guard/sdk/go/api.gen.go:13535.211,13537.16 2 0
github.com/corvusHold/guard/sdk/go/api.gen.go:13537.16,13539.3 1 0
github.com/corvusHold/guard/sdk/go/api.gen.go:13540.2,13540.53 1 0
github.com/corvusHold/guard/sdk/go/api.gen.go:13543.215,13545.16 2 0
github.com/corvusHold/guard/sdk/go/api.gen.go:13545.16,13547.3 1 0
github.com/corvusHold/guard/sdk/go/api.gen.go:13548.2,13548.53 1 0
github.com/corvusHold/guard/sdk/go/api.gen.go:13552.189,13554.16 2 0
github.com/corvusHold/guard/sdk/go/api.gen.go:13554.16,13556.3 1 0
github.com/corvusHold/guard/sdk/go/api.gen.go:13557.2,13557.42 1 0
github.com/corvusHold/guard/sdk/go/api.gen.go:13560.202,13562.16 2 0
github.com/corvusHold/guard/sdk/go/api.gen.go:13562.16,13564.3 1 0
github.com/corvusHold/guard/sdk/go/api.gen.go:13565.2,13565.42 1 0
github.com/corvusHold/guard/sdk/go/api.gen.go:13569.187,13571.16 2 0
github.com/corvusHold/guard/sdk/go/api.gen.go:13571.16,13573.3 1 0
github.com/corvusHold/guard/sdk/go/api.gen.go:13574.2,13574.41 1 0
github.com/corvusHold/guard/sdk/go/api.gen.go:13577.199,13579.16 2 2
github.com/corvusHold/guard/sdk/go/api.gen.go:13579.16,13581.3 1 0
github.com/corvusHold/guard/sdk/go/api.gen.go:13582.2,13582.41 1 2
github.com/corvusHold/guard/sdk/go/api.gen.go:13586.131,13588.15 2 0
github.com/corvusHold/guard/sdk/go/api.gen.go:13588.15,13588.39 1 0
github.com/corvusHold/guard/sdk/go/api.gen.go:13589.2,13589.16 1 0
github.com/corvusHold/guard/sdk/go/api.gen.go:13589.16,13591.3 1 0
github.com/corvusHold/guard/sdk/go/api.gen.go:13593.2,13598.9 2 0
github.com/corvusHold/guard/sdk/go/api.gen.go:13599.89,13601.58 2 0
github.com/corvusHold/guard/sdk/go/api.gen.go:13601.58,13603.4 1 0
github.com/corvusHold/guard/sdk/go/api.gen.go:13604.3,13604.27 1 0
github.com/corvusHold/guard/sdk/go/api.gen.go:13608.2,13608.22 1 0
github.com/corvusHold/guard/sdk/go/api.gen.go:13612.99,13614.15 2 0
github.com/corvusHold/guard/sdk/go/api.gen.go:13614.15,13614.39 1 0
github.com/corvusHold/guard/sdk/go/api.gen.go:13615.2,13615.16 1 0
github.com/corvusHold/guard/sdk/go/api.gen.go:13615.16,13617.3 1 0
github.com/corvusHold/guard/sdk/go/api.gen.go:13619.2,13624.9 2 0
github.com/corvusHold/guard/sdk/go/api.gen.go:13625.89,13627.58 2 0
github.com/corvusHold/guard/sdk/go/api.gen.go:13627.58,13629.4 1 0
github.com/corvusHold/guard/sdk/go/api.gen.go:13630.3,13630.27 1 0
github.com/corvusHold/guard/sdk/go/api.gen.go:13634.2,13634.22 1 0
github.com/corvusHold/guard/sdk/go/api.gen.go:13638.101,13640.15 2 0
github.com/corvusHold/guard/sdk/go/api.gen.go:13640.15,13640.39 1 0
github.com/corvusHold/guard/sdk/go/api.gen.go:13641.2,13641.16 1 0
github.com/corvusHold/guard/sdk/go/api.gen.go:13641.16,13643.3 1 0
github.com/corvusHold/guard/sdk/go/api.gen.go:13645.2,13650.9 2 0
github.com/corvusHold/guard/sdk/go/api.gen.go:13651.89,13653.58 2 0
github.com/corvusHold/guard/sdk/go/api.gen.go:13653.58,13655.4 1 0
github.com/corvusHold/guard/sdk/go/api.gen.go:13656.3,13656.27 1 0
github.com/corvusHold/guard/sdk/go/api.gen.go:13658.89,13660.58 2 0
github.com/corvusHold/guard/sdk/go/api.gen.go:13660.58,13662.4 1 0
github.com/corvusHold/guard/sdk/go/api.gen.go:13663.3,13663.27 1 0
github.com/corvusHold/guard/sdk/go/api.gen.go:13667.2,13667.22 1 0
github.com/corvusHold/guard/sdk/go/api.gen.go:13671.109,13673.15 2 0
github.com/corvusHold/guard/sdk/go/api.gen.go:13673.15,13673.39 1 0
github.com/corvusHold/guard/sdk/go/api.gen.go:13674.2,13674.16 1 0
github.com/corvusHold/guard/sdk/go/api.gen.go:13674.16,13676.3 1 0
github.com/corvusHold/guard/sdk/go/api.gen.go:13678.2,13683.22 2 0
github.com/corvusHold/guard/sdk/go/api.gen.go:13687.103,13689.15 2 0
github.com/corvusHold/guard/sdk/go/api.gen.go:13689.15,13689.39 1 0
github.com/corvusHold/guard/sdk/go/api.gen.go:13690.2,13690.16 1 0
github.com/corvusHold/guard/sdk/go/api.gen.go:13690.16,13692.3 1 0
github.com/corvusHold/guard/sdk/go/api.gen.go:13694.2,13699.9 2 0
github.com/corvusHold/guard/sdk/go/api.gen.go:13700.89,13702.58 2 0
github.com/corvusHold/guard/sdk/go/api.gen.go:13702.58,13704.4 1 0
github.com/corvusHold/guard/sdk/go/api.gen.go:13705.3,13705.27 1 0
github.com/corvusHold/guard/sdk/go/api.gen.go:13707.89,13709.58 2 0
github.com/corvusHold/guard/sdk/go/api.gen.go:13709.58,13711.4 1 0
github.com/corvusHold/guard/sdk/go/api.gen.go:13712.3,13712.27 1 0
github.com/corvusHold/guard/sdk/go/api.gen.go:13716.2,13716.22 1 0
github.com/corvusHold/guard/sdk/go/api.gen.go:13720.103,13722.15 2 0
github.com/corvusHold/guard/sdk/go/api.gen.go:13722.15,13722.39 1 0
github.com/corvusHold/guard/sdk/go/api.gen.go:13723.2,13723.16 1 0
github.com/corvusHold/guard/sdk/go/api.gen.go:13723.16,13725.3 1 0
github.com/corvusHold/guard/sdk/go/api.gen.go:13727.2,13732.9 2 0
github.com/corvusHold/guard/sdk/go/api.gen.go:13733.89,13735.58 2 0
github.com/corvusHold/guard/sdk/go/api.gen.go:13735.58,13737.4 1 0
github.com/corvusHold/guard/sdk/go/api.gen.go:13738.3,13738.27 1 0
github.com/corvusHold/guard/sdk/go/api.gen.go:13740.89,13742.58 2 0
github.com/corvusHold/guard/sdk/go/api.gen.go:13742.58,13744.4 1 0
github.com/corvusHold/guard/sdk/go/api.gen.go:13745.3,13745.27 1 0
github.com/corvusHold/guard/sdk/go/api.gen.go:13749.2,13749.22 1 0
github.com/corvusHold/guard/sdk/go/api.gen.go:13753.107,13755.15 2 0
github.com/corvusHold/guard/sdk/go/api.gen.go:13755.15,13755.39 1 0
github.com/corvusHold/guard/sdk/go/api.gen.go:13756.2,13756.16 1 0
github.com/corvusHold/guard/sdk/go/api.gen.go:13756.16,13758.3 1 0
github.com/corvusHold/guard/sdk/go/api.gen.go:13760.2,13765.9 2 0
github.com/corvusHold/guard/sdk/go/api.gen.go:13766.89,13768.58 2 0
github.com/corvusHold/guard/sdk/go/api.gen.go:13768.58,13770.4 1 0
github.com/corvusHold/guard/sdk/go/api.gen.go:13771.3,13771.27 1 0
github.com/corvusHold/guard/sdk/go/api.gen.go:13773.89,13775.58 2 0
github.com/corvusHold/guard/sdk/go/api.gen.go:13775.58,13777.4 1 0
github.com/corvusHold/guard/sdk/go/api.gen.go:13778.3,13778.27 1 0
github.com/corvusHold/guard/sdk/go/api.gen.go:13780.89,13782.58 2 0
github.com/corvusHold/guard/sdk/go/api.gen.go:13782.58,13784.4 1 0
github.com/corvusHold/guard/sdk/go/api.gen.go:13785.3,13785.27 1 0
github.com/corvusHold/guard/sdk/go/api.gen.go:13789.2,13789.22 1 0
github.com/corvusHold/guard/sdk/go/api.gen.go:13793.109,13795.15 2 0
github.com/corvusHold/guard/sdk/go/api.gen.go:13795.15,13795.39 1 0
github.com/corvusHold/guard/sdk/go/api.gen.go:13796.2,13796.16 1 0
github.com/corvusHold/guard/sdk/go/api.gen.go:13796.16,13798.3 1 0
github.com/corvusHold/guard/sdk/go/api.gen.go:13800.2,13805.9 2 0
github.com/corvusHold/guard/sdk/go/api.gen.go:13806.89,13808.58 2 0
github.com/corvusHold/guard/sdk/go/api.gen.go:13808.58,13810.4 1 0
github.com/corvusHold/guard/sdk/go/api.gen.go:13811.3,13811.27 1 0
github.com/corvusHold/guard/sdk/go/api.gen.go:13813.89,13815.58 2 0
github.com/corvusHold/guard/sdk/go/api.gen.go:13815.58,13817.4 1 0
github.com/corvusHold/guard/sdk/go/api.gen.go:13818.3,13818.27 1 0
github.com/corvusHold/guard/sdk/go/api.gen.go:13820.89,13822.58 2 0
github.com/corvusHold/guard/sdk/go/api.gen.go:13822.58,13824.4 1 0
github.com/corvusHold/guard/sdk/go/api.gen.go:13825.3,13825.27 1 0
github.com/corvusHold/guard/sdk/go/api.gen.go:13827.89,13829.58 2 0
github.com/corvusHold/guard/sdk/go/api.gen.go:13829.58,13831.4 1 0
github.com/corvusHold/guard/sdk/go/api.gen.go:13832.3,13832.27 1 0
github.com/corvusHold/guard/sdk/go/api.gen.go:13836.2,13836.22 1 0
github.com/corvusHold/guard/sdk/go/api.gen.go:13840.125,13842.15 2 0
github.com/corvusHold/guard/sdk/go/api.gen.go:13842.15,13842.39 1 0
github.com/corvusHold/guard/sdk/go/api.gen.go:13843.2,13843.16 1 0
github.com/corvusHold/guard/sdk/go/api.gen.go:13843.16,13845.3 1 0
github.com/corvusHold/guard/sdk/go/api.gen.go:13847.2,13852.22 2 0
github.com/corvusHold/guard/sdk/go/api.gen.go:13856.123,13858.15 2 0
github.com/corvusHold/guard/sdk/go/api.gen.go:13858.15,13858.39 1 0
github.com/corvusHold/guard/sdk/go/api.gen.go:13859.2,13859.16 1 0
github.com/corvusHold/guard/sdk/go/api.gen.go:13859.16,13861.3 1 0
github.com/corvusHold/guard/sdk/go/api.gen.go:13863.2,13868.22 2 0
github.com/corvusHold/guard/sdk/go/api.gen.go:13872.125,13874.15 2 0
github.com/corvusHold/guard/sdk/go/api.gen.go:13874.15,13874.39 1 0
github.com/corvusHold/guard/sdk/go/api.gen.go:13875.2,13875.16 1 0
github.com/corvusHold/guard/sdk/go/api.gen.go:13875.16,13877.3 1 0
github.com/corvusHold/guard/sdk/go/api.gen.go:13879.2,13884.9 2 0
github.com/corvusHold/guard/sdk/go/api.gen.go:13885.89,13887.58 2 0
github.com/corvusHold/guard/sdk/go/api.gen.go:13887.58,13889.4 1 0
github.com/corvusHold/guard/sdk/go/api.gen.go:13890.3,13890.27 1 0
github.com/corvusHold/guard/sdk/go/api.gen.go:13892.89,13894.58 2 0
github.com/corvusHold/guard/sdk/go/api.gen.go:13894.58,13896.4 1 0
github.com/corvusHold/guard/sdk/go/api.gen.go:13897.3,13897.27 1 0
github.com/corvusHold/guard/sdk/go/api.gen.go:13901.2,13901.22 1 0
github.com/corvusHold/guard/sdk/go/api.gen.go:13905.125,13907.15 2 0
github.com/corvusHold/guard/sdk/go/api.gen.go:13907.15,13907.39 1 0
github.com/corvusHold/guard/sdk/go/api.gen.go:13908.2,13908.16 1 0
github.com/corvusHold/guard/sdk/go/api.gen.go:13908.16,13910.3 1 0
github.com/corvusHold/guard/sdk/go/api.gen.go:13912.2,13917.9 2 0
github.com/corvusHold/guard/sdk/go/api.gen.go:13918.89,13920.58 2 0
github.com/corvusHold/guard/sdk/go/api.gen.go:13920.58,13922.4 1 0
github.com/corvusHold/guard/sdk/go/api.gen.go:13923.3,13923.27 1 0
github.com/corvusHold/guard/sdk/go/api.gen.go:13927.2,13927.22 1 0
github.com/corvusHold/guard/sdk/go/api.gen.go:13931.123,13933.15 2 1
github.com/corvusHold/guard/sdk/go/api.gen.go:13933.15,13933.39 1 1
github.com/corvusHold/guard/sdk/go/api.gen.go:13934.2,13934.16 1 1
github.com/corvusHold/guard/sdk/go/api.gen.go:13934.16,13936.3 1 0
github.com/corvusHold/guard/sdk/go/api.gen.go:13938.2,13943.22 2 1
github.com/corvusHold/guard/sdk/go/api.gen.go:13947.119,13949.15 2 2
github.com/corvusHold/guard/sdk/go/api.gen.go:13949.15,13949.39 1 2
github.com/corvusHold/guard/sdk/go/api.gen.go:13950.2,13950.16 1 2
github.com/corvusHold/guard/sdk/go/api.gen.go:13950.16,13952.3 1 0
github.com/corvusHold/guard/sdk/go/api.gen.go:13954.2,13959.22 2 2
github.com/corvusHold/guard/sdk/go/api.gen.go:13963.111,13965.15 2 2
github.com/corvusHold/guard/sdk/go/api.gen.go:13965.15,13965.39 1 2
github.com/corvusHold/guard/sdk/go/api.gen.go:13966.2,13966.16 1 2
github.com/corvusHold/guard/sdk/go/api.gen.go:13966.16,13968.3 1 0
github.com/corvusHold/guard/sdk/go/api.gen.go:13970.2,13975.9 2 2
github.com/corvusHold/guard/sdk/go/api.gen.go:13976.89,13978.58 2 2
github.com/corvusHold/guard/sdk/go/api.gen.go:13978.58,13980.4 1 0
github.com/corvusHold/guard/sdk/go/api.gen.go:13981.3,13981.27 1 2
github.com/corvusHold/guard/sdk/go/api.gen.go:13983.89,13985.58 2 0
github.com/corvusHold/guard/sdk/go/api.gen.go:13985.58,13987.4 1 0
github.com/corvusHold/guard/sdk/go/api.gen.go:13988.3,13988.27 1 0
github.com/corvusHold/guard/sdk/go/api.gen.go:13990.89,13992.58 2 0
github.com/corvusHold/guard/sdk/go/api.gen.go:13992.58,13994.4 1 0
github.com/corvusHold/guard/sdk/go/api.gen.go:13995.3,13995.27 1 0
github.com/corvusHold/guard/sdk/go/api.gen.go:13997.89,13999.58 2 0
github.com/corvusHold/guard/sdk/go/api.gen.go:13999.58,14001.4 1 0
github.com/corvusHold/guard/sdk/go/api.gen.go:14002.3,14002.27 1 0
github.com/corvusHold/guard/sdk/go/api.gen.go:14006.2,14006.22 1 2
github.com/corvusHold/guard/sdk/go/api.gen.go:14010.113,14012.15 2 1
github.com/corvusHold/guard/sdk/go/api.gen.go:14012.15,14012.39 1 1
github.com/corvusHold/guard/sdk/go/api.gen.go:14013.2,14013.16 1 1
github.com/corvusHold/guard/sdk/go/api.gen.go:14013.16,14015.3 1 0
github.com/corvusHold/guard/sdk/go/api.gen.go:14017.2,14022.9 2 1
github.com/corvusHold/guard/sdk/go/api.gen.go:14023.89,14025.58 2 1
github.com/corvusHold/guard/sdk/go/api.gen.go:14025.58,14027.4 1 0
github.com/corvusHold/guard/sdk/go/api.gen.go:14028.3,14028.27 1 1
github.com/corvusHold/guard/sdk/go/api.gen.go:14030.89,14032.58 2 0
github.com/corvusHold/guard/sdk/go/api.gen.go:14032.58,14034.4 1 0
github.com/corvusHold/guard/sdk/go/api.gen.go:14035.3,14035.27 1 0
github.com/corvusHold/guard/sdk/go/api.gen.go:14037.89,14039.58 2 0
github.com/corvusHold/guard/sdk/go/api.gen.go:14039.58,14041.4 1 0
github.com/corvusHold/guard/sdk/go/api.gen.go:14042.3,14042.27 1 0
github.com/corvusHold/guard/sdk/go/api.gen.go:14044.89,14046.58 2 0
github.com/corvusHold/guard/sdk/go/api.gen.go:14046.58,14048.4 1 0
github.com/corvusHold/guard/sdk/go/api.gen.go:14049.3,14049.27 1 0
github.com/corvusHold/guard/sdk/go/api.gen.go:14051.89,14053.58 2 0
github.com/corvusHold/guard/sdk/go/api.gen.go:14053.58,14055.4 1 0
github.com/corvusHold/guard/sdk/go/api.gen.go:14056.3,14056.27 1 0
github.com/corvusHold/guard/sdk/go/api.gen.go:14060.2,14060.22 1 1
github.com/corvusHold/guard/sdk/go/api.gen.go:14064.121,14066.15 2 1
github.com/corvusHold/guard/sdk/go/api.gen.go:14066.15,14066.39 1 1
github.com/corvusHold/guard/sdk/go/api.gen.go:14067.2,14067.16 1 1
github.com/corvusHold/guard/sdk/go/api.gen.go:14067.16,14069.3 1 0
github.com/corvusHold/guard/sdk/go/api.gen.go:14071.2,14076.22 2 1
github.com/corvusHold/guard/sdk/go/api.gen.go:14080.135,14082.15 2 2
github.com/corvusHold/guard/sdk/go/api.gen.go:14082.15,14082.39 1 2
github.com/corvusHold/guard/sdk/go/api.gen.go:14083.2,14083.16 1 2
github.com/corvusHold/guard/sdk/go/api.gen.go:14083.16,14085.3 1 0
github.com/corvusHold/guard/sdk/go/api.gen.go:14087.2,14092.22 2 2
github.com/corvusHold/guard/sdk/go/api.gen.go:14096.131,14098.15 2 2
github.com/corvusHold/guard/sdk/go/api.gen.go:14098.15,14098.39 1 2
github.com/corvusHold/guard/sdk/go/api.gen.go:14099.2,14099.16 1 2
github.com/corvusHold/guard/sdk/go/api.gen.go:14099.16,14101.3 1 0
github.com/corvusHold/guard/sdk/go/api.gen.go:14103.2,14108.22 2 2
github.com/corvusHold/guard/sdk/go/api.gen.go:14112.115,14114.15 2 0
github.com/corvusHold/guard/sdk/go/api.gen.go:14114.15,14114.39 1 0
github.com/corvusHold/guard/sdk/go/api.gen.go:14115.2,14115.16 1 0
github.com/corvusHold/guard/sdk/go/api.gen.go:14115.16,14117.3 1 0
github.com/corvusHold/guard/sdk/go/api.gen.go:14119.2,14124.9 2 0
github.com/corvusHold/guard/sdk/go/api.gen.go:14125.89,14127.58 2 0
github.com/corvusHold/guard/sdk/go/api.gen.go:14127.58,14129.4 1 0
github.com/corvusHold/guard/sdk/go/api.gen.go:14130.3,14130.27 1 0
github.com/corvusHold/guard/sdk/go/api.gen.go:14132.89,14134.58 2 0
github.com/corvusHold/guard/sdk/go/api.gen.go:14134.58,14136.4 1 0
github.com/corvusHold/guard/sdk/go/api.gen.go:14137.3,14137.27 1 0
github.com/corvusHold/guard/sdk/go/api.gen.go:14139.89,14141.58 2 0
github.com/corvusHold/guard/sdk/go/api.gen.go:14141.58,14143.4 1 0
github.com/corvusHold/guard/sdk/go/api.gen.go:14144.3,14144.27 1 0
github.com/corvusHold/guard/sdk/go/api.gen.go:14146.89,14148.58 2 0
github.com/corvusHold/guard/sdk/go/api.gen.go:14148.58,14150.4 1 0
github.com/corvusHold/guard/sdk/go/api.gen.go:14151.3,14151.27 1 0
github.com/corvusHold/guard/sdk/go/api.gen.go:14155.2,14155.22 1 0
github.com/corvusHold/guard/sdk/go/api.gen.go:14159.117,14161.15 2 0
github.com/corvusHold/guard/sdk/go/api.gen.go:14161.15,14161.39 1 0
github.com/corvusHold/guard/sdk/go/api.gen.go:14162.2,14162.16 1 0
github.com/corvusHold/guard/sdk/go/api.gen.go:14162.16,14164.3 1 0
github.com/corvusHold/guard/sdk/go/api.gen.go:14166.2,14171.9 2 0
github.com/corvusHold/guard/sdk/go/api.gen.go:14172.89,14174.58 2 0
github.com/corvusHold/guard/sdk/go/api.gen.go:14174.58,14176.4 1 0
github.com/corvusHold/guard/sdk/go/api.gen.go:14177.3,14177.27 1 0
github.com/corvusHold/guard/sdk/go/api.gen.go:14179.89,14181.58 2 0
github.com/corvusHold/guard/sdk/go/api.gen.go:14181.58,14183.4 1 0
github.com/corvusHold/guard/sdk/go/api.gen.go:14184.3,14184.27 1 0
github.com/corvusHold/guard/sdk/go/api.gen.go:14186.89,14188.58 2 0
github.com/corvusHold/guard/sdk/go/api.gen.go:14188.58,14190.4 1 0
github.com/corvusHold/guard/sdk/go/api.gen.go:14191.3,14191.27 1 0
github.com/corvusHold/guard/sdk/go/api.gen.go:14193.89,14195.58 2 0
github.com/corvusHold/guard/sdk/go/api.gen.go:14195.58,14197.4 1 0
github.com/corvusHold/guard/sdk/go/api.gen.go:14198.3,14198.27 1 0
github.com/corvusHold/guard/sdk/go/api.gen.go:14200.89,14202.58 2 0
github.com/corvusHold/guard/sdk/go/api.gen.go:14202.58,14204.4 1 0
github.com/corvusHold/guard/sdk/go/api.gen.go:14205.3,14205.27 1 0
github.com/corvusHold/guard/sdk/go/api.gen.go:14209.2,14209.22 1 0
github.com/corvusHold/guard/sdk/go/api.gen.go:14213.125,14215.15 2 0
github.com/corvusHold/guard/sdk/go/api.gen.go:14215.15,14215.39 1 0
github.com/corvusHold/guard/sdk/go/api.gen.go:14216.2,14216.16 1 0
github.com/corvusHold/guard/sdk/go/api.gen.go:14216.16,14218.3 1 0
github.com/corvusHold/guard/sdk/go/api.gen.go:14220.2,14225.9 2 0
github.com/corvusHold/guard/sdk/go/api.gen.go:14226.89,14228.58 2 0
github.com/corvusHold/guard/sdk/go/api.gen.go:14228.58,14230.4 1 0
github.com/corvusHold/guard/sdk/go/api.gen.go:14231.3,14231.27 1 0
github.com/corvusHold/guard/sdk/go/api.gen.go:14233.89,14235.58 2 0
github.com/corvusHold/guard/sdk/go/api.gen.go:14235.58,14237.4 1 0
github.com/corvusHold/guard/sdk/go/api.gen.go:14238.3,14238.27 1 0
github.com/corvusHold/guard/sdk/go/api.gen.go:14240.89,14242.58 2 0
github.com/corvusHold/guard/sdk/go/api.gen.go:14242.58,14244.4 1 0
github.com/corvusHold/guard/sdk/go/api.gen.go:14245.3,14245.27 1 0
github.com/corvusHold/guard/sdk/go/api.gen.go:14247.89,14249.58 2 0
github.com/corvusHold/guard/sdk/go/api.gen.go:14249.58,14251.4 1 0
github.com/corvusHold/guard/sdk/go/api.gen.go:14252.3,14252.27 1 0
github.com/corvusHold/guard/sdk/go/api.gen.go:14256.2,14256.22 1 0
github.com/corvusHold/guard/sdk/go/api.gen.go:14260.133,14262.15 2 0
github.com/corvusHold/guard/sdk/go/api.gen.go:14262.15,14262.39 1 0
github.com/corvusHold/guard/sdk/go/api.gen.go:14263.2,14263.16 1 0
github.com/corvusHold/guard/sdk/go/api.gen.go:14263.16,14265.3 1 0
github.com/corvusHold/guard/sdk/go/api.gen.go:14267.2,14272.9 2 0
github.com/corvusHold/guard/sdk/go/api.gen.go:14273.89,14275.58 2 0
github.com/corvusHold/guard/sdk/go/api.gen.go:14275.58,14277.4 1 0
github.com/corvusHold/guard/sdk/go/api.gen.go:14278.3,14278.27 1 0
github.com/corvusHold/guard/sdk/go/api.gen.go:14280.89,14282.58 2 0
github.com/corvusHold/guard/sdk/go/api.gen.go:14282.58,14284.4 1 0
github.com/corvusHold/guard/sdk/go/api.gen.go:14285.3,14285.27 1 0
github.com/corvusHold/guard/sdk/go/api.gen.go:14287.89,14289.58 2 0
github.com/corvusHold/guard/sdk/go/api.gen.go:14289.58,14291.4 1 0
github.com/corvusHold/guard/sdk/go/api.gen.go:14292.3,14292.27 1 0
github.com/corvusHold/guard/sdk/go/api.gen.go:14294.89,14296.58 2 0
github.com/corvusHold/guard/sdk/go/api.gen.go:14296.58,14298.4 1 0
github.com/corvusHold/guard/sdk/go/api.gen.go:14299.3,14299.27 1 0
github.com/corvusHold/guard/sdk/go/api.gen.go:14303.2,14303.22 1 0
github.com/corvusHold/guard/sdk/go/api.gen.go:14307.117,14309.15 2 0
github.com/corvusHold/guard/sdk/go/api.gen.go:14309.15,14309.39 1 0
github.com/corvusHold/guard/sdk/go/api.gen.go:14310.2,14310.16 1 0
github.com/corvusHold/guard/sdk/go/api.gen.go:14310.16,14312.3 1 0
github.com/corvusHold/guard/sdk/go/api.gen.go:14314.2,14319.9 2 0
github.com/corvusHold/guard/sdk/go/api.gen.go:14320.89,14322.58 2 0
github.com/corvusHold/guard/sdk/go/api.gen.go:14322.58,14324.4 1 0
github.com/corvusHold/guard/sdk/go/api.gen.go:14325.3,14325.27 1 0
github.com/corvusHold/guard/sdk/go/api.gen.go:14329.2,14329.22 1 0
github.com/corvusHold/guard/sdk/go/api.gen.go:14333.119,14335.15 2 0
github.com/corvusHold/guard/sdk/go/api.gen.go:14335.15,14335.39 1 0
github.com/corvusHold/guard/sdk/go/api.gen.go:14336.2,14336.16 1 0
github.com/corvusHold/guard/sdk/go/api.gen.go:14336.16,14338.3 1 0
github.com/corvusHold/guard/sdk/go/api.gen.go:14340.2,14345.9 2 0
github.com/corvusHold/guard/sdk/go/api.gen.go:14346.89,14348.58 2 0
github.com/corvusHold/guard/sdk/go/api.gen.go:14348.58,14350.4 1 0
github.com/corvusHold/guard/sdk/go/api.gen.go:14351.3,14351.27 1 0
github.com/corvusHold/guard/sdk/go/api.gen.go:14353.89,14355.58 2 0
github.com/corvusHold/guard/sdk/go/api.gen.go:14355.58,14357.4 1 0
github.com/corvusHold/guard/sdk/go/api.gen.go:14358.3,14358.27 1 0
github.com/corvusHold/guard/sdk/go/api.gen.go:14362.2,14362.22 1 0
github.com/corvusHold/guard/sdk/go/api.gen.go:14366.127,14368.15 2 0
github.com/corvusHold/guard/sdk/go/api.gen.go:14368.15,14368.39 1 0
github.com/corvusHold/guard/sdk/go/api.gen.go:14369.2,14369.16 1 0
github.com/corvusHold/guard/sdk/go/api.gen.go:14369.16,14371.3 1 0
github.com/corvusHold/guard/sdk/go/api.gen.go:14373.2,14378.22 2 0
github.com/corvusHold/guard/sdk/go/api.gen.go:14382.121,14384.15 2 0
github.com/corvusHold/guard/sdk/go/api.gen.go:14384.15,14384.39 1 0
github.com/corvusHold/guard/sdk/go/api.gen.go:14385.2,14385.16 1 0
github.com/corvusHold/guard/sdk/go/api.gen.go:14385.16,14387.3 1 0
github.com/corvusHold/guard/sdk/go/api.gen.go:14389.2,14394.9 2 0
github.com/corvusHold/guard/sdk/go/api.gen.go:14395.89,14397.58 2 0
github.com/corvusHold/guard/sdk/go/api.gen.go:14397.58,14399.4 1 0
github.com/corvusHold/guard/sdk/go/api.gen.go:14400.3,14400.27 1 0
github.com/corvusHold/guard/sdk/go/api.gen.go:14402.89,14404.58 2 0
github.com/corvusHold/guard/sdk/go/api.gen.go:14404.58,14406.4 1 0
github.com/corvusHold/guard/sdk/go/api.gen.go:14407.3,14407.27 1 0
github.com/corvusHold/guard/sdk/go/api.gen.go:14411.2,14411.22 1 0
github.com/corvusHold/guard/sdk/go/api.gen.go:14415.125,14417.15 2 0
github.com/corvusHold/guard/sdk/go/api.gen.go:14417.15,14417.39 1 0
github.com/corvusHold/guard/sdk/go/api.gen.go:14418.2,14418.16 1 0
github.com/corvusHold/guard/sdk/go/api.gen.go:14418.16,14420.3 1 0
github.com/corvusHold/guard/sdk/go/api.gen.go:14422.2,14427.9 2 0
github.com/corvusHold/guard/sdk/go/api.gen.go:14428.89,14430.58 2 0
github.com/corvusHold/guard/sdk/go/api.gen.go:14430.58,14432.4 1 0
github.com/corvusHold/guard/sdk/go/api.gen.go:14433.3,14433.27 1 0
github.com/corvusHold/guard/sdk/go/api.gen.go:14435.89,14437.58 2 0
github.com/corvusHold/guard/sdk/go/api.gen.go:14437.58,14439.4 1 0
github.com/corvusHold/guard/sdk/go/api.gen.go:14440.3,14440.27 1 0
github.com/corvusHold/guard/sdk/go/api.gen.go:14444.2,14444.22 1 0
github.com/corvusHold/guard/sdk/go/api.gen.go:14448.127,14450.15 2 0
github.com/corvusHold/guard/sdk/go/api.gen.go:14450.15,14450.39 1 0
github.com/corvusHold/guard/sdk/go/api.gen.go:14451.2,14451.16 1 0
github.com/corvusHold/guard/sdk/go/api.gen.go:14451.16,14453.3 1 0
github.com/corvusHold/guard/sdk/go/api.gen.go:14455.2,14460.9 2 0
github.com/corvusHold/guard/sdk/go/api.gen.go:14461.89,14463.58 2 0
github.com/corvusHold/guard/sdk/go/api.gen.go:14463.58,14465.4 1 0
github.com/corvusHold/guard/sdk/go/api.gen.go:14466.3,14466.27 1 0
github.com/corvusHold/guard/sdk/go/api.gen.go:14470.2,14470.22 1 0
github.com/corvusHold/guard/sdk/go/api.gen.go:14474.119,14476.15 2 0
github.com/corvusHold/guard/sdk/go/api.gen.go:14476.15,14476.39 1 0
github.com/corvusHold/guard/sdk/go/api.gen.go:14477.2,14477.16 1 0
github.com/corvusHold/guard/sdk/go/api.gen.go:14477.16,14479.3 1 0
github.com/corvusHold/guard/sdk/go/api.gen.go:14481.2,14486.9 2 0
github.com/corvusHold/guard/sdk/go/api.gen.go:14487.89,14489.58 2 0
github.com/corvusHold/guard/sdk/go/api.gen.go:14489.58,14491.4 1 0
github.com/corvusHold/guard/sdk/go/api.gen.go:14492.3,14492.27 1 0
github.com/corvusHold/guard/sdk/go/api.gen.go:14496.2,14496.22 1 0
github.com/corvusHold/guard/sdk/go/api.gen.go:14500.123,14502.15 2 0
github.com/corvusHold/guard/sdk/go/api.gen.go:14502.15,14502.39 1 0
github.com/corvusHold/guard/sdk/go/api.gen.go:14503.2,14503.16 1 0
github.com/corvusHold/guard/sdk/go/api.gen.go:14503.16,14505.3 1 0
github.com/corvusHold/guard/sdk/go/api.gen.go:14507.2,14512.9 2 0
github.com/corvusHold/guard/sdk/go/api.gen.go:14513.89,14515.58 2 0
github.com/corvusHold/guard/sdk/go/api.gen.go:14515.58,14517.4 1 0
github.com/corvusHold/guard/sdk/go/api.gen.go:14518.3,14518.27 1 0
github.com/corvusHold/guard/sdk/go/api.gen.go:14522.2,14522.22 1 0
github.com/corvusHold/guard/sdk/go/api.gen.go:14526.131,14528.15 2 0
github.com/corvusHold/guard/sdk/go/api.gen.go:14528.15,14528.39 1 0
github.com/corvusHold/guard/sdk/go/api.gen.go:14529.2,14529.16 1 0
github.com/corvusHold/guard/sdk/go/api.gen.go:14529.16,14531.3 1 0
github.com/corvusHold/guard/sdk/go/api.gen.go:14533.2,14538.9 2 0
github.com/corvusHold/guard/sdk/go/api.gen.go:14539.89,14541.58 2 0
github.com/corvusHold/guard/sdk/go/api.gen.go:14541.58,14543.4 1 0
github.com/corvusHold/guard/sdk/go/api.gen.go:14544.3,14544.27 1 0
github.com/corvusHold/guard/sdk/go/api.gen.go:14548.2,14548.22 1 0
github.com/corvusHold/guard/sdk/go/api.gen.go:14552.123,14554.15 2 1
github.com/corvusHold/guard/sdk/go/api.gen.go:14554.15,14554.39 1 1
github.com/corvusHold/guard/sdk/go/api.gen.go:14555.2,14555.16 1 1
github.com/corvusHold/guard/sdk/go/api.gen.go:14555.16,14557.3 1 0
github.com/corvusHold/guard/sdk/go/api.gen.go:14559.2,14564.9 2 1
github.com/corvusHold/guard/sdk/go/api.gen.go:14565.89,14567.58 2 1
github.com/corvusHold/guard/sdk/go/api.gen.go:14567.58,14569.4 1 0
github.com/corvusHold/guard/sdk/go/api.gen.go:14570.3,14570.27 1 1
github.com/corvusHold/guard/sdk/go/api.gen.go:14572.89,14574.58 2 0
github.com/corvusHold/guard/sdk/go/api.gen.go:14574.58,14576.4 1 0
github.com/corvusHold/guard/sdk/go/api.gen.go:14577.3,14577.27 1 0
github.com/corvusHold/guard/sdk/go/api.gen.go:14579.89,14581.58 2 0
github.com/corvusHold/guard/sdk/go/api.gen.go:14581.58,14583.4 1 0
github.com/corvusHold/guard/sdk/go/api.gen.go:14584.3,14584.27 1 0
github.com/corvusHold/guard/sdk/go/api.gen.go:14588.2,14588.22 1 1
github.com/corvusHold/guard/sdk/go/api.gen.go:14592.111,14594.15 2 1
github.com/corvusHold/guard/sdk/go/api.gen.go:14594.15,14594.39 1 1
github.com/corvusHold/guard/sdk/go/api.gen.go:14595.2,14595.16 1 1
github.com/corvusHold/guard/sdk/go/api.gen.go:14595.16,14597.3 1 0
github.com/corvusHold/guard/sdk/go/api.gen.go:14599.2,14604.9 2 1
github.com/corvusHold/guard/sdk/go/api.gen.go:14605.89,14607.58 2 1
github.com/corvusHold/guard/sdk/go/api.gen.go:14607.58,14609.4 1 0
github.com/corvusHold/guard/sdk/go/api.gen.go:14610.3,14610.27 1 1
github.com/corvusHold/guard/sdk/go/api.gen.go:14612.89,14614.58 2 0
github.com/corvusHold/guard/sdk/go/api.gen.go:14614.58,14616.4 1 0
github.com/corvusHold/guard/sdk/go/api.gen.go:14617.3,14617.27 1 0
github.com/corvusHold/guard/sdk/go/api.gen.go:14619.89,14621.58 2 0
github.com/corvusHold/guard/sdk/go/api.gen.go:14621.58,14623.4 1 0
github.com/corvusHold/guard/sdk/go/api.gen.go:14624.3,14624.27 1 0
github.com/corvusHold/guard/sdk/go/api.gen.go:14626.89,14628.58 2 0
github.com/corvusHold/guard/sdk/go/api.gen.go:14628.58,14630.4 1 0
github.com/corvusHold/guard/sdk/go/api.gen.go:14631.3,14631.27 1 0
github.com/corvusHold/guard/sdk/go/api.gen.go:14635.2,14635.22 1 1
github.com/corvusHold/guard/sdk/go/api.gen.go:14639.113,14641.15 2 1
github.com/corvusHold/guard/sdk/go/api.gen.go:14641.15,14641.39 1 1
github.com/corvusHold/guard/sdk/go/api.gen.go:14642.2,14642.16 1 1
github.com/corvusHold/guard/sdk/go/api.gen.go:14642.16,14644.3 1 0
github.com/corvusHold/guard/sdk/go/api.gen.go:14646.2,14651.9 2 1
github.com/corvusHold/guard/sdk/go/api.gen.go:14652.89,14654.58 2 1
github.com/corvusHold/guard/sdk/go/api.gen.go:14654.58,14656.4 1 0
github.com/corvusHold/guard/sdk/go/api.gen.go:14657.3,14657.27 1 1
github.com/corvusHold/guard/sdk/go/api.gen.go:14659.89,14661.58 2 0
github.com/corvusHold/guard/sdk/go/api.gen.go:14661.58,14663.4 1 0
github.com/corvusHold/guard/sdk/go/api.gen.go:14664.3,14664.27 1 0
github.com/corvusHold/guard/sdk/go/api.gen.go:14666.89,14668.58 2 0
github.com/corvusHold/guard/sdk/go/api.gen.go:14668.58,14670.4 1 0
github.com/corvusHold/guard/sdk/go/api.gen.go:14671.3,14671.27 1 0
github.com/corvusHold/guard/sdk/go/api.gen.go:14673.89,14675.58 2 0
github.com/corvusHold/guard/sdk/go/api.gen.go:14675.58,14677.4 1 0
github.com/corvusHold/guard/sdk/go/api.gen.go:14678.3,14678.27 1 0
github.com/corvusHold/guard/sdk/go/api.gen.go:14682.2,14682.22 1 1
github.com/corvusHold/guard/sdk/go/api.gen.go:14686.121,14688.15 2 1
github.com/corvusHold/guard/sdk/go/api.gen.go:14688.15,14688.39 1 1
github.com/corvusHold/guard/sdk/go/api.gen.go:14689.2,14689.16 1 1
github.com/corvusHold/guard/sdk/go/api.gen.go:14689.16,14691.3 1 0
github.com/corvusHold/guard/sdk/go/api.gen.go:14693.2,14698.22 2 1
github.com/corvusHold/guard/sdk/go/api.gen.go:14702.119,14704.15 2 1
github.com/corvusHold/guard/sdk/go/api.gen.go:14704.15,14704.39 1 1
github.com/corvusHold/guard/sdk/go/api.gen.go:14705.2,14705.16 1 1
github.com/corvusHold/guard/sdk/go/api.gen.go:14705.16,14707.3 1 0
github.com/corvusHold/guard/sdk/go/api.gen.go:14709.2,14714.9 2 1
github.com/corvusHold/guard/sdk/go/api.gen.go:14715.89,14717.58 2 0
github.com/corvusHold/guard/sdk/go/api.gen.go:14717.58,14719.4 1 0
github.com/corvusHold/guard/sdk/go/api.gen.go:14720.3,14720.27 1 0
github.com/corvusHold/guard/sdk/go/api.gen.go:14722.89,14724.58 2 0
github.com/corvusHold/guard/sdk/go/api.gen.go:14724.58,14726.4 1 0
github.com/corvusHold/guard/sdk/go/api.gen.go:14727.3,14727.27 1 0
github.com/corvusHold/guard/sdk/go/api.gen.go:14729.89,14731.58 2 0
github.com/corvusHold/guard/sdk/go/api.gen.go:14731.58,14733.4 1 0
github.com/corvusHold/guard/sdk/go/api.gen.go:14734.3,14734.27 1 0
github.com/corvusHold/guard/sdk/go/api.gen.go:14736.89,14738.58 2 0
github.com/corvusHold/guard/sdk/go/api.gen.go:14738.58,14740.4 1 0
github.com/corvusHold/guard/sdk/go/api.gen.go:14741.3,14741.27 1 0
github.com/corvusHold/guard/sdk/go/api.gen.go:14745.2,14745.22 1 1
github.com/corvusHold/guard/sdk/go/api.gen.go:14749.143,14751.15 2 1
github.com/corvusHold/guard/sdk/go/api.gen.go:14751.15,14751.39 1 1
github.com/corvusHold/guard/sdk/go/api.gen.go:14752.2,14752.16 1 1
github.com/corvusHold/guard/sdk/go/api.gen.go:14752.16,14754.3 1 0
github.com/corvusHold/guard/sdk/go/api.gen.go:14756.2,14761.22 2 1
github.com/corvusHold/guard/sdk/go/api.gen.go:14765.139,14767.15 2 1
github.com/corvusHold/guard/sdk/go/api.gen.go:14767.15,14767.39 1 1
github.com/corvusHold/guard/sdk/go/api.gen.go:14768.2,14768.16 1 1
github.com/corvusHold/guard/sdk/go/api.gen.go:14768.16,14770.3 1 0
github.com/corvusHold/guard/sdk/go/api.gen.go:14772.2,14777.22 2 1
github.com/corvusHold/guard/sdk/go/api.gen.go:14781.151,14783.15 2 1
github.com/corvusHold/guard/sdk/go/api.gen.go:14783.15,14783.39 1 1
github.com/corvusHold/guard/sdk/go/api.gen.go:14784.2,14784.16 1 1
github.com/corvusHold/guard/sdk/go/api.gen.go:14784.16,14786.3 1 0
github.com/corvusHold/guard/sdk/go/api.gen.go:14788.2,14793.9 2 1
github.com/corvusHold/guard/sdk/go/api.gen.go:14794.89,14796.58 2 1
github.com/corvusHold/guard/sdk/go/api.gen.go:14796.58,14798.4 1 0
github.com/corvusHold/guard/sdk/go/api.gen.go:14799.3,14799.27 1 1
github.com/corvusHold/guard/sdk/go/api.gen.go:14801.89,14803.58 2 0
github.com/corvusHold/guard/sdk/go/api.gen.go:14803.58,14805.4 1 0
github.com/corvusHold/guard/sdk/go/api.gen.go:14806.3,14806.27 1 0
github.com/corvusHold/guard/sdk/go/api.gen.go:14808.89,14810.58 2 0
github.com/corvusHold/guard/sdk/go/api.gen.go:14810.58,14812.4 1 0
github.com/corvusHold/guard/sdk/go/api.gen.go:14813.3,14813.27 1 0
github.com/corvusHold/guard/sdk/go/api.gen.go:14815.89,14817.58 2 0
github.com/corvusHold/guard/sdk/go/api.gen.go:14817.58,14819.4 1 0
github.com/corvusHold/guard/sdk/go/api.gen.go:14820.3,14820.27 1 0
github.com/corvusHold/guard/sdk/go/api.gen.go:14824.2,14824.22 1 1
github.com/corvusHold/guard/sdk/go/api.gen.go:14828.131,14830.15 2 2
github.com/corvusHold/guard/sdk/go/api.gen.go:14830.15,14830.39 1 2
github.com/corvusHold/guard/sdk/go/api.gen.go:14831.2,14831.16 1 2
github.com/corvusHold/guard/sdk/go/api.gen.go:14831.16,14833.3 1 0
github.com/corvusHold/guard/sdk/go/api.gen.go:14835.2,14840.22 2 2
github.com/corvusHold/guard/sdk/go/api.gen.go:14844.125,14846.15 2 2
github.com/corvusHold/guard/sdk/go/api.gen.go:14846.15,14846.39 1 2
github.com/corvusHold/guard/sdk/go/api.gen.go:14847.2,14847.16 1 2
github.com/corvusHold/guard/sdk/go/api.gen.go:14847.16,14849.3 1 0
github.com/corvusHold/guard/sdk/go/api.gen.go:14851.2,14856.9 2 2
github.com/corvusHold/guard/sdk/go/api.gen.go:14857.89,14859.58 2 2
github.com/corvusHold/guard/sdk/go/api.gen.go:14859.58,14861.4 1 0
github.com/corvusHold/guard/sdk/go/api.gen.go:14862.3,14862.27 1 2
github.com/corvusHold/guard/sdk/go/api.gen.go:14864.89,14866.58 2 0
github.com/corvusHold/guard/sdk/go/api.gen.go:14866.58,14868.4 1 0
github.com/corvusHold/guard/sdk/go/api.gen.go:14869.3,14869.27 1 0
github.com/corvusHold/guard/sdk/go/api.gen.go:14871.89,14873.58 2 0
github.com/corvusHold/guard/sdk/go/api.gen.go:14873.58,14875.4 1 0
github.com/corvusHold/guard/sdk/go/api.gen.go:14876.3,14876.27 1 0
github.com/corvusHold/guard/sdk/go/api.gen.go:14878.89,14880.58 2 0
github.com/corvusHold/guard/sdk/go/api.gen.go:14880.58,14882.4 1 0
github.com/corvusHold/guard/sdk/go/api.gen.go:14883.3,14883.27 1 0
github.com/corvusHold/guard/sdk/go/api.gen.go:14887.2,14887.22 1 2
github.com/corvusHold/guard/sdk/go/api.gen.go:14891.127,14893.15 2 4
github.com/corvusHold/guard/sdk/go/api.gen.go:14893.15,14893.39 1 4
github.com/corvusHold/guard/sdk/go/api.gen.go:14894.2,14894.16 1 4
github.com/corvusHold/guard/sdk/go/api.gen.go:14894.16,14896.3 1 0
github.com/corvusHold/guard/sdk/go/api.gen.go:14898.2,14903.22 2 4
github.com/corvusHold/guard/sdk/go/api.gen.go:14907.103,14909.15 2 1
github.com/corvusHold/guard/sdk/go/api.gen.go:14909.15,14909.39 1 1
github.com/corvusHold/guard/sdk/go/api.gen.go:14910.2,14910.16 1 1
github.com/corvusHold/guard/sdk/go/api.gen.go:14910.16,14912.3 1 0
github.com/corvusHold/guard/sdk/go/api.gen.go:14914.2,14919.9 2 1
github.com/corvusHold/guard/sdk/go/api.gen.go:14920.89,14922.58 2 1
github.com/corvusHold/guard/sdk/go/api.gen.go:14922.58,14924.4 1 0
github.com/corvusHold/guard/sdk/go/api.gen.go:14925.3,14925.27 1 1
github.com/corvusHold/guard/sdk/go/api.gen.go:14927.89,14929.58 2 0
github.com/corvusHold/guard/sdk/go/api.gen.go:14929.58,14931.4 1 0
github.com/corvusHold/guard/sdk/go/api.gen.go:14932.3,14932.27 1 0
github.com/corvusHold/guard/sdk/go/api.gen.go:14934.89,14936.58 2 0
github.com/corvusHold/guard/sdk/go/api.gen.go:14936.58,14938.4 1 0
github.com/corvusHold/guard/sdk/go/api.gen.go:14939.3,14939.27 1 0
github.com/corvusHold/guard/sdk/go/api.gen.go:14941.89,14943.58 2 0
github.com/corvusHold/guard/sdk/go/api.gen.go:14943.58,14945.4 1 0
github.com/corvusHold/guard/sdk/go/api.gen.go:14946.3,14946.27 1 0
github.com/corvusHold/guard/sdk/go/api.gen.go:14948.89,14950.58 2 0
github.com/corvusHold/guard/sdk/go/api.gen.go:14950.58,14952.4 1 0
github.com/corvusHold/guard/sdk/go/api.gen.go:14953.3,14953.27 1 0
github.com/corvusHold/guard/sdk/go/api.gen.go:14957.2,14957.22 1 1
github.com/corvusHold/guard/sdk/go/api.gen.go:14961.105,14963.15 2 0
github.com/corvusHold/guard/sdk/go/api.gen.go:14963.15,14963.39 1 0
github.com/corvusHold/guard/sdk/go/api.gen.go:14964.2,14964.16 1 0
github.com/corvusHold/guard/sdk/go/api.gen.go:14964.16,14966.3 1 0
github.com/corvusHold/guard/sdk/go/api.gen.go:14968.2,14973.9 2 0
github.com/corvusHold/guard/sdk/go/api.gen.go:14974.89,14976.58 2 0
github.com/corvusHold/guard/sdk/go/api.gen.go:14976.58,14978.4 1 0
github.com/corvusHold/guard/sdk/go/api.gen.go:14979.3,14979.27 1 0
github.com/corvusHold/guard/sdk/go/api.gen.go:14981.89,14983.58 2 0
github.com/corvusHold/guard/sdk/go/api.gen.go:14983.58,14985.4 1 0
github.com/corvusHold/guard/sdk/go/api.gen.go:14986.3,14986.27 1 0
github.com/corvusHold/guard/sdk/go/api.gen.go:14988.89,14990.58 2 0
github.com/corvusHold/guard/sdk/go/api.gen.go:14990.58,14992.4 1 0
github.com/corvusHold/guard/sdk/go/api.gen.go:14993.3,14993.27 1 0
github.com/corvusHold/guard/sdk/go/api.gen.go:14995.89,14997.58 2 0
github.com/corvusHold/guard/sdk/go/api.gen.go:14997.58,14999.4 1 0
github.com/corvusHold/guard/sdk/go/api.gen.go:15000.3,15000.27 1 0
github.com/corvusHold/guard/sdk/go/api.gen.go:15002.89,15004.58 2 0
github.com/corvusHold/guard/sdk/go/api.gen.go:15004.58,15006.4 1 0
github.com/corvusHold/guard/sdk/go/api.gen.go:15007.3,15007.27 1 0
github.com/corvusHold/guard/sdk/go/api.gen.go:15011.2,15011.22 1 0
github.com/corvusHold/guard/sdk/go/api.gen.go:15015.111,15017.15 2 1
github.com/corvusHold/guard/sdk/go/api.gen.go:15017.15,15017.39 1 1
github.com/corvusHold/guard/sdk/go/api.gen.go:15018.2,15018.16 1 1
github.com/corvusHold/guard/sdk/go/api.gen.go:15018.16,15020.3 1 0
github.com/corvusHold/guard/sdk/go/api.gen.go:15022.2,15027.22 2 1
github.com/corvusHold/guard/sdk/go/api.gen.go:15031.119,15033.15 2 1
github.com/corvusHold/guard/sdk/go/api.gen.go:15033.15,15033.39 1 1
github.com/corvusHold/guard/sdk/go/api.gen.go:15034.2,15034.16 1 1
github.com/corvusHold/guard/sdk/go/api.gen.go:15034.16,15036.3 1 0
github.com/corvusHold/guard/sdk/go/api.gen.go:15038.2,15043.22 2 1
github.com/corvusHold/guard/sdk/go/api.gen.go:15047.119,15049.15 2 0
github.com/corvusHold/guard/sdk/go/api.gen.go:15049.15,15049.39 1 0
github.com/corvusHold/guard/sdk/go/api.gen.go:15050.2,15050.16 1 0
github.com/corvusHold/guard/sdk/go/api.gen.go:15050.16,15052.3 1 0
github.com/corvusHold/guard/sdk/go/api.gen.go:15054.2,15059.22 2 0
github.com/corvusHold/guard/sdk/go/api.gen.go:15063.123,15065.15 2 1
github.com/corvusHold/guard/sdk/go/api.gen.go:15065.15,15065.39 1 1
github.com/corvusHold/guard/sdk/go/api.gen.go:15066.2,15066.16 1 1
github.com/corvusHold/guard/sdk/go/api.gen.go:15066.16,15068.3 1 0
github.com/corvusHold/guard/sdk/go/api.gen.go:15070.2,15075.22 2 1
github.com/corvusHold/guard/sdk/go/api.gen.go:15079.135,15081.15 2 0
github.com/corvusHold/guard/sdk/go/api.gen.go:15081.15,15081.39 1 0
github.com/corvusHold/guard/sdk/go/api.gen.go:15082.2,15082.16 1 0
github.com/corvusHold/guard/sdk/go/api.gen.go:15082.16,15084.3 1 0
github.com/corvusHold/guard/sdk/go/api.gen.go:15086.2,15091.22 2 0
github.com/corvusHold/guard/sdk/go/api.gen.go:15095.131,15097.15 2 0
github.com/corvusHold/guard/sdk/go/api.gen.go:15097.15,15097.39 1 0
github.com/corvusHold/guard/sdk/go/api.gen.go:15098.2,15098.16 1 0
github.com/corvusHold/guard/sdk/go/api.gen.go:15098.16,15100.3 1 0
github.com/corvusHold/guard/sdk/go/api.gen.go:15102.2,15107.22 2 0
github.com/corvusHold/guard/sdk/go/api.gen.go:15111.103,15113.15 2 1
github.com/corvusHold/guard/sdk/go/api.gen.go:15113.15,15113.39 1 1
github.com/corvusHold/guard/sdk/go/api.gen.go:15114.2,15114.16 1 1
github.com/corvusHold/guard/sdk/go/api.gen.go:15114.16,15116.3 1 0
github.com/corvusHold/guard/sdk/go/api.gen.go:15118.2,15123.9 2 1
github.com/corvusHold/guard/sdk/go/api.gen.go:15124.89,15126.58 2 1
github.com/corvusHold/guard/sdk/go/api.gen.go:15126.58,15128.4 1 0
github.com/corvusHold/guard/sdk/go/api.gen.go:15129.3,15129.27 1 1
github.com/corvusHold/guard/sdk/go/api.gen.go:15131.89,15133.58 2 0
github.com/corvusHold/guard/sdk/go/api.gen.go:15133.58,15135.4 1 0
github.com/corvusHold/guard/sdk/go/api.gen.go:15136.3,15136.27 1 0
github.com/corvusHold/guard/sdk/go/api.gen.go:15138.89,15140.58 2 0
github.com/corvusHold/guard/sdk/go/api.gen.go:15140.58,15142.4 1 0
github.com/corvusHold/guard/sdk/go/api.gen.go:15143.3,15143.27 1 0
github.com/corvusHold/guard/sdk/go/api.gen.go:15147.2,15147.22 1 1
github.com/corvusHold/guard/sdk/go/api.gen.go:15151.111,15153.15 2 0
github.com/corvusHold/guard/sdk/go/api.gen.go:15153.15,15153.39 1 0
github.com/corvusHold/guard/sdk/go/api.gen.go:15154.2,15154.16 1 0
github.com/corvusHold/guard/sdk/go/api.gen.go:15154.16,15156.3 1 0
github.com/corvusHold/guard/sdk/go/api.gen.go:15158.2,15163.9 2 0
github.com/corvusHold/guard/sdk/go/api.gen.go:15164.89,15166.58 2 0
github.com/corvusHold/guard/sdk/go/api.gen.go:15166.58,15168.4 1 0
github.com/corvusHold/guard/sdk/go/api.gen.go:15169.3,15169.27 1 0
github.com/corvusHold/guard/sdk/go/api.gen.go:15171.89,15173.58 2 0
github.com/corvusHold/guard/sdk/go/api.gen.go:15173.58,15175.4 1 0
github.com/corvusHold/guard/sdk/go/api.gen.go:15176.3,15176.27 1 0
github.com/corvusHold/guard/sdk/go/api.gen.go:15178.89,15180.58 2 0
github.com/corvusHold/guard/sdk/go/api.gen.go:15180.58,15182.4 1 0
github.com/corvusHold/guard/sdk/go/api.gen.go:15183.3,15183.27 1 0
github.com/corvusHold/guard/sdk/go/api.gen.go:15187.2,15187.22 1 0
github.com/corvusHold/guard/sdk/go/api.gen.go:15191.105,15193.15 2 1
github.com/corvusHold/guard/sdk/go/api.gen.go:15193.15,15193.39 1 1
github.com/corvusHold/guard/sdk/go/api.gen.go:15194.2,15194.16 1 1
github.com/corvusHold/guard/sdk/go/api.gen.go:15194.16,15196.3 1 0
github.com/corvusHold/guard/sdk/go/api.gen.go:15198.2,15203.9 2 1
github.com/corvusHold/guard/sdk/go/api.gen.go:15204.89,15206.58 2 1
github.com/corvusHold/guard/sdk/go/api.gen.go:15206.58,15208.4 1 0
github.com/corvusHold/guard/sdk/go/api.gen.go:15209.3,15209.27 1 1
github.com/corvusHold/guard/sdk/go/api.gen.go:15211.89,15213.58 2 0
github.com/corvusHold/guard/sdk/go/api.gen.go:15213.58,15215.4 1 0
github.com/corvusHold/guard/sdk/go/api.gen.go:15216.3,15216.27 1 0
github.com/corvusHold/guard/sdk/go/api.gen.go:15218.89,15220.58 2 0
github.com/corvusHold/guard/sdk/go/api.gen.go:15220.58,15222.4 1 0
github.com/corvusHold/guard/sdk/go/api.gen.go:15223.3,15223.27 1 0
github.com/corvusHold/guard/sdk/go/api.gen.go:15225.89,15227.58 2 0
github.com/corvusHold/guard/sdk/go/api.gen.go:15227.58,15229.4 1 0
github.com/corvusHold/guard/sdk/go/api.gen.go:15230.3,15230.27 1 0
github.com/corvusHold/guard/sdk/go/api.gen.go:15234.2,15234.22 1 1
github.com/corvusHold/guard/sdk/go/api.gen.go:15238.105,15240.15 2 0
github.com/corvusHold/guard/sdk/go/api.gen.go:15240.15,15240.39 1 0
github.com/corvusHold/guard/sdk/go/api.gen.go:15241.2,15241.16 1 0
github.com/corvusHold/guard/sdk/go/api.gen.go:15241.16,15243.3 1 0
github.com/corvusHold/guard/sdk/go/api.gen.go:15245.2,15250.9 2 0
github.com/corvusHold/guard/sdk/go/api.gen.go:15251.89,15253.58 2 0
github.com/corvusHold/guard/sdk/go/api.gen.go:15253.58,15255.4 1 0
github.com/corvusHold/guard/sdk/go/api.gen.go:15256.3,15256.27 1 0
github.com/corvusHold/guard/sdk/go/api.gen.go:15258.89,15260.58 2 0
github.com/corvusHold/guard/sdk/go/api.gen.go:15260.58,15262.4 1 0
github.com/corvusHold/guard/sdk/go/api.gen.go:15263.3,15263.27 1 0
github.com/corvusHold/guard/sdk/go/api.gen.go:15267.2,15267.22 1 0
github.com/corvusHold/guard/sdk/go/api.gen.go:15271.119,15273.15 2 0
github.com/corvusHold/guard/sdk/go/api.gen.go:15273.15,15273.39 1 0
github.com/corvusHold/guard/sdk/go/api.gen.go:15274.2,15274.16 1 0
github.com/corvusHold/guard/sdk/go/api.gen.go:15274.16,15276.3 1 0
github.com/corvusHold/guard/sdk/go/api.gen.go:15278.2,15283.9 2 0
github.com/corvusHold/guard/sdk/go/api.gen.go:15284.89,15286.58 2 0
github.com/corvusHold/guard/sdk/go/api.gen.go:15286.58,15288.4 1 0
github.com/corvusHold/guard/sdk/go/api.gen.go:15289.3,15289.27 1 0
github.com/corvusHold/guard/sdk/go/api.gen.go:15291.89,15293.58 2 0
github.com/corvusHold/guard/sdk/go/api.gen.go:15293.58,15295.4 1 0
github.com/corvusHold/guard/sdk/go/api.gen.go:15296.3,15296.27 1 0
github.com/corvusHold/guard/sdk/go/api.gen.go:15298.89,15300.58 2 0
github.com/corvusHold/guard/sdk/go/api.gen.go:15300.58,15302.4 1 0
github.com/corvusHold/guard/sdk/go/api.gen.go:15303.3,15303.27 1 0
github.com/corvusHold/guard/sdk/go/api.gen.go:15307.2,15307.22 1 0
github.com/corvusHold/guard/sdk/go/api.gen.go:15311.107,15313.15 2 1
github.com/corvusHold/guard/sdk/go/api.gen.go:15313.15,15313.39 1 1
github.com/corvusHold/guard/sdk/go/api.gen.go:15314.2,15314.16 1 1
github.com/corvusHold/guard/sdk/go/api.gen.go:15314.16,15316.3 1 0
github.com/corvusHold/guard/sdk/go/api.gen.go:15318.2,15323.9 2 1
github.com/corvusHold/guard/sdk/go/api.gen.go:15324.89,15326.58 2 1
github.com/corvusHold/guard/sdk/go/api.gen.go:15326.58,15328.4 1 0
github.com/corvusHold/guard/sdk/go/api.gen.go:15329.3,15329.27 1 1
github.com/corvusHold/guard/sdk/go/api.gen.go:15331.89,15333.58 2 0
github.com/corvusHold/guard/sdk/go/api.gen.go:15333.58,15335.4 1 0
github.com/corvusHold/guard/sdk/go/api.gen.go:15336.3,15336.27 1 0
github.com/corvusHold/guard/sdk/go/api.gen.go:15338.89,15340.58 2 0
github.com/corvusHold/guard/sdk/go/api.gen.go:15340.58,15342.4 1 0
github.com/corvusHold/guard/sdk/go/api.gen.go:15343.3,15343.27 1 0
github.com/corvusHold/guard/sdk/go/api.gen.go:15347.2,15347.22 1 1
github.com/corvusHold/guard/sdk/go/api.gen.go:15351.97,15353.15 2 1
github.com/corvusHold/guard/sdk/go/api.gen.go:15353.15,15353.39 1 1
github.com/corvusHold/guard/sdk/go/api.gen.go:15354.2,15354.16 1 1
github.com/corvusHold/guard/sdk/go/api.gen.go:15354.16,15356.3 1 0
github.com/corvusHold/guard/sdk/go/api.gen.go:15358.2,15363.22 2 1
github.com/corvusHold/guard/sdk/go/api.gen.go:15367.103,15369.15 2 2
github.com/corvusHold/guard/sdk/go/api.gen.go:15369.15,15369.39 1 2
github.com/corvusHold/guard/sdk/go/api.gen.go:15370.2,15370.16 1 2
github.com/corvusHold/guard/sdk/go/api.gen.go:15370.16,15372.3 1 0
github.com/corvusHold/guard/sdk/go/api.gen.go:15374.2,15379.22 2 2
github.com/corvusHold/guard/sdk/go/api.gen.go:15383.105,15385.15 2 0
github.com/corvusHold/guard/sdk/go/api.gen.go:15385.15,15385.39 1 0
github.com/corvusHold/guard/sdk/go/api.gen.go:15386.2,15386.16 1 0
github.com/corvusHold/guard/sdk/go/api.gen.go:15386.16,15388.3 1 0
github.com/corvusHold/guard/sdk/go/api.gen.go:15390.2,15395.9 2 0
github.com/corvusHold/guard/sdk/go/api.gen.go:15396.89,15398.58 2 0
github.com/corvusHold/guard/sdk/go/api.gen.go:15398.58,15400.4 1 0
github.com/corvusHold/guard/sdk/go/api.gen.go:15401.3,15401.27 1 0
github.com/corvusHold/guard/sdk/go/api.gen.go:15403.89,15405.58 2 0
github.com/corvusHold/guard/sdk/go/api.gen.go:15405.58,15407.4 1 0
github.com/corvusHold/guard/sdk/go/api.gen.go:15408.3,15408.27 1 0
github.com/corvusHold/guard/sdk/go/api.gen.go:15410.89,15412.58 2 0
github.com/corvusHold/guard/sdk/go/api.gen.go:15412.58,15414.4 1 0
github.com/corvusHold/guard/sdk/go/api.gen.go:15415.3,15415.27 1 0
github.com/corvusHold/guard/sdk/go/api.gen.go:15417.89,15419.58 2 0
github.com/corvusHold/guard/sdk/go/api.gen.go:15419.58,15421.4 1 0
github.com/corvusHold/guard/sdk/go/api.gen.go:15422.3,15422.27 1 0
github.com/corvusHold/guard/sdk/go/api.gen.go:15426.2,15426.22 1 0
github.com/corvusHold/guard/sdk/go/api.gen.go:15430.107,15432.15 2 2
github.com/corvusHold/guard/sdk/go/api.gen.go:15432.15,15432.39 1 2
github.com/corvusHold/guard/sdk/go/api.gen.go:15433.2,15433.16 1 2
github.com/corvusHold/guard/sdk/go/api.gen.go:15433.16,15435.3 1 0
github.com/corvusHold/guard/sdk/go/api.gen.go:15437.2,15442.9 2 2
github.com/corvusHold/guard/sdk/go/api.gen.go:15443.89,15445.58 2 1
github.com/corvusHold/guard/sdk/go/api.gen.go:15445.58,15447.4 1 0
github.com/corvusHold/guard/sdk/go/api.gen.go:15448.3,15448.27 1 1
github.com/corvusHold/guard/sdk/go/api.gen.go:15450.89,15452.58 2 0
github.com/corvusHold/guard/sdk/go/api.gen.go:15452.58,15454.4 1 0
github.com/corvusHold/guard/sdk/go/api.gen.go:15455.3,15455.27 1 0
github.com/corvusHold/guard/sdk/go/api.gen.go:15457.89,15459.58 2 0
github.com/corvusHold/guard/sdk/go/api.gen.go:15459.58,15461.4 1 0
github.com/corvusHold/guard/sdk/go/api.gen.go:15462.3,15462.27 1 0
github.com/corvusHold/guard/sdk/go/api.gen.go:15464.89,15466.58 2 0
github.com/corvusHold/guard/sdk/go/api.gen.go:15466.58,15468.4 1 0
github.com/corvusHold/guard/sdk/go/api.gen.go:15469.3,15469.27 1 0
github.com/corvusHold/guard/sdk/go/api.gen.go:15473.2,15473.22 1 2
github.com/corvusHold/guard/sdk/go/api.gen.go:15477.87,15479.15 2 4
github.com/corvusHold/guard/sdk/go/api.gen.go:15479.15,15479.39 1 4
github.com/corvusHold/guard/sdk/go/api.gen.go:15480.2,15480.16 1 4
github.com/corvusHold/guard/sdk/go/api.gen.go:15480.16,15482.3 1 0
github.com/corvusHold/guard/sdk/go/api.gen.go:15484.2,15489.9 2 4
github.com/corvusHold/guard/sdk/go/api.gen.go:15490.89,15492.58 2 4
github.com/corvusHold/guard/sdk/go/api.gen.go:15492.58,15494.4 1 0
github.com/corvusHold/guard/sdk/go/api.gen.go:15495.3,15495.27 1 4
github.com/corvusHold/guard/sdk/go/api.gen.go:15497.89,15499.58 2 0
github.com/corvusHold/guard/sdk/go/api.gen.go:15499.58,15501.4 1 0
github.com/corvusHold/guard/sdk/go/api.gen.go:15502.3,15502.27 1 0
github.com/corvusHold/guard/sdk/go/api.gen.go:15504.89,15506.58 2 0
github.com/corvusHold/guard/sdk/go/api.gen.go:15506.58,15508.4 1 0
github.com/corvusHold/guard/sdk/go/api.gen.go:15509.3,15509.27 1 0
github.com/corvusHold/guard/sdk/go/api.gen.go:15513.2,15513.22 1 4
github.com/corvusHold/guard/sdk/go/api.gen.go:15517.117,15519.15 2 1
github.com/corvusHold/guard/sdk/go/api.gen.go:15519.15,15519.39 1 1
github.com/corvusHold/guard/sdk/go/api.gen.go:15520.2,15520.16 1 1
github.com/corvusHold/guard/sdk/go/api.gen.go:15520.16,15522.3 1 0
github.com/corvusHold/guard/sdk/go/api.gen.go:15524.2,15529.9 2 1
github.com/corvusHold/guard/sdk/go/api.gen.go:15530.89,15532.58 2 1
github.com/corvusHold/guard/sdk/go/api.gen.go:15532.58,15534.4 1 0
github.com/corvusHold/guard/sdk/go/api.gen.go:15535.3,15535.27 1 1
github.com/corvusHold/guard/sdk/go/api.gen.go:15537.89,15539.58 2 0
github.com/corvusHold/guard/sdk/go/api.gen.go:15539.58,15541.4 1 0
github.com/corvusHold/guard/sdk/go/api.gen.go:15542.3,15542.27 1 0
github.com/corvusHold/guard/sdk/go/api.gen.go:15544.89,15546.58 2 0
github.com/corvusHold/guard/sdk/go/api.gen.go:15546.58,15548.4 1 0
github.com/corvusHold/guard/sdk/go/api.gen.go:15549.3,15549.27 1 0
github.com/corvusHold/guard/sdk/go/api.gen.go:15551.89,15553.58 2 0
github.com/corvusHold/guard/sdk/go/api.gen.go:15553.58,15555.4 1 0
github.com/corvusHold/guard/sdk/go/api.gen.go:15556.3,15556.27 1 0
github.com/corvusHold/guard/sdk/go/api.gen.go:15560.2,15560.22 1 1
github.com/corvusHold/guard/sdk/go/api.gen.go:15564.111,15566.15 2 2
github.com/corvusHold/guard/sdk/go/api.gen.go:15566.15,15566.39 1 2
github.com/corvusHold/guard/sdk/go/api.gen.go:15567.2,15567.16 1 2
github.com/corvusHold/guard/sdk/go/api.gen.go:15567.16,15569.3 1 0
github.com/corvusHold/guard/sdk/go/api.gen.go:15571.2,15576.9 2 2
github.com/corvusHold/guard/sdk/go/api.gen.go:15577.89,15579.58 2 1
github.com/corvusHold/guard/sdk/go/api.gen.go:15579.58,15581.4 1 0
github.com/corvusHold/guard/sdk/go/api.gen.go:15582.3,15582.27 1 1
github.com/corvusHold/guard/sdk/go/api.gen.go:15584.89,15586.58 2 0
github.com/corvusHold/guard/sdk/go/api.gen.go:15586.58,15588.4 1 0
github.com/corvusHold/guard/sdk/go/api.gen.go:15589.3,15589.27 1 0
github.com/corvusHold/guard/sdk/go/api.gen.go:15591.89,15593.58 2 0
github.com/corvusHold/guard/sdk/go/api.gen.go:15593.58,15595.4 1 0
github.com/corvusHold/guard/sdk/go/api.gen.go:15596.3,15596.27 1 0
github.com/corvusHold/guard/sdk/go/api.gen.go:15600.2,15600.22 1 2
github.com/corvusHold/guard/sdk/go/api.gen.go:15604.119,15606.15 2 1
github.com/corvusHold/guard/sdk/go/api.gen.go:15606.15,15606.39 1 1
github.com/corvusHold/guard/sdk/go/api.gen.go:15607.2,15607.16 1 1
github.com/corvusHold/guard/sdk/go/api.gen.go:15607.16,15609.3 1 0
github.com/corvusHold/guard/sdk/go/api.gen.go:15611.2,15616.9 2 1
github.com/corvusHold/guard/sdk/go/api.gen.go:15617.89,15619.58 2 1
github.com/corvusHold/guard/sdk/go/api.gen.go:15619.58,15621.4 1 0
github.com/corvusHold/guard/sdk/go/api.gen.go:15622.3,15622.27 1 1
github.com/corvusHold/guard/sdk/go/api.gen.go:15624.89,15626.58 2 0
github.com/corvusHold/guard/sdk/go/api.gen.go:15626.58,15628.4 1 0
github.com/corvusHold/guard/sdk/go/api.gen.go:15629.3,15629.27 1 0
github.com/corvusHold/guard/sdk/go/api.gen.go:15631.89,15633.58 2 0
github.com/corvusHold/guard/sdk/go/api.gen.go:15633.58,15635.4 1 0
github.com/corvusHold/guard/sdk/go/api.gen.go:15636.3,15636.27 1 0
github.com/corvusHold/guard/sdk/go/api.gen.go:15638.89,15640.58 2 0
github.com/corvusHold/guard/sdk/go/api.gen.go:15640.58,15642.4 1 0
github.com/corvusHold/guard/sdk/go/api.gen.go:15643.3,15643.27 1 0
github.com/corvusHold/guard/sdk/go/api.gen.go:15647.2,15647.22 1 1
github.com/corvusHold/guard/sdk/go/api.gen.go:15651.115,15653.15 2 1
github.com/corvusHold/guard/sdk/go/api.gen.go:15653.15,15653.39 1 1
github.com/corvusHold/guard/sdk/go/api.gen.go:15654.2,15654.16 1 1
github.com/corvusHold/guard/sdk/go/api.gen.go:15654.16,15656.3 1 0
github.com/corvusHold/guard/sdk/go/api.gen.go:15658.2,15663.22 2 1
github.com/corvusHold/guard/sdk/go/api.gen.go:15667.113,15669.15 2 1
github.com/corvusHold/guard/sdk/go/api.gen.go:15669.15,15669.39 1 1
github.com/corvusHold/guard/sdk/go/api.gen.go:15670.2,15670.16 1 1
github.com/corvusHold/guard/sdk/go/api.gen.go:15670.16,15672.3 1 0
github.com/corvusHold/guard/sdk/go/api.gen.go:15674.2,15679.22 2 1
github.com/corvusHold/guard/sdk/go/api.gen.go:15683.109,15685.15 2 1
github.com/corvusHold/guard/sdk/go/api.gen.go:15685.15,15685.39 1 1
github.com/corvusHold/guard/sdk/go/api.gen.go:15686.2,15686.16 1 1
github.com/corvusHold/guard/sdk/go/api.gen.go:15686.16,15688.3 1 0
github.com/corvusHold/guard/sdk/go/api.gen.go:15690.2,15695.9 2 1
github.com/corvusHold/guard/sdk/go/api.gen.go:15696.89,15698.58 2 1
github.com/corvusHold/guard/sdk/go/api.gen.go:15698.58,15700.4 1 0
github.com/corvusHold/guard/sdk/go/api.gen.go:15701.3,15701.27 1 1
github.com/corvusHold/guard/sdk/go/api.gen.go:15703.89,15705.58 2 0
github.com/corvusHold/guard/sdk/go/api.gen.go:15705.58,15707.4 1 0
github.com/corvusHold/guard/sdk/go/api.gen.go:15708.3,15708.27 1 0
github.com/corvusHold/guard/sdk/go/api.gen.go:15712.2,15712.22 1 1
github.com/corvusHold/guard/sdk/go/api.gen.go:15716.103,15718.15 2 1
github.com/corvusHold/guard/sdk/go/api.gen.go:15718.15,15718.39 1 1
github.com/corvusHold/guard/sdk/go/api.gen.go:15719.2,15719.16 1 1
github.com/corvusHold/guard/sdk/go/api.gen.go:15719.16,15721.3 1 0
github.com/corvusHold/guard/sdk/go/api.gen.go:15723.2,15728.9 2 1
github.com/corvusHold/guard/sdk/go/api.gen.go:15729.89,15731.58 2 1
github.com/corvusHold/guard/sdk/go/api.gen.go:15731.58,15733.4 1 0
github.com/corvusHold/guard/sdk/go/api.gen.go:15734.3,15734.27 1 1
github.com/corvusHold/guard/sdk/go/api.gen.go:15736.89,15738.58 2 0
github.com/corvusHold/guard/sdk/go/api.gen.go:15738.58,15740.4 1 0
github.com/corvusHold/guard/sdk/go/api.gen.go:15741.3,15741.27 1 0
github.com/corvusHold/guard/sdk/go/api.gen.go:15743.89,15745.58 2 0
github.com/corvusHold/guard/sdk/go/api.gen.go:15745.58,15747.4 1 0
github.com/corvusHold/guard/sdk/go/api.gen.go:15748.3,15748.27 1 0
github.com/corvusHold/guard/sdk/go/api.gen.go:15750.89,15752.58 2 0
github.com/corvusHold/guard/sdk/go/api.gen.go:15752.58,15754.4 1 0
github.com/corvusHold/guard/sdk/go/api.gen.go:15755.3,15755.27 1 0
github.com/corvusHold/guard/sdk/go/api.gen.go:15759.2,15759.22 1 1
github.com/corvusHold/guard/sdk/go/api.gen.go:15763.113,15765.15 2 0
github.com/corvusHold/guard/sdk/go/api.gen.go:15765.15,15765.39 1 0
github.com/corvusHold/guard/sdk/go/api.gen.go:15766.2,15766.16 1 0
github.com/corvusHold/guard/sdk/go/api.gen.go:15766.16,15768.3 1 0
github.com/corvusHold/guard/sdk/go/api.gen.go:15770.2,15775.9 2 0
github.com/corvusHold/guard/sdk/go/api.gen.go:15776.89,15778.58 2 0
github.com/corvusHold/guard/sdk/go/api.gen.go:15778.58,15780.4 1 0
github.com/corvusHold/guard/sdk/go/api.gen.go:15781.3,15781.27 1 0
github.com/corvusHold/guard/sdk/go/api.gen.go:15783.89,15785.58 2 0
github.com/corvusHold/guard/sdk/go/api.gen.go:15785.58,15787.4 1 0
github.com/corvusHold/guard/sdk/go/api.gen.go:15788.3,15788.27 1 0
github.com/corvusHold/guard/sdk/go/api.gen.go:15792.2,15792.22 1 0
github.com/corvusHold/guard/sdk/go/api.gen.go:15796.111,15798.15 2 1
github.com/corvusHold/guard/sdk/go/api.gen.go:15798.15,15798.39 1 1
github.com/corvusHold/guard/sdk/go/api.gen.go:15799.2,15799.16 1 1
github.com/corvusHold/guard/sdk/go/api.gen.go:15799.16,15801.3 1 0
github.com/corvusHold/guard/sdk/go/api.gen.go:15803.2,15808.9 2 1
github.com/corvusHold/guard/sdk/go/api.gen.go:15809.89,15811.58 2 1
github.com/corvusHold/guard/sdk/go/api.gen.go:15811.58,15813.4 1 0
github.com/corvusHold/guard/sdk/go/api.gen.go:15814.3,15814.27 1 1
github.com/corvusHold/guard/sdk/go/api.gen.go:15816.89,15818.58 2 0
github.com/corvusHold/guard/sdk/go/api.gen.go:15818.58,15820.4 1 0
github.com/corvusHold/guard/sdk/go/api.gen.go:15821.3,15821.27 1 0
github.com/corvusHold/guard/sdk/go/api.gen.go:15823.89,15825.58 2 0
github.com/corvusHold/guard/sdk/go/api.gen.go:15825.58,15827.4 1 0
github.com/corvusHold/guard/sdk/go/api.gen.go:15828.3,15828.27 1 0
github.com/corvusHold/guard/sdk/go/api.gen.go:15830.89,15832.58 2 0
github.com/corvusHold/guard/sdk/go/api.gen.go:15832.58,15834.4 1 0
github.com/corvusHold/guard/sdk/go/api.gen.go:15835.3,15835.27 1 0
github.com/corvusHold/guard/sdk/go/api.gen.go:15837.89,15839.58 2 0
github.com/corvusHold/guard/sdk/go/api.gen.go:15839.58,15841.4 1 0
github.com/corvusHold/guard/sdk/go/api.gen.go:15842.3,15842.27 1 0
github.com/corvusHold/guard/sdk/go/api.gen.go:15846.2,15846.22 1 1
github.com/corvusHold/guard/sdk/go/api.gen.go:15850.125,15852.15 2 0
github.com/corvusHold/guard/sdk/go/api.gen.go:15852.15,15852.39 1 0
github.com/corvusHold/guard/sdk/go/api.gen.go:15853.2,15853.16 1 0
github.com/corvusHold/guard/sdk/go/api.gen.go:15853.16,15855.3 1 0
github.com/corvusHold/guard/sdk/go/api.gen.go:15857.2,15862.9 2 0
github.com/corvusHold/guard/sdk/go/api.gen.go:15863.89,15865.58 2 0
github.com/corvusHold/guard/sdk/go/api.gen.go:15865.58,15867.4 1 0
github.com/corvusHold/guard/sdk/go/api.gen.go:15868.3,15868.27 1 0
github.com/corvusHold/guard/sdk/go/api.gen.go:15870.89,15872.58 2 0
github.com/corvusHold/guard/sdk/go/api.gen.go:15872.58,15874.4 1 0
github.com/corvusHold/guard/sdk/go/api.gen.go:15875.3,15875.27 1 0
github.com/corvusHold/guard/sdk/go/api.gen.go:15879.2,15879.22 1 0
github.com/corvusHold/guard/sdk/go/api.gen.go:15883.125,15885.15 2 0
github.com/corvusHold/guard/sdk/go/api.gen.go:15885.15,15885.39 1 0
github.com/corvusHold/guard/sdk/go/api.gen.go:15886.2,15886.16 1 0
github.com/corvusHold/guard/sdk/go/api.gen.go:15886.16,15888.3 1 0
github.com/corvusHold/guard/sdk/go/api.gen.go:15890.2,15895.9 2 0
github.com/corvusHold/guard/sdk/go/api.gen.go:15896.89,15898.58 2 0
github.com/corvusHold/guard/sdk/go/api.gen.go:15898.58,15900.4 1 0
github.com/corvusHold/guard/sdk/go/api.gen.go:15901.3,15901.27 1 0
github.com/corvusHold/guard/sdk/go/api.gen.go:15903.89,15905.58 2 0
github.com/corvusHold/guard/sdk/go/api.gen.go:15905.58,15907.4 1 0
github.com/corvusHold/guard/sdk/go/api.gen.go:15908.3,15908.27 1 0
github.com/corvusHold/guard/sdk/go/api.gen.go:15912.2,15912.22 1 0
github.com/corvusHold/guard/sdk/go/api.gen.go:15916.113,15918.15 2 1
github.com/corvusHold/guard/sdk/go/api.gen.go:15918.15,15918.39 1 1
github.com/corvusHold/guard/sdk/go/api.gen.go:15919.2,15919.16 1 1
github.com/corvusHold/guard/sdk/go/api.gen.go:15919.16,15921.3 1 0
github.com/corvusHold/guard/sdk/go/api.gen.go:15923.2,15928.9 2 1
github.com/corvusHold/guard/sdk/go/api.gen.go:15929.89,15931.58 2 1
github.com/corvusHold/guard/sdk/go/api.gen.go:15931.58,15933.4 1 0
github.com/corvusHold/guard/sdk/go/api.gen.go:15934.3,15934.27 1 1
github.com/corvusHold/guard/sdk/go/api.gen.go:15936.89,15938.58 2 0
github.com/corvusHold/guard/sdk/go/api.gen.go:15938.58,15940.4 1 0
github.com/corvusHold/guard/sdk/go/api.gen.go:15941.3,15941.27 1 0
github.com/corvusHold/guard/sdk/go/api.gen.go:15943.89,15945.58 2 0
github.com/corvusHold/guard/sdk/go/api.gen.go:15945.58,15947.4 1 0
github.com/corvusHold/guard/sdk/go/api.gen.go:15948.3,15948.27 1 0
github.com/corvusHold/guard/sdk/go/api.gen.go:15952.2,15952.22 1 1
github.com/corvusHold/guard/sdk/go/api.gen.go:15956.101,15958.15 2 0
github.com/corvusHold/guard/sdk/go/api.gen.go:15958.15,15958.39 1 0
github.com/corvusHold/guard/sdk/go/api.gen.go:15959.2,15959.16 1 0
github.com/corvusHold/guard/sdk/go/api.gen.go:15959.16,15961.3 1 0
github.com/corvusHold/guard/sdk/go/api.gen.go:15963.2,15968.9 2 0
github.com/corvusHold/guard/sdk/go/api.gen.go:15969.89,15971.58 2 0
github.com/corvusHold/guard/sdk/go/api.gen.go:15971.58,15973.4 1 0
github.com/corvusHold/guard/sdk/go/api.gen.go:15974.3,15974.27 1 0
github.com/corvusHold/guard/sdk/go/api.gen.go:15976.89,15978.58 2 0
github.com/corvusHold/guard/sdk/go/api.gen.go:15978.58,15980.4 1 0
github.com/corvusHold/guard/sdk/go/api.gen.go:15981.3,15981.27 1 0
github.com/corvusHold/guard/sdk/go/api.gen.go:15985.2,15985.22 1 0
github.com/corvusHold/guard/sdk/go/api.gen.go:15989.99,15991.15 2 1
github.com/corvusHold/guard/sdk/go/api.gen.go:15991.15,15991.39 1 1
github.com/corvusHold/guard/sdk/go/api.gen.go:15992.2,15992.16 1 1
github.com/corvusHold/guard/sdk/go/api.gen.go:15992.16,15994.3 1 0
github.com/corvusHold/guard/sdk/go/api.gen.go:15996.2,16001.9 2 1
github.com/corvusHold/guard/sdk/go/api.gen.go:16002.89,16004.58 2 1
github.com/corvusHold/guard/sdk/go/api.gen.go:16004.58,16006.4 1 0
github.com/corvusHold/guard/sdk/go/api.gen.go:16007.3,16007.27 1 1
github.com/corvusHold/guard/sdk/go/api.gen.go:16009.89,16011.58 2 0
github.com/corvusHold/guard/sdk/go/api.gen.go:16011.58,16013.4 1 0
github.com/corvusHold/guard/sdk/go/api.gen.go:16014.3,16014.27 1 0
github.com/corvusHold/guard/sdk/go/api.gen.go:16016.89,16018.58 2 0
github.com/corvusHold/guard/sdk/go/api.gen.go:16018.58,16020.4 1 0
github.com/corvusHold/guard/sdk/go/api.gen.go:16021.3,16021.27 1 0
github.com/corvusHold/guard/sdk/go/api.gen.go:16023.89,16025.58 2 0
github.com/corvusHold/guard/sdk/go/api.gen.go:16025.58,16027.4 1 0
github.com/corvusHold/guard/sdk/go/api.gen.go:16028.3,16028.27 1 0
github.com/corvusHold/guard/sdk/go/api.gen.go:16032.2,16032.22 1 1
github.com/corvusHold/guard/sdk/go/api.gen.go:16036.97,16038.15 2 0
github.com/corvusHold/guard/sdk/go/api.gen.go:16038.15,16038.39 1 0
github.com/corvusHold/guard/sdk/go/api.gen.go:16039.2,16039.16 1 0
github.com/corvusHold/guard/sdk/go/api.gen.go:16039.16,16041.3 1 0
github.com/corvusHold/guard/sdk/go/api.gen.go:16043.2,16048.22 2 0
github.com/corvusHold/guard/sdk/go/api.gen.go:16052.97,16054.15 2 0
github.com/corvusHold/guard/sdk/go/api.gen.go:16054.15,16054.39 1 0
github.com/corvusHold/guard/sdk/go/api.gen.go:16055.2,16055.16 1 0
github.com/corvusHold/guard/sdk/go/api.gen.go:16055.16,16057.3 1 0
github.com/corvusHold/guard/sdk/go/api.gen.go:16059.2,16064.9 2 0
github.com/corvusHold/guard/sdk/go/api.gen.go:16065.89,16067.58 2 0
github.com/corvusHold/guard/sdk/go/api.gen.go:16067.58,16069.4 1 0
github.com/corvusHold/guard/sdk/go/api.gen.go:16070.3,16070.27 1 0
github.com/corvusHold/guard/sdk/go/api.gen.go:16074.2,16074.22 1 0
github.com/corvusHold/guard/sdk/go/api.gen.go:16078.107,16080.15 2 0
github.com/corvusHold/guard/sdk/go/api.gen.go:16080.15,16080.39 1 0
github.com/corvusHold/guard/sdk/go/api.gen.go:16081.2,16081.16 1 0
github.com/corvusHold/guard/sdk/go/api.gen.go:16081.16,16083.3 1 0
github.com/corvusHold/guard/sdk/go/api.gen.go:16085.2,16090.9 2 0
github.com/corvusHold/guard/sdk/go/api.gen.go:16091.89,16093.58 2 0
github.com/corvusHold/guard/sdk/go/api.gen.go:16093.58,16095.4 1 0
github.com/corvusHold/guard/sdk/go/api.gen.go:16096.3,16096.27 1 0
github.com/corvusHold/guard/sdk/go/api.gen.go:16100.2,16100.22 1 0
github.com/corvusHold/guard/sdk/go/api.gen.go:16104.109,16106.15 2 0
github.com/corvusHold/guard/sdk/go/api.gen.go:16106.15,16106.39 1 0
github.com/corvusHold/guard/sdk/go/api.gen.go:16107.2,16107.16 1 0
github.com/corvusHold/guard/sdk/go/api.gen.go:16107.16,16109.3 1 0
github.com/corvusHold/guard/sdk/go/api.gen.go:16111.2,16116.9 2 0
github.com/corvusHold/guard/sdk/go/api.gen.go:16117.89,16119.58 2 0
github.com/corvusHold/guard/sdk/go/api.gen.go:16119.58,16121.4 1 0
github.com/corvusHold/guard/sdk/go/api.gen.go:16122.3,16122.27 1 0
github.com/corvusHold/guard/sdk/go/api.gen.go:16126.2,16126.22 1 0
github.com/corvusHold/guard/sdk/go/api.gen.go:16130.117,16132.15 2 0
github.com/corvusHold/guard/sdk/go/api.gen.go:16132.15,16132.39 1 0
github.com/corvusHold/guard/sdk/go/api.gen.go:16133.2,16133.16 1 0
github.com/corvusHold/guard/sdk/go/api.gen.go:16133.16,16135.3 1 0
github.com/corvusHold/guard/sdk/go/api.gen.go:16137.2,16142.22 2 0
github.com/corvusHold/guard/sdk/go/api.gen.go:16146.105,16148.15 2 0
github.com/corvusHold/guard/sdk/go/api.gen.go:16148.15,16148.39 1 0
github.com/corvusHold/guard/sdk/go/api.gen.go:16149.2,16149.16 1 0
github.com/corvusHold/guard/sdk/go/api.gen.go:16149.16,16151.3 1 0
github.com/corvusHold/guard/sdk/go/api.gen.go:16153.2,16158.9 2 0
github.com/corvusHold/guard/sdk/go/api.gen.go:16159.89,16161.58 2 0
github.com/corvusHold/guard/sdk/go/api.gen.go:16161.58,16163.4 1 0
github.com/corvusHold/guard/sdk/go/api.gen.go:16164.3,16164.27 1 0
github.com/corvusHold/guard/sdk/go/api.gen.go:16168.2,16168.22 1 0
github.com/corvusHold/guard/sdk/go/api.gen.go:16172.105,16174.15 2 0
github.com/corvusHold/guard/sdk/go/api.gen.go:16174.15,16174.39 1 0
github.com/corvusHold/guard/sdk/go/api.gen.go:16175.2,16175.16 1 0
github.com/corvusHold/guard/sdk/go/api.gen.go:16175.16,16177.3 1 0
github.com/corvusHold/guard/sdk/go/api.gen.go:16179.2,16184.9 2 0
github.com/corvusHold/guard/sdk/go/api.gen.go:16185.89,16187.58 2 0
github.com/corvusHold/guard/sdk/go/api.gen.go:16187.58,16189.4 1 0
github.com/corvusHold/guard/sdk/go/api.gen.go:16190.3,16190.27 1 0
github.com/corvusHold/guard/sdk/go/api.gen.go:16194.2,16194.22 1 0
github.com/corvusHold/guard/sdk/go/api.gen.go:16198.107,16200.15 2 0
github.com/corvusHold/guard/sdk/go/api.gen.go:16200.15,16200.39 1 0
github.com/corvusHold/guard/sdk/go/api.gen.go:16201.2,16201.16 1 0
github.com/corvusHold/guard/sdk/go/api.gen.go:16201.16,16203.3 1 0
github.com/corvusHold/guard/sdk/go/api.gen.go:16205.2,16210.9 2 0
github.com/corvusHold/guard/sdk/go/api.gen.go:16211.89,16213.58 2 0
github.com/corvusHold/guard/sdk/go/api.gen.go:16213.58,16215.4 1 0
github.com/corvusHold/guard/sdk/go/api.gen.go:16216.3,16216.27 1 0
github.com/corvusHold/guard/sdk/go/api.gen.go:16220.2,16220.22 1 0
github.com/corvusHold/guard/sdk/go/api.gen.go:16224.117,16226.15 2 0
github.com/corvusHold/guard/sdk/go/api.gen.go:16226.15,16226.39 1 0
github.com/corvusHold/guard/sdk/go/api.gen.go:16227.2,16227.16 1 0
github.com/corvusHold/guard/sdk/go/api.gen.go:16227.16,16229.3 1 0
github.com/corvusHold/guard/sdk/go/api.gen.go:16231.2,16236.22 2 0
github.com/corvusHold/guard/sdk/go/api.gen.go:16240.99,16242.15 2 2
github.com/corvusHold/guard/sdk/go/api.gen.go:16242.15,16242.39 1 2
github.com/corvusHold/guard/sdk/go/api.gen.go:16243.2,16243.16 1 2
github.com/corvusHold/guard/sdk/go/api.gen.go:16243.16,16245.3 1 0
github.com/corvusHold/guard/sdk/go/api.gen.go:16247.2,16252.9 2 2
github.com/corvusHold/guard/sdk/go/api.gen.go:16253.89,16255.58 2 1
github.com/corvusHold/guard/sdk/go/api.gen.go:16255.58,16257.4 1 0
github.com/corvusHold/guard/sdk/go/api.gen.go:16258.3,16258.27 1 1
github.com/corvusHold/guard/sdk/go/api.gen.go:16260.89,16262.58 2 0
github.com/corvusHold/guard/sdk/go/api.gen.go:16262.58,16264.4 1 0
github.com/corvusHold/guard/sdk/go/api.gen.go:16265.3,16265.27 1 0
github.com/corvusHold/guard/sdk/go/api.gen.go:16267.89,16269.58 2 0
github.com/corvusHold/guard/sdk/go/api.gen.go:16269.58,16271.4 1 0
github.com/corvusHold/guard/sdk/go/api.gen.go:16272.3,16272.27 1 0
github.com/corvusHold/guard/sdk/go/api.gen.go:16276.2,16276.22 1 2
github.com/corvusHold/guard/sdk/go/api.gen.go:16280.117,16282.15 2 1
github.com/corvusHold/guard/sdk/go/api.gen.go:16282.15,16282.39 1 1
github.com/corvusHold/guard/sdk/go/api.gen.go:16283.2,16283.16 1 1
github.com/corvusHold/guard/sdk/go/api.gen.go:16283.16,16285.3 1 0
github.com/corvusHold/guard/sdk/go/api.gen.go:16287.2,16292.22 2 1
github.com/corvusHold/guard/sdk/go/api.gen.go:16296.121,16298.15 2 1
github.com/corvusHold/guard/sdk/go/api.gen.go:16298.15,16298.39 1 1
github.com/corvusHold/guard/sdk/go/api.gen.go:16299.2,16299.16 1 1
github.com/corvusHold/guard/sdk/go/api.gen.go:16299.16,16301.3 1 0
github.com/corvusHold/guard/sdk/go/api.gen.go:16303.2,16308.9 2 1
github.com/corvusHold/guard/sdk/go/api.gen.go:16309.89,16311.58 2 1
github.com/corvusHold/guard/sdk/go/api.gen.go:16311.58,16313.4 1 0
github.com/corvusHold/guard/sdk/go/api.gen.go:16314.3,16314.27 1 1
github.com/corvusHold/guard/sdk/go/api.gen.go:16316.89,16318.58 2 0
github.com/corvusHold/guard/sdk/go/api.gen.go:16318.58,16320.4 1 0
github.com/corvusHold/guard/sdk/go/api.gen.go:16321.3,16321.27 1 0
github.com/corvusHold/guard/sdk/go/api.gen.go:16323.89,16325.58 2 0
github.com/corvusHold/guard/sdk/go/api.gen.go:16325.58,16327.4 1 0
github.com/corvusHold/guard/sdk/go/api.gen.go:16328.3,16328.27 1 0
github.com/corvusHold/guard/sdk/go/api.gen.go:16332.2,16332.22 1 1
github.com/corvusHold/guard/sdk/go/api.gen.go:16336.125,16338.15 2 1
github.com/corvusHold/guard/sdk/go/api.gen.go:16338.15,16338.39 1 1
github.com/corvusHold/guard/sdk/go/api.gen.go:16339.2,16339.16 1 1
github.com/corvusHold/guard/sdk/go/api.gen.go:16339.16,16341.3 1 0
github.com/corvusHold/guard/sdk/go/api.gen.go:16343.2,16348.22 2 1
github.com/corvusHold/guard/sdk/go/api.gen.go:16352.115,16354.15 2 1
github.com/corvusHold/guard/sdk/go/api.gen.go:16354.15,16354.39 1 1
github.com/corvusHold/guard/sdk/go/api.gen.go:16355.2,16355.16 1 1
github.com/corvusHold/guard/sdk/go/api.gen.go:16355.16,16357.3 1 0
github.com/corvusHold/guard/sdk/go/api.gen.go:16359.2,16364.22 2 1
github.com/corvusHold/guard/sdk/go/api.gen.go:16368.107,16370.15 2 0
github.com/corvusHold/guard/sdk/go/api.gen.go:16370.15,16370.39 1 0
github.com/corvusHold/guard/sdk/go/api.gen.go:16371.2,16371.16 1 0
github.com/corvusHold/guard/sdk/go/api.gen.go:16371.16,16373.3 1 0
github.com/corvusHold/guard/sdk/go/api.gen.go:16375.2,16380.9 2 0
github.com/corvusHold/guard/sdk/go/api.gen.go:16381.89,16383.58 2 0
github.com/corvusHold/guard/sdk/go/api.gen.go:16383.58,16385.4 1 0
github.com/corvusHold/guard/sdk/go/api.gen.go:16386.3,16386.27 1 0
github.com/corvusHold/guard/sdk/go/api.gen.go:16390.2,16390.22 1 0
github.com/corvusHold/guard/sdk/go/api.gen.go:16394.109,16396.15 2 0
github.com/corvusHold/guard/sdk/go/api.gen.go:16396.15,16396.39 1 0
github.com/corvusHold/guard/sdk/go/api.gen.go:16397.2,16397.16 1 0
github.com/corvusHold/guard/sdk/go/api.gen.go:16397.16,16399.3 1 0
github.com/corvusHold/guard/sdk/go/api.gen.go:16401.2,16406.9 2 0
github.com/corvusHold/guard/sdk/go/api.gen.go:16407.89,16409.58 2 0
github.com/corvusHold/guard/sdk/go/api.gen.go:16409.58,16411.4 1 0
github.com/corvusHold/guard/sdk/go/api.gen.go:16412.3,16412.27 1 0
github.com/corvusHold/guard/sdk/go/api.gen.go:16414.89,16416.58 2 0
github.com/corvusHold/guard/sdk/go/api.gen.go:16416.58,16418.4 1 0
github.com/corvusHold/guard/sdk/go/api.gen.go:16419.3,16419.27 1 0
github.com/corvusHold/guard/sdk/go/api.gen.go:16421.89,16423.58 2 0
github.com/corvusHold/guard/sdk/go/api.gen.go:16423.58,16425.4 1 0
github.com/corvusHold/guard/sdk/go/api.gen.go:16426.3,16426.27 1 0
github.com/corvusHold/guard/sdk/go/api.gen.go:16430.2,16430.22 1 0
github.com/corvusHold/guard/sdk/go/api.gen.go:16434.109,16436.15 2 0
github.com/corvusHold/guard/sdk/go/api.gen.go:16436.15,16436.39 1 0
github.com/corvusHold/guard/sdk/go/api.gen.go:16437.2,16437.16 1 0
github.com/corvusHold/guard/sdk/go/api.gen.go:16437.16,16439.3 1 0
github.com/corvusHold/guard/sdk/go/api.gen.go:16441.2,16446.9 2 0
github.com/corvusHold/guard/sdk/go/api.gen.go:16447.89,16449.58 2 0
github.com/corvusHold/guard/sdk/go/api.gen.go:16449.58,16451.4 1 0
github.com/corvusHold/guard/sdk/go/api.gen.go:16452.3,16452.27 1 0
github.com/corvusHold/guard/sdk/go/api.gen.go:16454.89,16456.58 2 0
github.com/corvusHold/guard/sdk/go/api.gen.go:16456.58,16458.4 1 0
github.com/corvusHold/guard/sdk/go/api.gen.go:16459.3,16459.27 1 0
github.com/corvusHold/guard/sdk/go/api.gen.go:16463.2,16463.22 1 0
github.com/corvusHold/guard/sdk/go/api.gen.go:16467.99,16469.15 2 2
github.com/corvusHold/guard/sdk/go/api.gen.go:16469.15,16469.39 1 2
github.com/corvusHold/guard/sdk/go/api.gen.go:16470.2,16470.16 1 2
github.com/corvusHold/guard/sdk/go/api.gen.go:16470.16,16472.3 1 0
github.com/corvusHold/guard/sdk/go/api.gen.go:16474.2,16479.9 2 2
github.com/corvusHold/guard/sdk/go/api.gen.go:16480.89,16482.58 2 2
github.com/corvusHold/guard/sdk/go/api.gen.go:16482.58,16484.4 1 0
github.com/corvusHold/guard/sdk/go/api.gen.go:16485.3,16485.27 1 2
github.com/corvusHold/guard/sdk/go/api.gen.go:16487.89,16489.58 2 0
github.com/corvusHold/guard/sdk/go/api.gen.go:16489.58,16491.4 1 0
github.com/corvusHold/guard/sdk/go/api.gen.go:16492.3,16492.27 1 0
github.com/corvusHold/guard/sdk/go/api.gen.go:16494.89,16496.58 2 0
github.com/corvusHold/guard/sdk/go/api.gen.go:16496.58,16498.4 1 0
github.com/corvusHold/guard/sdk/go/api.gen.go:16499.3,16499.27 1 0
github.com/corvusHold/guard/sdk/go/api.gen.go:16501.89,16503.58 2 0
github.com/corvusHold/guard/sdk/go/api.gen.go:16503.58,16505.4 1 0
github.com/corvusHold/guard/sdk/go/api.gen.go:16506.3,16506.27 1 0
github.com/corvusHold/guard/sdk/go/api.gen.go:16510.2,16510.22 1 2
github.com/corvusHold/guard/sdk/go/api.gen.go:16514.101,16516.15 2 1
github.com/corvusHold/guard/sdk/go/api.gen.go:16516.15,16516.39 1 1
github.com/corvusHold/guard/sdk/go/api.gen.go:16517.2,16517.16 1 1
github.com/corvusHold/guard/sdk/go/api.gen.go:16517.16,16519.3 1 0
github.com/corvusHold/guard/sdk/go/api.gen.go:16521.2,16526.9 2 1
github.com/corvusHold/guard/sdk/go/api.gen.go:16527.89,16529.58 2 1
github.com/corvusHold/guard/sdk/go/api.gen.go:16529.58,16531.4 1 0
github.com/corvusHold/guard/sdk/go/api.gen.go:16532.3,16532.27 1 1
github.com/corvusHold/guard/sdk/go/api.gen.go:16534.89,16536.58 2 0
github.com/corvusHold/guard/sdk/go/api.gen.go:16536.58,16538.4 1 0
github.com/corvusHold/guard/sdk/go/api.gen.go:16539.3,16539.27 1 0
github.com/corvusHold/guard/sdk/go/api.gen.go:16541.89,16543.58 2 0
github.com/corvusHold/guard/sdk/go/api.gen.go:16543.58,16545.4 1 0
github.com/corvusHold/guard/sdk/go/api.gen.go:16546.3,16546.27 1 0
github.com/corvusHold/guard/sdk/go/api.gen.go:16548.89,16550.58 2 0
github.com/corvusHold/guard/sdk/go/api.gen.go:16550.58,16552.4 1 0
github.com/corvusHold/guard/sdk/go/api.gen.go:16553.3,16553.27 1 0
github.com/corvusHold/guard/sdk/go/api.gen.go:16557.2,16557.22 1 1
github.com/corvusHold/guard/sdk/go/api.gen.go:16561.109,16563.15 2 1
github.com/corvusHold/guard/sdk/go/api.gen.go:16563.15,16563.39 1 1
github.com/corvusHold/guard/sdk/go/api.gen.go:16564.2,16564.16 1 1
github.com/corvusHold/guard/sdk/go/api.gen.go:16564.16,16566.3 1 0
github.com/corvusHold/guard/sdk/go/api.gen.go:16568.2,16573.22 2 1
github.com/corvusHold/guard/sdk/go/api.gen.go:16577.103,16579.15 2 1
github.com/corvusHold/guard/sdk/go/api.gen.go:16579.15,16579.39 1 1
github.com/corvusHold/guard/sdk/go/api.gen.go:16580.2,16580.16 1 1
github.com/corvusHold/guard/sdk/go/api.gen.go:16580.16,16582.3 1 0
github.com/corvusHold/guard/sdk/go/api.gen.go:16584.2,16589.9 2 1
github.com/corvusHold/guard/sdk/go/api.gen.go:16590.89,16592.58 2 1
github.com/corvusHold/guard/sdk/go/api.gen.go:16592.58,16594.4 1 0
github.com/corvusHold/guard/sdk/go/api.gen.go:16595.3,16595.27 1 1
github.com/corvusHold/guard/sdk/go/api.gen.go:16597.89,16599.58 2 0
github.com/corvusHold/guard/sdk/go/api.gen.go:16599.58,16601.4 1 0
github.com/corvusHold/guard/sdk/go/api.gen.go:16602.3,16602.27 1 0
github.com/corvusHold/guard/sdk/go/api.gen.go:16604.89,16606.58 2 0
github.com/corvusHold/guard/sdk/go/api.gen.go:16606.58,16608.4 1 0
github.com/corvusHold/guard/sdk/go/api.gen.go:16609.3,16609.27 1 0
github.com/corvusHold/guard/sdk/go/api.gen.go:16611.89,16613.58 2 0
github.com/corvusHold/guard/sdk/go/api.gen.go:16613.58,16615.4 1 0
github.com/corvusHold/guard/sdk/go/api.gen.go:16616.3,16616.27 1 0
github.com/corvusHold/guard/sdk/go/api.gen.go:16618.89,16620.58 2 0
github.com/corvusHold/guard/sdk/go/api.gen.go:16620.58,16622.4 1 0
github.com/corvusHold/guard/sdk/go/api.gen.go:16623.3,16623.27 1 0
github.com/corvusHold/guard/sdk/go/api.gen.go:16627.2,16627.22 1 1
github.com/corvusHold/guard/sdk/go/api.gen.go:16631.103,16633.15 2 1
github.com/corvusHold/guard/sdk/go/api.gen.go:16633.15,16633.39 1 1
github.com/corvusHold/guard/sdk/go/api.gen.go:16634.2,16634.16 1 1
github.com/corvusHold/guard/sdk/go/api.gen.go:16634.16,16636.3 1 0
github.com/corvusHold/guard/sdk/go/api.gen.go:16638.2,16643.9 2 1
github.com/corvusHold/guard/sdk/go/api.gen.go:16644.89,16646.58 2 1
github.com/corvusHold/guard/sdk/go/api.gen.go:16646.58,16648.4 1 0
github.com/corvusHold/guard/sdk/go/api.gen.go:16649.3,16649.27 1 1
github.com/corvusHold/guard/sdk/go/api.gen.go:16651.89,16653.58 2 0
github.com/corvusHold/guard/sdk/go/api.gen.go:16653.58,16655.4 1 0
github.com/corvusHold/guard/sdk/go/api.gen.go:16656.3,16656.27 1 0
github.com/corvusHold/guard/sdk/go/api.gen.go:16658.89,16660.58 2 0
github.com/corvusHold/guard/sdk/go/api.gen.go:16660.58,16662.4 1 0
github.com/corvusHold/guard/sdk/go/api.gen.go:16663.3,16663.27 1 0
github.com/corvusHold/guard/sdk/go/api.gen.go:16665.89,16667.58 2 0
github.com/corvusHold/guard/sdk/go/api.gen.go:16667.58,16669.4 1 0
github.com/corvusHold/guard/sdk/go/api.gen.go:16670.3,16670.27 1 0
github.com/corvusHold/guard/sdk/go/api.gen.go:16672.89,16674.58 2 0
github.com/corvusHold/guard/sdk/go/api.gen.go:16674.58,16676.4 1 0
github.com/corvusHold/guard/sdk/go/api.gen.go:16677.3,16677.27 1 0
github.com/corvusHold/guard/sdk/go/api.gen.go:16681.2,16681.22 1 1
github.com/corvusHold/guard/sdk/go/api.gen.go:16685.113,16687.15 2 1
github.com/corvusHold/guard/sdk/go/api.gen.go:16687.15,16687.39 1 1
github.com/corvusHold/guard/sdk/go/api.gen.go:16688.2,16688.16 1 1
github.com/corvusHold/guard/sdk/go/api.gen.go:16688.16,16690.3 1 0
github.com/corvusHold/guard/sdk/go/api.gen.go:16692.2,16697.9 2 1
github.com/corvusHold/guard/sdk/go/api.gen.go:16698.89,16700.58 2 1
github.com/corvusHold/guard/sdk/go/api.gen.go:16700.58,16702.4 1 0
github.com/corvusHold/guard/sdk/go/api.gen.go:16703.3,16703.27 1 1
github.com/corvusHold/guard/sdk/go/api.gen.go:16705.89,16707.58 2 0
github.com/corvusHold/guard/sdk/go/api.gen.go:16707.58,16709.4 1 0
github.com/corvusHold/guard/sdk/go/api.gen.go:16710.3,16710.27 1 0
github.com/corvusHold/guard/sdk/go/api.gen.go:16712.89,16714.58 2 0
github.com/corvusHold/guard/sdk/go/api.gen.go:16714.58,16716.4 1 0
github.com/corvusHold/guard/sdk/go/api.gen.go:16717.3,16717.27 1 0
github.com/corvusHold/guard/sdk/go/api.gen.go:16719.89,16721.58 2 0
github.com/corvusHold/guard/sdk/go/api.gen.go:16721.58,16723.4 1 0
github.com/corvusHold/guard/sdk/go/api.gen.go:16724.3,16724.27 1 0
github.com/corvusHold/guard/sdk/go/api.gen.go:16726.89,16728.58 2 0
github.com/corvusHold/guard/sdk/go/api.gen.go:16728.58,16730.4 1 0
github.com/corvusHold/guard/sdk/go/api.gen.go:16731.3,16731.27 1 0
github.com/corvusHold/guard/sdk/go/api.gen.go:16735.2,16735.22 1 1
github.com/corvusHold/guard/sdk/go/api.gen.go:16739.93,16741.15 2 0
github.com/corvusHold/guard/sdk/go/api.gen.go:16741.15,16741.39 1 0
github.com/corvusHold/guard/sdk/go/api.gen.go:16742.2,16742.16 1 0
github.com/corvusHold/guard/sdk/go/api.gen.go:16742.16,16744.3 1 0
github.com/corvusHold/guard/sdk/go/api.gen.go:16746.2,16751.9 2 0
github.com/corvusHold/guard/sdk/go/api.gen.go:16752.89,16754.58 2 0
github.com/corvusHold/guard/sdk/go/api.gen.go:16754.58,16756.4 1 0
github.com/corvusHold/guard/sdk/go/api.gen.go:16757.3,16757.27 1 0
github.com/corvusHold/guard/sdk/go/api.gen.go:16759.89,16761.58 2 0
github.com/corvusHold/guard/sdk/go/api.gen.go:16761.58,16763.4 1 0
github.com/corvusHold/guard/sdk/go/api.gen.go:16764.3,16764.27 1 0
github.com/corvusHold/guard/sdk/go/api.gen.go:16766.89,16768.58 2 0
github.com/corvusHold/guard/sdk/go/api.gen.go:16768.58,16770.4 1 0
github.com/corvusHold/guard/sdk/go/api.gen.go:16771.3,16771.27 1 0
github.com/corvusHold/guard/sdk/go/api.gen.go:16773.89,16775.58 2 0
github.com/corvusHold/guard/sdk/go/api.gen.go:16775.58,16777.4 1 0
github.com/corvusHold/guard/sdk/go/api.gen.go:16778.3,16778.27 1 0
github.com/corvusHold/guard/sdk/go/api.gen.go:16780.89,16782.58 2 0
github.com/corvusHold/guard/sdk/go/api.gen.go:16782.58,16784.4 1 0
github.com/corvusHold/guard/sdk/go/api.gen.go:16785.3,16785.27 1 0
github.com/corvusHold/guard/sdk/go/api.gen.go:16789.2,16789.22 1 0
github.com/corvusHold/guard/sdk/go/api.gen.go:16793.89,16795.15 2 2
github.com/corvusHold/guard/sdk/go/api.gen.go:16795.15,16795.39 1 2
github.com/corvusHold/guard/sdk/go/api.gen.go:16796.2,16796.16 1 2
github.com/corvusHold/guard/sdk/go/api.gen.go:16796.16,16798.3 1 0
github.com/corvusHold/guard/sdk/go/api.gen.go:16800.2,16805.9 2 2
github.com/corvusHold/guard/sdk/go/api.gen.go:16806.89,16808.58 2 2
github.com/corvusHold/guard/sdk/go/api.gen.go:16808.58,16810.4 1 0
github.com/corvusHold/guard/sdk/go/api.gen.go:16811.3,16811.27 1 2
github.com/corvusHold/guard/sdk/go/api.gen.go:16813.89,16815.58 2 0
github.com/corvusHold/guard/sdk/go/api.gen.go:16815.58,16817.4 1 0
github.com/corvusHold/guard/sdk/go/api.gen.go:16818.3,16818.27 1 0
github.com/corvusHold/guard/sdk/go/api.gen.go:16822.2,16822.22 1 2
github.com/corvusHold/guard/sdk/go/api.gen.go:16826.91,16828.15 2 1
github.com/corvusHold/guard/sdk/go/api.gen.go:16828.15,16828.39 1 1
github.com/corvusHold/guard/sdk/go/api.gen.go:16829.2,16829.16 1 1
github.com/corvusHold/guard/sdk/go/api.gen.go:16829.16,16831.3 1 0
github.com/corvusHold/guard/sdk/go/api.gen.go:16833.2,16838.9 2 1
github.com/corvusHold/guard/sdk/go/api.gen.go:16839.89,16841.58 2 1
github.com/corvusHold/guard/sdk/go/api.gen.go:16841.58,16843.4 1 0
github.com/corvusHold/guard/sdk/go/api.gen.go:16844.3,16844.27 1 1
github.com/corvusHold/guard/sdk/go/api.gen.go:16846.89,16848.58 2 0
github.com/corvusHold/guard/sdk/go/api.gen.go:16848.58,16850.4 1 0
github.com/corvusHold/guard/sdk/go/api.gen.go:16851.3,16851.27 1 0
github.com/corvusHold/guard/sdk/go/api.gen.go:16855.2,16855.22 1 1
github.com/corvusHold/guard/sdk/go/api.gen.go:16859.109,16861.15 2 0
github.com/corvusHold/guard/sdk/go/api.gen.go:16861.15,16861.39 1 0
github.com/corvusHold/guard/sdk/go/api.gen.go:16862.2,16862.16 1 0
github.com/corvusHold/guard/sdk/go/api.gen.go:16862.16,16864.3 1 0
github.com/corvusHold/guard/sdk/go/api.gen.go:16866.2,16871.9 2 0
github.com/corvusHold/guard/sdk/go/api.gen.go:16872.89,16874.58 2 0
github.com/corvusHold/guard/sdk/go/api.gen.go:16874.58,16876.4 1 0
github.com/corvusHold/guard/sdk/go/api.gen.go:16877.3,16877.27 1 0
github.com/corvusHold/guard/sdk/go/api.gen.go:16879.89,16881.58 2 0
github.com/corvusHold/guard/sdk/go/api.gen.go:16881.58,16883.4 1 0
github.com/corvusHold/guard/sdk/go/api.gen.go:16884.3,16884.27 1 0
github.com/corvusHold/guard/sdk/go/api.gen.go:16886.89,16888.58 2 0
github.com/corvusHold/guard/sdk/go/api.gen.go:16888.58,16890.4 1 0
github.com/corvusHold/guard/sdk/go/api.gen.go:16891.3,16891.27 1 0
github.com/corvusHold/guard/sdk/go/api.gen.go:16895.2,16895.22 1 0
github.com/corvusHold/guard/sdk/go/api.gen.go:16899.93,16901.15 2 1
github.com/corvusHold/guard/sdk/go/api.gen.go:16901.15,16901.39 1 1
github.com/corvusHold/guard/sdk/go/api.gen.go:16902.2,16902.16 1 1
github.com/corvusHold/guard/sdk/go/api.gen.go:16902.16,16904.3 1 0
github.com/corvusHold/guard/sdk/go/api.gen.go:16906.2,16911.9 2 1
github.com/corvusHold/guard/sdk/go/api.gen.go:16912.89,16914.58 2 1
github.com/corvusHold/guard/sdk/go/api.gen.go:16914.58,16916.4 1 0
github.com/corvusHold/guard/sdk/go/api.gen.go:16917.3,16917.27 1 1
github.com/corvusHold/guard/sdk/go/api.gen.go:16919.89,16921.58 2 0
github.com/corvusHold/guard/sdk/go/api.gen.go:16921.58,16923.4 1 0
github.com/corvusHold/guard/sdk/go/api.gen.go:16924.3,16924.27 1 0
github.com/corvusHold/guard/sdk/go/api.gen.go:16926.89,16928.58 2 0
github.com/corvusHold/guard/sdk/go/api.gen.go:16928.58,16930.4 1 0
github.com/corvusHold/guard/sdk/go/api.gen.go:16931.3,16931.27 1 0
github.com/corvusHold/guard/sdk/go/api.gen.go:16935.2,16935.22 1 1
github.com/corvusHold/guard/sdk/go/api.gen.go:16939.109,16941.15 2 0
github.com/corvusHold/guard/sdk/go/api.gen.go:16941.15,16941.39 1 0
github.com/corvusHold/guard/sdk/go/api.gen.go:16942.2,16942.16 1 0
github.com/corvusHold/guard/sdk/go/api.gen.go:16942.16,16944.3 1 0
github.com/corvusHold/guard/sdk/go/api.gen.go:16946.2,16951.9 2 0
github.com/corvusHold/guard/sdk/go/api.gen.go:16952.89,16954.58 2 0
github.com/corvusHold/guard/sdk/go/api.gen.go:16954.58,16956.4 1 0
github.com/corvusHold/guard/sdk/go/api.gen.go:16957.3,16957.27 1 0
github.com/corvusHold/guard/sdk/go/api.gen.go:16959.89,16961.58 2 0
github.com/corvusHold/guard/sdk/go/api.gen.go:16961.58,16963.4 1 0
github.com/corvusHold/guard/sdk/go/api.gen.go:16964.3,16964.27 1 0
github.com/corvusHold/guard/sdk/go/api.gen.go:16968.2,16968.22 1 0
github.com/corvusHold/guard/sdk/go/api.gen.go:16972.117,16974.15 2 0
github.com/corvusHold/guard/sdk/go/api.gen.go:16974.15,16974.39 1 0
github.com/corvusHold/guard/sdk/go/api.gen.go:16975.2,16975.16 1 0
github.com/corvusHold/guard/sdk/go/api.gen.go:16975.16,16977.3 1 0
github.com/corvusHold/guard/sdk/go/api.gen.go:16979.2,16984.22 2 0
github.com/corvusHold/guard/sdk/go/api.gen.go:16988.109,16990.15 2 1
github.com/corvusHold/guard/sdk/go/api.gen.go:16990.15,16990.39 1 1
github.com/corvusHold/guard/sdk/go/api.gen.go:16991.2,16991.16 1 1
github.com/corvusHold/guard/sdk/go/api.gen.go:16991.16,16993.3 1 0
github.com/corvusHold/guard/sdk/go/api.gen.go:16995.2,17000.9 2 1
github.com/corvusHold/guard/sdk/go/api.gen.go:17001.89,17003.58 2 1
github.com/corvusHold/guard/sdk/go/api.gen.go:17003.58,17005.4 1 0
github.com/corvusHold/guard/sdk/go/api.gen.go:17006.3,17006.27 1 1
github.com/corvusHold/guard/sdk/go/api.gen.go:17008.89,17010.58 2 0
github.com/corvusHold/guard/sdk/go/api.gen.go:17010.58,17012.4 1 0
github.com/corvusHold/guard/sdk/go/api.gen.go:17013.3,17013.27 1 0
github.com/corvusHold/guard/sdk/go/api.gen.go:17015.89,17017.58 2 0
github.com/corvusHold/guard/sdk/go/api.gen.go:17017.58,17019.4 1 0
github.com/corvusHold/guard/sdk/go/api.gen.go:17020.3,17020.27 1 0
github.com/corvusHold/guard/sdk/go/api.gen.go:17022.89,17024.58 2 0
github.com/corvusHold/guard/sdk/go/api.gen.go:17024.58,17026.4 1 0
github.com/corvusHold/guard/sdk/go/api.gen.go:17027.3,17027.27 1 0
github.com/corvusHold/guard/sdk/go/api.gen.go:17029.89,17031.58 2 0
github.com/corvusHold/guard/sdk/go/api.gen.go:17031.58,17033.4 1 0
github.com/corvusHold/guard/sdk/go/api.gen.go:17034.3,17034.27 1 0
github.com/corvusHold/guard/sdk/go/api.gen.go:17038.2,17038.22 1 1
github.com/corvusHold/guard/sdk/go/api.gen.go:17042.109,17044.15 2 1
github.com/corvusHold/guard/sdk/go/api.gen.go:17044.15,17044.39 1 1
github.com/corvusHold/guard/sdk/go/api.gen.go:17045.2,17045.16 1 1
github.com/corvusHold/guard/sdk/go/api.gen.go:17045.16,17047.3 1 0
github.com/corvusHold/guard/sdk/go/api.gen.go:17049.2,17054.22 2 1
github.com/corvusHold/guard/sdk/go/api.gen.go:17058.93,17060.15 2 0
github.com/corvusHold/guard/sdk/go/api.gen.go:17060.15,17060.39 1 0
github.com/corvusHold/guard/sdk/go/api.gen.go:17061.2,17061.16 1 0
github.com/corvusHold/guard/sdk/go/api.gen.go:17061.16,17063.3 1 0
github.com/corvusHold/guard/sdk/go/api.gen.go:17065.2,17070.9 2 0
github.com/corvusHold/guard/sdk/go/api.gen.go:17071.89,17073.58 2 0
github.com/corvusHold/guard/sdk/go/api.gen.go:17073.58,17075.4 1 0
github.com/corvusHold/guard/sdk/go/api.gen.go:17076.3,17076.27 1 0
github.com/corvusHold/guard/sdk/go/api.gen.go:17078.89,17080.58 2 0
github.com/corvusHold/guard/sdk/go/api.gen.go:17080.58,17082.4 1 0
github.com/corvusHold/guard/sdk/go/api.gen.go:17083.3,17083.27 1 0
github.com/corvusHold/guard/sdk/go/api.gen.go:17087.2,17087.22 1 0
github.com/corvusHold/guard/sdk/go/api.gen.go:17091.111,17093.15 2 0
github.com/corvusHold/guard/sdk/go/api.gen.go:17093.15,17093.39 1 0
github.com/corvusHold/guard/sdk/go/api.gen.go:17094.2,17094.16 1 0
github.com/corvusHold/guard/sdk/go/api.gen.go:17094.16,17096.3 1 0
github.com/corvusHold/guard/sdk/go/api.gen.go:17098.2,17103.9 2 0
github.com/corvusHold/guard/sdk/go/api.gen.go:17104.89,17106.58 2 0
github.com/corvusHold/guard/sdk/go/api.gen.go:17106.58,17108.4 1 0
github.com/corvusHold/guard/sdk/go/api.gen.go:17109.3,17109.27 1 0
github.com/corvusHold/guard/sdk/go/api.gen.go:17111.89,17113.58 2 0
github.com/corvusHold/guard/sdk/go/api.gen.go:17113.58,17115.4 1 0
github.com/corvusHold/guard/sdk/go/api.gen.go:17116.3,17116.27 1 0
github.com/corvusHold/guard/sdk/go/api.gen.go:17118.89,17120.58 2 0
github.com/corvusHold/guard/sdk/go/api.gen.go:17120.58,17122.4 1 0
github.com/corvusHold/guard/sdk/go/api.gen.go:17123.3,17123.27 1 0
github.com/corvusHold/guard/sdk/go/api.gen.go:17127.2,17127.22 1 0
github.com/corvusHold/guard/sdk/go/api.gen.go:17131.89,17133.15 2 0
github.com/corvusHold/guard/sdk/go/api.gen.go:17133.15,17133.39 1 0
github.com/corvusHold/guard/sdk/go/api.gen.go:17134.2,17134.16 1 0
github.com/corvusHold/guard/sdk/go/api.gen.go:17134.16,17136.3 1 0
github.com/corvusHold/guard/sdk/go/api.gen.go:17138.2,17143.9 2 0
github.com/corvusHold/guard/sdk/go/api.gen.go:17144.89,17146.58 2 0
github.com/corvusHold/guard/sdk/go/api.gen.go:17146.58,17148.4 1 0
github.com/corvusHold/guard/sdk/go/api.gen.go:17149.3,17149.27 1 0
github.com/corvusHold/guard/sdk/go/api.gen.go:17151.89,17153.58 2 0
github.com/corvusHold/guard/sdk/go/api.gen.go:17153.58,17155.4 1 0
github.com/corvusHold/guard/sdk/go/api.gen.go:17156.3,17156.27 1 0
github.com/corvusHold/guard/sdk/go/api.gen.go:17160.2,17160.22 1 0
github.com/corvusHold/guard/sdk/go/api.gen.go:17164.87,17166.15 2 2
github.com/corvusHold/guard/sdk/go/api.gen.go:17166.15,17166.39 1 2
github.com/corvusHold/guard/sdk/go/api.gen.go:17167.2,17167.16 1 2
github.com/corvusHold/guard/sdk/go/api.gen.go:17167.16,17169.3 1 0
github.com/corvusHold/guard/sdk/go/api.gen.go:17171.2,17176.9 2 2
github.com/corvusHold/guard/sdk/go/api.gen.go:17177.89,17179.58 2 2
github.com/corvusHold/guard/sdk/go/api.gen.go:17179.58,17181.4 1 0
github.com/corvusHold/guard/sdk/go/api.gen.go:17182.3,17182.27 1 2
github.com/corvusHold/guard/sdk/go/api.gen.go:17184.89,17186.58 2 0
github.com/corvusHold/guard/sdk/go/api.gen.go:17186.58,17188.4 1 0
github.com/corvusHold/guard/sdk/go/api.gen.go:17189.3,17189.27 1 0
github.com/corvusHold/guard/sdk/go/api.gen.go:17191.89,17193.58 2 0
github.com/corvusHold/guard/sdk/go/api.gen.go:17193.58,17195.4 1 0
github.com/corvusHold/guard/sdk/go/api.gen.go:17196.3,17196.27 1 0
github.com/corvusHold/guard/sdk/go/api.gen.go:17200.2,17200.22 1 2
github.com/corvusHold/guard/sdk/go/client.go:30.68,34.2 3 53
github.com/corvusHold/guard/sdk/go/client.go:36.81,42.2 5 2
github.com/corvusHold/guard/sdk/go/client.go:44.59,50.2 5 0
github.com/corvusHold/guard/sdk/go/client.go:117.48,118.36 1 17
github.com/corvusHold/guard/sdk/go/client.go:118.36,121.3 2 17
github.com/corvusHold/guard/sdk/go/client.go:125.50,126.36 1 2
github.com/corvusHold/guard/sdk/go/client.go:126.36,129.3 2 2
github.com/corvusHold/guard/sdk/go/client.go:133.48,134.36 1 7
github.com/corvusHold/guard/sdk/go/client.go:134.36,137.3 2 7
github.com/corvusHold/guard/sdk/go/client.go:141.46,142.36 1 2
github.com/corvusHold/guard/sdk/go/client.go:142.36,145.3 2 2
github.com/corvusHold/guard/sdk/go/client.go:150.44,151.36 1 1
github.com/corvusHold/guard/sdk/go/client.go:151.36,154.3 2 1
github.com/corvusHold/guard/sdk/go/client.go:159.34,160.36 1 3
github.com/corvusHold/guard/sdk/go/client.go:160.36,162.17 2 3
github.com/corvusHold/guard/sdk/go/client.go:162.17,164.4 1 0
github.com/corvusHold/guard/sdk/go/client.go:166.3,166.26 1 3
github.com/corvusHold/guard/sdk/go/client.go:166.26,168.4 1 2
github.com/corvusHold/guard/sdk/go/client.go:168.9,168.59 1 1
github.com/corvusHold/guard/sdk/go/client.go:168.59,170.4 1 1
github.com/corvusHold/guard/sdk/go/client.go:172.3,172.13 1 3
github.com/corvusHold/guard/sdk/go/client.go:177.80,183.25 2 39
github.com/corvusHold/guard/sdk/go/client.go:183.25,184.31 1 30
github.com/corvusHold/guard/sdk/go/client.go:184.31,186.4 1 0
github.com/corvusHold/guard/sdk/go/client.go:189.2,190.26 2 39
github.com/corvusHold/guard/sdk/go/client.go:190.26,192.3 1 3
github.com/corvusHold/guard/sdk/go/client.go:194.2,195.16 2 39
github.com/corvusHold/guard/sdk/go/client.go:195.16,197.3 1 0
github.com/corvusHold/guard/sdk/go/client.go:198.2,199.16 2 39
github.com/corvusHold/guard/sdk/go/client.go:203.78,205.20 1 78
github.com/corvusHold/guard/sdk/go/client.go:205.20,207.3 1 7
github.com/corvusHold/guard/sdk/go/client.go:208.2,208.34 1 78
github.com/corvusHold/guard/sdk/go/client.go:208.34,211.3 1 2
github.com/corvusHold/guard/sdk/go/client.go:211.8,215.19 3 76
github.com/corvusHold/guard/sdk/go/client.go:215.19,217.4 1 9
github.com/corvusHold/guard/sdk/go/client.go:219.2,219.12 1 78
github.com/corvusHold/guard/sdk/go/client.go:224.95,225.14 1 6
github.com/corvusHold/guard/sdk/go/client.go:225.14,227.3 1 0
github.com/corvusHold/guard/sdk/go/client.go:228.2,228.67 1 6
github.com/corvusHold/guard/sdk/go/client.go:232.94,233.14 1 2
github.com/corvusHold/guard/sdk/go/client.go:233.14,235.3 1 0
github.com/corvusHold/guard/sdk/go/client.go:236.2,236.67 1 2
github.com/corvusHold/guard/sdk/go/client.go:239.106,240.34 1 12
github.com/corvusHold/guard/sdk/go/client.go:240.34,243.3 1 1
github.com/corvusHold/guard/sdk/go/client.go:244.2,245.24 2 11
github.com/corvusHold/guard/sdk/go/client.go:245.24,247.3 1 11
github.com/corvusHold/guard/sdk/go/client.go:248.2,248.25 1 11
github.com/corvusHold/guard/sdk/go/client.go:248.25,250.3 1 10
github.com/corvusHold/guard/sdk/go/client.go:251.2,251.35 1 11
github.com/corvusHold/guard/sdk/go/client.go:251.35,253.3 1 1
github.com/corvusHold/guard/sdk/go/client.go:254.2,254.43 1 10
github.com/corvusHold/guard/sdk/go/client.go:258.93,259.27 1 12
github.com/corvusHold/guard/sdk/go/client.go:259.27,261.3 1 2
github.com/corvusHold/guard/sdk/go/client.go:262.2,262.30 1 10
github.com/corvusHold/guard/sdk/go/client.go:262.30,264.3 1 1
github.com/corvusHold/guard/sdk/go/client.go:265.2,265.24 1 9
github.com/corvusHold/guard/sdk/go/client.go:265.24,267.3 1 1
github.com/corvusHold/guard/sdk/go/client.go:268.2,268.24 1 8
github.com/corvusHold/guard/sdk/go/client.go:268.24,270.3 1 1
github.com/corvusHold/guard/sdk/go/client.go:271.2,271.24 1 7
github.com/corvusHold/guard/sdk/go/client.go:271.24,273.3 1 1
github.com/corvusHold/guard/sdk/go/client.go:274.2,274.32 1 6
github.com/corvusHold/guard/sdk/go/client.go:274.32,276.3 1 1
github.com/corvusHold/guard/sdk/go/client.go:278.2,279.27 2 5
github.com/corvusHold/guard/sdk/go/client.go:279.27,281.3 1 2
github.com/corvusHold/guard/sdk/go/client.go:281.8,282.62 1 3
github.com/corvusHold/guard/sdk/go/client.go:282.62,284.4 1 2
github.com/corvusHold/guard/sdk/go/client.go:287.2,288.16 2 3
github.com/corvusHold/guard/sdk/go/client.go:288.16,290.3 1 0
github.com/corvusHold/guard/sdk/go/client.go:291.2,292.16 2 3
github.com/corvusHold/guard/sdk/go/client.go:292.16,294.3 1 0
github.com/corvusHold/guard/sdk/go/client.go:296.2,305.50 10 3
github.com/corvusHold/guard/sdk/go/client.go:305.50,307.3 1 2
github.com/corvusHold/guard/sdk/go/client.go:308.2,308.56 1 3
github.com/corvusHold/guard/sdk/go/client.go:308.56,310.3 1 2
github.com/corvusHold/guard/sdk/go/client.go:311.2,313.35 2 3
github.com/corvusHold/guard/sdk/go/client.go:318.124,319.20 1 1
github.com/corvusHold/guard/sdk/go/client.go:319.20,321.3 1 0
github.com/corvusHold/guard/sdk/go/client.go:322.2,322.28 1 1
github.com/corvusHold/guard/sdk/go/client.go:322.28,324.3 1 0
github.com/corvusHold/guard/sdk/go/client.go:325.2,325.27 1 1
github.com/corvusHold/guard/sdk/go/client.go:325.27,327.3 1 0
github.com/corvusHold/guard/sdk/go/client.go:329.2,339.16 3 1
github.com/corvusHold/guard/sdk/go/client.go:339.16,341.3 1 0
github.com/corvusHold/guard/sdk/go/client.go:342.2,342.25 1 1
github.com/corvusHold/guard/sdk/go/client.go:342.25,344.3 1 0
github.com/corvusHold/guard/sdk/go/client.go:345.2,346.26 2 1
github.com/corvusHold/guard/sdk/go/client.go:351.114,353.29 2 2
github.com/corvusHold/guard/sdk/go/client.go:353.29,355.3 1 0
github.com/corvusHold/guard/sdk/go/client.go:356.2,356.24 1 2
github.com/corvusHold/guard/sdk/go/client.go:356.24,358.3 1 2
github.com/corvusHold/guard/sdk/go/client.go:359.2,359.24 1 2
github.com/corvusHold/guard/sdk/go/client.go:359.24,361.3 1 1
github.com/corvusHold/guard/sdk/go/client.go:363.2,371.16 3 1
github.com/corvusHold/guard/sdk/go/client.go:371.16,373.3 1 0
github.com/corvusHold/guard/sdk/go/client.go:374.2,374.25 1 1
github.com/corvusHold/guard/sdk/go/client.go:374.25,376.3 1 0
github.com/corvusHold/guard/sdk/go/client.go:377.2,378.26 2 1
github.com/corvusHold/guard/sdk/go/client.go:383.148,384.24 1 1
github.com/corvusHold/guard/sdk/go/client.go:384.24,386.3 1 1
github.com/corvusHold/guard/sdk/go/client.go:387.2,388.16 2 1
github.com/corvusHold/guard/sdk/go/client.go:388.16,390.3 1 0
github.com/corvusHold/guard/sdk/go/client.go:391.2,391.25 1 1
github.com/corvusHold/guard/sdk/go/client.go:391.25,394.3 2 1
github.com/corvusHold/guard/sdk/go/client.go:395.2,395.25 1 0
github.com/corvusHold/guard/sdk/go/client.go:395.25,397.3 1 0
github.com/corvusHold/guard/sdk/go/client.go:398.2,398.44 1 0
github.com/corvusHold/guard/sdk/go/client.go:402.89,404.19 2 2
github.com/corvusHold/guard/sdk/go/client.go:404.19,406.3 1 1
github.com/corvusHold/guard/sdk/go/client.go:407.2,409.16 3 1
github.com/corvusHold/guard/sdk/go/client.go:409.16,411.3 1 0
github.com/corvusHold/guard/sdk/go/client.go:412.2,412.25 1 1
github.com/corvusHold/guard/sdk/go/client.go:412.25,414.3 1 0
github.com/corvusHold/guard/sdk/go/client.go:415.2,416.26 2 1
github.com/corvusHold/guard/sdk/go/client.go:420.57,422.19 2 1
github.com/corvusHold/guard/sdk/go/client.go:422.19,425.3 1 0
github.com/corvusHold/guard/sdk/go/client.go:426.2,430.12 4 1
github.com/corvusHold/guard/sdk/go/client.go:434.88,435.24 1 2
github.com/corvusHold/guard/sdk/go/client.go:435.24,437.3 1 2
github.com/corvusHold/guard/sdk/go/client.go:438.2,439.12 2 2
github.com/corvusHold/guard/sdk/go/client.go:443.107,445.16 2 2
github.com/corvusHold/guard/sdk/go/client.go:445.16,447.3 1 0
github.com/corvusHold/guard/sdk/go/client.go:448.2,448.25 1 2
github.com/corvusHold/guard/sdk/go/client.go:448.25,450.3 1 1
github.com/corvusHold/guard/sdk/go/client.go:451.2,452.26 2 1
github.com/corvusHold/guard/sdk/go/client.go:457.123,459.17 2 2
github.com/corvusHold/guard/sdk/go/client.go:459.17,461.3 1 1
github.com/corvusHold/guard/sdk/go/client.go:462.2,464.16 3 1
github.com/corvusHold/guard/sdk/go/client.go:464.16,466.3 1 0
github.com/corvusHold/guard/sdk/go/client.go:467.2,467.79 1 1
github.com/corvusHold/guard/sdk/go/client.go:467.79,469.3 1 0
github.com/corvusHold/guard/sdk/go/client.go:470.2,471.55 2 1
github.com/corvusHold/guard/sdk/go/client.go:471.55,473.3 1 0
github.com/corvusHold/guard/sdk/go/client.go:474.2,474.38 1 1
github.com/corvusHold/guard/sdk/go/client.go:474.38,476.3 1 0
github.com/corvusHold/guard/sdk/go/client.go:477.2,477.22 1 1
github.com/corvusHold/guard/sdk/go/client.go:482.102,483.17 1 1
github.com/corvusHold/guard/sdk/go/client.go:483.17,485.3 1 0
github.com/corvusHold/guard/sdk/go/client.go:486.2,487.16 2 1
github.com/corvusHold/guard/sdk/go/client.go:487.16,489.3 1 1
github.com/corvusHold/guard/sdk/go/client.go:490.2,491.16 2 1
github.com/corvusHold/guard/sdk/go/client.go:491.16,493.3 1 0
github.com/corvusHold/guard/sdk/go/client.go:494.2,495.16 2 1
github.com/corvusHold/guard/sdk/go/client.go:495.16,497.3 1 0
github.com/corvusHold/guard/sdk/go/client.go:498.2,500.16 3 1
github.com/corvusHold/guard/sdk/go/client.go:500.16,502.3 1 0
github.com/corvusHold/guard/sdk/go/client.go:503.2,504.38 2 1
github.com/corvusHold/guard/sdk/go/client.go:504.38,506.3 1 0
github.com/corvusHold/guard/sdk/go/client.go:507.2,508.63 2 1
github.com/corvusHold/guard/sdk/go/client.go:508.63,510.3 1 0
github.com/corvusHold/guard/sdk/go/client.go:511.2,511.17 1 1
github.com/corvusHold/guard/sdk/go/client.go:516.98,517.17 1 1
github.com/corvusHold/guard/sdk/go/client.go:517.17,519.3 1 0
github.com/corvusHold/guard/sdk/go/client.go:520.2,521.16 2 1
github.com/corvusHold/guard/sdk/go/client.go:521.16,523.3 1 1
github.com/corvusHold/guard/sdk/go/client.go:524.2,525.16 2 1
github.com/corvusHold/guard/sdk/go/client.go:525.16,527.3 1 0
github.com/corvusHold/guard/sdk/go/client.go:528.2,530.16 3 1
github.com/corvusHold/guard/sdk/go/client.go:530.16,532.3 1 0
github.com/corvusHold/guard/sdk/go/client.go:533.2,534.38 2 1
github.com/corvusHold/guard/sdk/go/client.go:534.38,536.3 1 0
github.com/corvusHold/guard/sdk/go/client.go:537.2,538.69 2 1
github.com/corvusHold/guard/sdk/go/client.go:538.69,540.3 1 0
github.com/corvusHold/guard/sdk/go/client.go:541.2,541.23 1 1
github.com/corvusHold/guard/sdk/go/client.go:583.109,584.17 1 3
github.com/corvusHold/guard/sdk/go/client.go:584.17,586.3 1 2
github.com/corvusHold/guard/sdk/go/client.go:588.2,589.20 2 3
github.com/corvusHold/guard/sdk/go/client.go:589.20,591.3 1 1
github.com/corvusHold/guard/sdk/go/client.go:594.2,595.69 2 2
github.com/corvusHold/guard/sdk/go/client.go:595.69,598.17 2 1
github.com/corvusHold/guard/sdk/go/client.go:598.17,599.29 1 1
github.com/corvusHold/guard/sdk/go/client.go:599.29,601.5 1 0
github.com/corvusHold/guard/sdk/go/client.go:601.10,603.5 1 1
github.com/corvusHold/guard/sdk/go/client.go:604.4,605.27 2 1
github.com/corvusHold/guard/sdk/go/client.go:609.2,617.16 3 2
github.com/corvusHold/guard/sdk/go/client.go:617.16,619.3 1 1
github.com/corvusHold/guard/sdk/go/client.go:620.2,620.82 1 1
github.com/corvusHold/guard/sdk/go/client.go:620.82,622.3 1 0
github.com/corvusHold/guard/sdk/go/client.go:623.2,624.15 2 1
github.com/corvusHold/guard/sdk/go/client.go:624.15,626.3 1 0
github.com/corvusHold/guard/sdk/go/client.go:627.2,627.17 1 1
github.com/corvusHold/guard/sdk/go/client.go:632.123,633.61 1 1
github.com/corvusHold/guard/sdk/go/client.go:633.61,635.17 2 1
github.com/corvusHold/guard/sdk/go/client.go:635.17,637.4 1 1
github.com/corvusHold/guard/sdk/go/client.go:638.3,638.18 1 1
github.com/corvusHold/guard/sdk/go/client.go:638.18,640.4 1 1
github.com/corvusHold/guard/sdk/go/client.go:641.3,642.13 2 1
github.com/corvusHold/guard/sdk/go/client.go:644.2,645.16 2 1
github.com/corvusHold/guard/sdk/go/client.go:645.16,647.3 1 0
github.com/corvusHold/guard/sdk/go/client.go:648.2,648.25 1 1
github.com/corvusHold/guard/sdk/go/client.go:648.25,650.3 1 0
github.com/corvusHold/guard/sdk/go/client.go:651.2,652.26 2 1
github.com/corvusHold/guard/sdk/go/client.go:656.116,657.20 1 2
github.com/corvusHold/guard/sdk/go/client.go:657.20,659.3 1 2
github.com/corvusHold/guard/sdk/go/client.go:660.2,660.20 1 2
github.com/corvusHold/guard/sdk/go/client.go:660.20,662.3 1 1
github.com/corvusHold/guard/sdk/go/client.go:663.2,664.16 2 1
github.com/corvusHold/guard/sdk/go/client.go:664.16,666.3 1 0
github.com/corvusHold/guard/sdk/go/client.go:667.2,667.25 1 1
github.com/corvusHold/guard/sdk/go/client.go:667.25,669.3 1 0
github.com/corvusHold/guard/sdk/go/client.go:670.2,670.26 1 1
github.com/corvusHold/guard/sdk/go/client.go:674.123,675.20 1 2
github.com/corvusHold/guard/sdk/go/client.go:675.20,677.3 1 2
github.com/corvusHold/guard/sdk/go/client.go:678.2,678.20 1 2
github.com/corvusHold/guard/sdk/go/client.go:678.20,680.3 1 1
github.com/corvusHold/guard/sdk/go/client.go:681.2,682.16 2 1
github.com/corvusHold/guard/sdk/go/client.go:682.16,684.3 1 0
github.com/corvusHold/guard/sdk/go/client.go:685.2,685.115 1 1
github.com/corvusHold/guard/sdk/go/client.go:685.115,687.3 1 0
github.com/corvusHold/guard/sdk/go/client.go:688.2,688.12 1 1
github.com/corvusHold/guard/sdk/go/client.go:692.75,694.16 2 4
github.com/corvusHold/guard/sdk/go/client.go:694.16,696.3 1 0
github.com/corvusHold/guard/sdk/go/client.go:697.2,697.25 1 4
github.com/corvusHold/guard/sdk/go/client.go:697.25,699.3 1 0
github.com/corvusHold/guard/sdk/go/client.go:700.2,700.26 1 4
github.com/corvusHold/guard/sdk/go/client.go:704.100,707.16 3 1
github.com/corvusHold/guard/sdk/go/client.go:707.16,709.3 1 0
github.com/corvusHold/guard/sdk/go/client.go:710.2,710.25 1 1
github.com/corvusHold/guard/sdk/go/client.go:710.25,712.3 1 0
github.com/corvusHold/guard/sdk/go/client.go:713.2,713.26 1 1
github.com/corvusHold/guard/sdk/go/client.go:717.72,719.16 2 2
github.com/corvusHold/guard/sdk/go/client.go:719.16,721.3 1 0
github.com/corvusHold/guard/sdk/go/client.go:722.2,722.54 1 2
github.com/corvusHold/guard/sdk/go/client.go:722.54,724.3 1 1
github.com/corvusHold/guard/sdk/go/client.go:725.2,725.33 1 1
github.com/corvusHold/guard/sdk/go/client.go:729.92,732.16 3 1
github.com/corvusHold/guard/sdk/go/client.go:732.16,734.3 1 0
github.com/corvusHold/guard/sdk/go/client.go:735.2,735.54 1 1
github.com/corvusHold/guard/sdk/go/client.go:735.54,737.3 1 0
github.com/corvusHold/guard/sdk/go/client.go:739.2,739.61 1 1
github.com/corvusHold/guard/sdk/go/client.go:743.88,746.16 3 1
github.com/corvusHold/guard/sdk/go/client.go:746.16,748.3 1 0
github.com/corvusHold/guard/sdk/go/client.go:749.2,749.57 1 1
github.com/corvusHold/guard/sdk/go/client.go:749.57,751.3 1 0
github.com/corvusHold/guard/sdk/go/client.go:752.2,752.36 1 1
github.com/corvusHold/guard/sdk/go/client.go:756.94,758.16 2 1
github.com/corvusHold/guard/sdk/go/client.go:758.16,760.3 1 0
github.com/corvusHold/guard/sdk/go/client.go:761.2,761.25 1 1
github.com/corvusHold/guard/sdk/go/client.go:761.25,763.3 1 0
github.com/corvusHold/guard/sdk/go/client.go:764.2,764.26 1 1
github.com/corvusHold/guard/sdk/go/client.go:768.79,771.16 3 1
github.com/corvusHold/guard/sdk/go/client.go:771.16,773.3 1 0
github.com/corvusHold/guard/sdk/go/client.go:774.2,774.115 1 1
github.com/corvusHold/guard/sdk/go/client.go:774.115,776.3 1 0
github.com/corvusHold/guard/sdk/go/client.go:777.2,777.12 1 1
github.com/corvusHold/guard/sdk/go/client.go:781.65,783.16 2 1
github.com/corvusHold/guard/sdk/go/client.go:783.16,785.3 1 0
github.com/corvusHold/guard/sdk/go/client.go:786.2,786.115 1 1
github.com/corvusHold/guard/sdk/go/client.go:786.115,788.3 1 0
github.com/corvusHold/guard/sdk/go/client.go:789.2,789.12 1 1
github.com/corvusHold/guard/sdk/go/client.go:793.164,796.16 3 1
github.com/corvusHold/guard/sdk/go/client.go:796.16,798.3 1 0
github.com/corvusHold/guard/sdk/go/client.go:799.2,799.25 1 1
github.com/corvusHold/guard/sdk/go/client.go:799.25,801.3 1 0
github.com/corvusHold/guard/sdk/go/client.go:802.2,803.26 2 1
github.com/corvusHold/guard/sdk/go/client.go:807.86,809.16 2 2
github.com/corvusHold/guard/sdk/go/client.go:809.16,811.3 1 0
github.com/corvusHold/guard/sdk/go/client.go:812.2,812.57 1 2
github.com/corvusHold/guard/sdk/go/client.go:812.57,814.3 1 1
github.com/corvusHold/guard/sdk/go/client.go:815.2,815.79 1 1
github.com/corvusHold/guard/sdk/go/client.go:819.75,821.16 2 1
github.com/corvusHold/guard/sdk/go/client.go:821.16,823.3 1 0
github.com/corvusHold/guard/sdk/go/client.go:824.2,824.115 1 1
github.com/corvusHold/guard/sdk/go/client.go:824.115,826.3 1 0
github.com/corvusHold/guard/sdk/go/client.go:827.2,827.12 1 1
github.com/corvusHold/guard/sdk/go/client.go:831.120,833.16 2 1
github.com/corvusHold/guard/sdk/go/client.go:833.16,835.3 1 0
github.com/corvusHold/guard/sdk/go/client.go:836.2,836.25 1 1
github.com/corvusHold/guard/sdk/go/client.go:836.25,838.3 1 0
github.com/corvusHold/guard/sdk/go/client.go:839.2,839.26 1 1
github.com/corvusHold/guard/sdk/go/client_admin.go:30.92,31.20 1 1
github.com/corvusHold/guard/sdk/go/client_admin.go:31.20,33.3 1 1
github.com/corvusHold/guard/sdk/go/client_admin.go:34.2,34.20 1 1
github.com/corvusHold/guard/sdk/go/client_admin.go:34.20,36.3 1 0
github.com/corvusHold/guard/sdk/go/client_admin.go:38.2,40.16 3 1
github.com/corvusHold/guard/sdk/go/client_admin.go:40.16,42.3 1 0
github.com/corvusHold/guard/sdk/go/client_admin.go:43.2,43.25 1 1
github.com/corvusHold/guard/sdk/go/client_admin.go:43.25,45.3 1 0
github.com/corvusHold/guard/sdk/go/client_admin.go:47.2,48.31 2 1
github.com/corvusHold/guard/sdk/go/client_admin.go:48.31,49.41 1 1
github.com/corvusHold/guard/sdk/go/client_admin.go:49.41,51.19 2 1
github.com/corvusHold/guard/sdk/go/client_admin.go:51.19,53.5 1 1
github.com/corvusHold/guard/sdk/go/client_admin.go:54.4,54.30 1 1
github.com/corvusHold/guard/sdk/go/client_admin.go:54.30,56.5 1 1
github.com/corvusHold/guard/sdk/go/client_admin.go:57.4,57.25 1 1
github.com/corvusHold/guard/sdk/go/client_admin.go:57.25,59.5 1 1
github.com/corvusHold/guard/sdk/go/client_admin.go:60.4,60.26 1 1
github.com/corvusHold/guard/sdk/go/client_admin.go:60.26,62.5 1 1
github.com/corvusHold/guard/sdk/go/client_admin.go:63.4,63.25 1 1
github.com/corvusHold/guard/sdk/go/client_admin.go:63.25,65.5 1 1
github.com/corvusHold/guard/sdk/go/client_admin.go:66.4,66.22 1 1
github.com/corvusHold/guard/sdk/go/client_admin.go:66.22,68.5 1 1
github.com/corvusHold/guard/sdk/go/client_admin.go:69.4,69.26 1 1
github.com/corvusHold/guard/sdk/go/client_admin.go:69.26,71.5 1 0
github.com/corvusHold/guard/sdk/go/client_admin.go:72.4,72.26 1 1
github.com/corvusHold/guard/sdk/go/client_admin.go:72.26,74.5 1 0
github.com/corvusHold/guard/sdk/go/client_admin.go:75.4,76.31 2 1
github.com/corvusHold/guard/sdk/go/client_admin.go:80.2,80.19 1 1
github.com/corvusHold/guard/sdk/go/client_admin.go:84.109,90.16 3 1
github.com/corvusHold/guard/sdk/go/client_admin.go:90.16,92.3 1 0
github.com/corvusHold/guard/sdk/go/client_admin.go:93.2,93.115 1 1
github.com/corvusHold/guard/sdk/go/client_admin.go:93.115,95.3 1 0
github.com/corvusHold/guard/sdk/go/client_admin.go:96.2,96.12 1 1
github.com/corvusHold/guard/sdk/go/client_admin.go:100.75,102.16 2 1
github.com/corvusHold/guard/sdk/go/client_admin.go:102.16,104.3 1 0
github.com/corvusHold/guard/sdk/go/client_admin.go:105.2,105.115 1 1
github.com/corvusHold/guard/sdk/go/client_admin.go:105.115,107.3 1 0
github.com/corvusHold/guard/sdk/go/client_admin.go:108.2,108.12 1 1
github.com/corvusHold/guard/sdk/go/client_admin.go:112.77,114.16 2 1
github.com/corvusHold/guard/sdk/go/client_admin.go:114.16,116.3 1 0
github.com/corvusHold/guard/sdk/go/client_admin.go:117.2,117.115 1 1
github.com/corvusHold/guard/sdk/go/client_admin.go:117.115,119.3 1 0
github.com/corvusHold/guard/sdk/go/client_admin.go:120.2,120.12 1 1
github.com/corvusHold/guard/sdk/go/client_auth.go:24.121,25.24 1 1
github.com/corvusHold/guard/sdk/go/client_auth.go:25.24,27.3 1 1
github.com/corvusHold/guard/sdk/go/client_auth.go:28.2,29.16 2 1
github.com/corvusHold/guard/sdk/go/client_auth.go:29.16,31.3 1 0
github.com/corvusHold/guard/sdk/go/client_auth.go:32.2,32.25 1 1
github.com/corvusHold/guard/sdk/go/client_auth.go:32.25,35.3 2 1
github.com/corvusHold/guard/sdk/go/client_auth.go:36.2,36.39 1 0
github.com/corvusHold/guard/sdk/go/client_auth.go:41.121,44.16 3 1
github.com/corvusHold/guard/sdk/go/client_auth.go:44.16,46.3 1 0
github.com/corvusHold/guard/sdk/go/client_auth.go:47.2,47.25 1 1
github.com/corvusHold/guard/sdk/go/client_auth.go:47.25,49.3 1 0
github.com/corvusHold/guard/sdk/go/client_auth.go:51.2,56.36 2 1
github.com/corvusHold/guard/sdk/go/client_auth.go:56.36,58.3 1 1
github.com/corvusHold/guard/sdk/go/client_auth.go:59.2,59.66 1 1
github.com/corvusHold/guard/sdk/go/client_auth.go:59.66,62.3 2 1
github.com/corvusHold/guard/sdk/go/client_auth.go:63.2,63.36 1 1
github.com/corvusHold/guard/sdk/go/client_auth.go:63.36,65.3 1 1
github.com/corvusHold/guard/sdk/go/client_auth.go:67.2,67.20 1 1
github.com/corvusHold/guard/sdk/go/client_auth.go:72.99,75.16 3 1
github.com/corvusHold/guard/sdk/go/client_auth.go:75.16,77.3 1 0
github.com/corvusHold/guard/sdk/go/client_auth.go:78.2,78.25 1 1
github.com/corvusHold/guard/sdk/go/client_auth.go:78.25,80.3 1 0
github.com/corvusHold/guard/sdk/go/client_auth.go:82.2,83.31 2 1
github.com/corvusHold/guard/sdk/go/client_auth.go:83.31,84.41 1 1
github.com/corvusHold/guard/sdk/go/client_auth.go:84.41,86.19 2 2
github.com/corvusHold/guard/sdk/go/client_auth.go:86.19,88.5 1 2
github.com/corvusHold/guard/sdk/go/client_auth.go:89.4,89.21 1 2
github.com/corvusHold/guard/sdk/go/client_auth.go:89.21,91.5 1 2
github.com/corvusHold/guard/sdk/go/client_auth.go:92.4,92.38 1 2
github.com/corvusHold/guard/sdk/go/client_auth.go:96.2,96.21 1 1
github.com/corvusHold/guard/sdk/go/client_fga.go:84.95,85.20 1 1
github.com/corvusHold/guard/sdk/go/client_fga.go:85.20,87.3 1 1
github.com/corvusHold/guard/sdk/go/client_fga.go:88.2,88.20 1 1
github.com/corvusHold/guard/sdk/go/client_fga.go:88.20,90.3 1 0
github.com/corvusHold/guard/sdk/go/client_fga.go:92.2,94.16 3 1
github.com/corvusHold/guard/sdk/go/client_fga.go:94.16,96.3 1 0
github.com/corvusHold/guard/sdk/go/client_fga.go:97.2,97.25 1 1
github.com/corvusHold/guard/sdk/go/client_fga.go:97.25,99.3 1 0
github.com/corvusHold/guard/sdk/go/client_fga.go:101.2,102.32 2 1
github.com/corvusHold/guard/sdk/go/client_fga.go:102.32,103.42 1 1
github.com/corvusHold/guard/sdk/go/client_fga.go:103.42,105.19 2 1
github.com/corvusHold/guard/sdk/go/client_fga.go:105.19,107.5 1 1
github.com/corvusHold/guard/sdk/go/client_fga.go:108.4,108.25 1 1
github.com/corvusHold/guard/sdk/go/client_fga.go:108.25,110.5 1 1
github.com/corvusHold/guard/sdk/go/client_fga.go:111.4,111.21 1 1
github.com/corvusHold/guard/sdk/go/client_fga.go:111.21,113.5 1 1
github.com/corvusHold/guard/sdk/go/client_fga.go:114.4,114.28 1 1
github.com/corvusHold/guard/sdk/go/client_fga.go:114.28,116.5 1 1
github.com/corvusHold/guard/sdk/go/client_fga.go:117.4,117.34 1 1
github.com/corvusHold/guard/sdk/go/client_fga.go:121.2,121.20 1 1
github.com/corvusHold/guard/sdk/go/client_fga.go:125.105,127.20 2 1
github.com/corvusHold/guard/sdk/go/client_fga.go:127.20,129.3 1 1
github.com/corvusHold/guard/sdk/go/client_fga.go:130.2,130.20 1 1
github.com/corvusHold/guard/sdk/go/client_fga.go:130.20,132.3 1 0
github.com/corvusHold/guard/sdk/go/client_fga.go:134.2,140.16 3 1
github.com/corvusHold/guard/sdk/go/client_fga.go:140.16,142.3 1 0
github.com/corvusHold/guard/sdk/go/client_fga.go:143.2,143.25 1 1
github.com/corvusHold/guard/sdk/go/client_fga.go:143.25,145.3 1 0
github.com/corvusHold/guard/sdk/go/client_fga.go:147.2,149.22 3 1
github.com/corvusHold/guard/sdk/go/client_fga.go:149.22,151.3 1 1
github.com/corvusHold/guard/sdk/go/client_fga.go:152.2,152.28 1 1
github.com/corvusHold/guard/sdk/go/client_fga.go:152.28,154.3 1 1
github.com/corvusHold/guard/sdk/go/client_fga.go:155.2,155.24 1 1
github.com/corvusHold/guard/sdk/go/client_fga.go:155.24,157.3 1 1
github.com/corvusHold/guard/sdk/go/client_fga.go:158.2,158.31 1 1
github.com/corvusHold/guard/sdk/go/client_fga.go:158.31,160.3 1 0
github.com/corvusHold/guard/sdk/go/client_fga.go:162.2,162.19 1 1
github.com/corvusHold/guard/sdk/go/client_fga.go:168.108,170.2 1 1
github.com/corvusHold/guard/sdk/go/client_fga.go:173.81,175.16 2 1
github.com/corvusHold/guard/sdk/go/client_fga.go:175.16,177.3 1 0
github.com/corvusHold/guard/sdk/go/client_fga.go:179.2,179.30 1 1
github.com/corvusHold/guard/sdk/go/client_fga.go:179.30,181.3 1 0
github.com/corvusHold/guard/sdk/go/client_fga.go:183.2,183.12 1 1
github.com/corvusHold/guard/sdk/go/client_fga.go:187.106,189.16 2 1
github.com/corvusHold/guard/sdk/go/client_fga.go:189.16,191.3 1 0
github.com/corvusHold/guard/sdk/go/client_fga.go:193.2,193.25 1 1
github.com/corvusHold/guard/sdk/go/client_fga.go:193.25,195.3 1 0
github.com/corvusHold/guard/sdk/go/client_fga.go:197.2,198.32 2 1
github.com/corvusHold/guard/sdk/go/client_fga.go:198.32,199.42 1 1
github.com/corvusHold/guard/sdk/go/client_fga.go:199.42,200.39 1 1
github.com/corvusHold/guard/sdk/go/client_fga.go:200.39,203.10 1 1
github.com/corvusHold/guard/sdk/go/client_fga.go:208.2,208.21 1 1
github.com/corvusHold/guard/sdk/go/client_fga.go:212.114,218.16 3 1
github.com/corvusHold/guard/sdk/go/client_fga.go:218.16,220.3 1 0
github.com/corvusHold/guard/sdk/go/client_fga.go:222.2,222.58 1 1
github.com/corvusHold/guard/sdk/go/client_fga.go:222.58,224.3 1 0
github.com/corvusHold/guard/sdk/go/client_fga.go:226.2,226.12 1 1
github.com/corvusHold/guard/sdk/go/client_fga.go:230.95,236.16 3 1
github.com/corvusHold/guard/sdk/go/client_fga.go:236.16,238.3 1 0
github.com/corvusHold/guard/sdk/go/client_fga.go:240.2,240.58 1 1
github.com/corvusHold/guard/sdk/go/client_fga.go:240.58,242.3 1 0
github.com/corvusHold/guard/sdk/go/client_fga.go:244.2,244.12 1 1
github.com/corvusHold/guard/sdk/go/client_fga.go:248.101,252.2 1 1
github.com/corvusHold/guard/sdk/go/client_fga.go:255.114,266.16 3 1
github.com/corvusHold/guard/sdk/go/client_fga.go:266.16,268.3 1 0
github.com/corvusHold/guard/sdk/go/client_fga.go:270.2,270.58 1 1
github.com/corvusHold/guard/sdk/go/client_fga.go:270.58,272.3 1 0
github.com/corvusHold/guard/sdk/go/client_fga.go:274.2,285.24 2 1
github.com/corvusHold/guard/sdk/go/client_fga.go:285.24,287.55 2 1
github.com/corvusHold/guard/sdk/go/client_fga.go:287.55,288.37 1 1
github.com/corvusHold/guard/sdk/go/client_fga.go:288.37,290.5 1 1
github.com/corvusHold/guard/sdk/go/client_fga.go:291.4,291.44 1 1
github.com/corvusHold/guard/sdk/go/client_fga.go:291.44,293.5 1 1
github.com/corvusHold/guard/sdk/go/client_fga.go:294.4,294.45 1 1
github.com/corvusHold/guard/sdk/go/client_fga.go:294.45,296.5 1 0
github.com/corvusHold/guard/sdk/go/client_fga.go:300.2,300.19 1 1
github.com/corvusHold/guard/sdk/go/client_fga.go:304.84,309.2 1 1
github.com/corvusHold/guard/sdk/go/client_fga.go:312.113,323.16 3 1
github.com/corvusHold/guard/sdk/go/client_fga.go:323.16,325.3 1 0
github.com/corvusHold/guard/sdk/go/client_fga.go:327.2,327.25 1 1
github.com/corvusHold/guard/sdk/go/client_fga.go:327.25,329.3 1 0
github.com/corvusHold/guard/sdk/go/client_fga.go:331.2,334.33 2 1
github.com/corvusHold/guard/sdk/go/client_fga.go:334.33,336.3 1 1
github.com/corvusHold/guard/sdk/go/client_fga.go:338.2,338.20 1 1
github.com/corvusHold/guard/sdk/go/client_fga.go:345.121,347.43 1 3
github.com/corvusHold/guard/sdk/go/client_fga.go:347.43,349.3 1 1
github.com/corvusHold/guard/sdk/go/client_fga.go:351.2,351.33 1 2
github.com/corvusHold/guard/sdk/go/client_fga.go:351.33,352.22 1 2
github.com/corvusHold/guard/sdk/go/client_fga.go:352.22,357.18 3 1
github.com/corvusHold/guard/sdk/go/client_fga.go:357.18,359.5 1 0
github.com/corvusHold/guard/sdk/go/client_fga.go:360.4,360.60 1 1
github.com/corvusHold/guard/sdk/go/client_fga.go:360.60,362.5 1 0
github.com/corvusHold/guard/sdk/go/client_fga.go:363.9,368.18 3 1
github.com/corvusHold/guard/sdk/go/client_fga.go:368.18,370.5 1 0
github.com/corvusHold/guard/sdk/go/client_fga.go:371.4,371.60 1 1
github.com/corvusHold/guard/sdk/go/client_fga.go:371.60,373.5 1 1
github.com/corvusHold/guard/sdk/go/client_fga.go:377.2,377.12 1 1
github.com/corvusHold/guard/sdk/go/client_fga.go:382.119,384.46 1 3
github.com/corvusHold/guard/sdk/go/client_fga.go:384.46,386.3 1 1
github.com/corvusHold/guard/sdk/go/client_fga.go:388.2,388.31 1 2
github.com/corvusHold/guard/sdk/go/client_fga.go:388.31,389.25 1 2
github.com/corvusHold/guard/sdk/go/client_fga.go:389.25,399.18 3 1
github.com/corvusHold/guard/sdk/go/client_fga.go:399.18,401.5 1 0
github.com/corvusHold/guard/sdk/go/client_fga.go:402.4,402.60 1 1
github.com/corvusHold/guard/sdk/go/client_fga.go:402.60,404.5 1 0
github.com/corvusHold/guard/sdk/go/client_fga.go:405.9,415.18 3 1
github.com/corvusHold/guard/sdk/go/client_fga.go:415.18,417.5 1 0
github.com/corvusHold/guard/sdk/go/client_fga.go:418.4,418.60 1 1
github.com/corvusHold/guard/sdk/go/client_fga.go:418.60,420.5 1 0
github.com/corvusHold/guard/sdk/go/client_fga.go:424.2,424.12 1 2
github.com/corvusHold/guard/sdk/go/client_rbac.go:52.82,54.16 2 1
github.com/corvusHold/guard/sdk/go/client_rbac.go:54.16,56.3 1 0
github.com/corvusHold/guard/sdk/go/client_rbac.go:57.2,57.25 1 1
github.com/corvusHold/guard/sdk/go/client_rbac.go:57.25,59.3 1 0
github.com/corvusHold/guard/sdk/go/client_rbac.go:61.2,62.37 2 1
github.com/corvusHold/guard/sdk/go/client_rbac.go:62.37,63.47 1 1
github.com/corvusHold/guard/sdk/go/client_rbac.go:63.47,65.20 2 1
github.com/corvusHold/guard/sdk/go/client_rbac.go:65.20,67.5 1 1
github.com/corvusHold/guard/sdk/go/client_rbac.go:68.4,68.28 1 1
github.com/corvusHold/guard/sdk/go/client_rbac.go:68.28,70.5 1 1
github.com/corvusHold/guard/sdk/go/client_rbac.go:71.4,71.43 1 1
github.com/corvusHold/guard/sdk/go/client_rbac.go:75.2,75.25 1 1
github.com/corvusHold/guard/sdk/go/client_rbac.go:79.87,80.20 1 1
github.com/corvusHold/guard/sdk/go/client_rbac.go:80.20,82.3 1 0
github.com/corvusHold/guard/sdk/go/client_rbac.go:83.2,83.20 1 1
github.com/corvusHold/guard/sdk/go/client_rbac.go:83.20,85.3 1 0
github.com/corvusHold/guard/sdk/go/client_rbac.go:87.2,89.16 3 1
github.com/corvusHold/guard/sdk/go/client_rbac.go:89.16,91.3 1 0
github.com/corvusHold/guard/sdk/go/client_rbac.go:92.2,92.25 1 1
github.com/corvusHold/guard/sdk/go/client_rbac.go:92.25,94.3 1 0
github.com/corvusHold/guard/sdk/go/client_rbac.go:96.2,97.31 2 1
github.com/corvusHold/guard/sdk/go/client_rbac.go:97.31,98.41 1 1
github.com/corvusHold/guard/sdk/go/client_rbac.go:98.41,100.19 2 2
github.com/corvusHold/guard/sdk/go/client_rbac.go:100.19,102.5 1 2
github.com/corvusHold/guard/sdk/go/client_rbac.go:103.4,103.25 1 2
github.com/corvusHold/guard/sdk/go/client_rbac.go:103.25,105.5 1 0
github.com/corvusHold/guard/sdk/go/client_rbac.go:106.4,106.21 1 2
github.com/corvusHold/guard/sdk/go/client_rbac.go:106.21,108.5 1 2
github.com/corvusHold/guard/sdk/go/client_rbac.go:109.4,109.28 1 2
github.com/corvusHold/guard/sdk/go/client_rbac.go:109.28,111.5 1 0
github.com/corvusHold/guard/sdk/go/client_rbac.go:112.4,112.26 1 2
github.com/corvusHold/guard/sdk/go/client_rbac.go:112.26,114.5 1 0
github.com/corvusHold/guard/sdk/go/client_rbac.go:115.4,115.26 1 2
github.com/corvusHold/guard/sdk/go/client_rbac.go:115.26,117.5 1 0
github.com/corvusHold/guard/sdk/go/client_rbac.go:118.4,118.31 1 2
github.com/corvusHold/guard/sdk/go/client_rbac.go:122.2,122.19 1 1
github.com/corvusHold/guard/sdk/go/client_rbac.go:126.93,128.20 2 1
github.com/corvusHold/guard/sdk/go/client_rbac.go:128.20,130.3 1 1
github.com/corvusHold/guard/sdk/go/client_rbac.go:131.2,131.20 1 1
github.com/corvusHold/guard/sdk/go/client_rbac.go:131.20,133.3 1 0
github.com/corvusHold/guard/sdk/go/client_rbac.go:135.2,141.16 3 1
github.com/corvusHold/guard/sdk/go/client_rbac.go:141.16,143.3 1 0
github.com/corvusHold/guard/sdk/go/client_rbac.go:144.2,144.25 1 1
github.com/corvusHold/guard/sdk/go/client_rbac.go:144.25,146.3 1 0
github.com/corvusHold/guard/sdk/go/client_rbac.go:148.2,150.22 3 1
github.com/corvusHold/guard/sdk/go/client_rbac.go:150.22,152.3 1 1
github.com/corvusHold/guard/sdk/go/client_rbac.go:153.2,153.28 1 1
github.com/corvusHold/guard/sdk/go/client_rbac.go:153.28,155.3 1 1
github.com/corvusHold/guard/sdk/go/client_rbac.go:156.2,156.24 1 1
github.com/corvusHold/guard/sdk/go/client_rbac.go:156.24,158.3 1 1
github.com/corvusHold/guard/sdk/go/client_rbac.go:159.2,159.31 1 1
github.com/corvusHold/guard/sdk/go/client_rbac.go:159.31,161.3 1 0
github.com/corvusHold/guard/sdk/go/client_rbac.go:162.2,162.29 1 1
github.com/corvusHold/guard/sdk/go/client_rbac.go:162.29,164.3 1 0
github.com/corvusHold/guard/sdk/go/client_rbac.go:165.2,165.29 1 1
github.com/corvusHold/guard/sdk/go/client_rbac.go:165.29,167.3 1 0
github.com/corvusHold/guard/sdk/go/client_rbac.go:169.2,169.18 1 1
github.com/corvusHold/guard/sdk/go/client_rbac.go:173.99,175.20 2 1
github.com/corvusHold/guard/sdk/go/client_rbac.go:175.20,177.3 1 0
github.com/corvusHold/guard/sdk/go/client_rbac.go:179.2,182.21 2 1
github.com/corvusHold/guard/sdk/go/client_rbac.go:182.21,184.3 1 1
github.com/corvusHold/guard/sdk/go/client_rbac.go:185.2,187.16 3 1
github.com/corvusHold/guard/sdk/go/client_rbac.go:187.16,189.3 1 0
github.com/corvusHold/guard/sdk/go/client_rbac.go:190.2,190.115 1 1
github.com/corvusHold/guard/sdk/go/client_rbac.go:190.115,192.3 1 0
github.com/corvusHold/guard/sdk/go/client_rbac.go:193.2,193.12 1 1
github.com/corvusHold/guard/sdk/go/client_rbac.go:197.76,199.20 2 1
github.com/corvusHold/guard/sdk/go/client_rbac.go:199.20,201.3 1 0
github.com/corvusHold/guard/sdk/go/client_rbac.go:203.2,205.16 3 1
github.com/corvusHold/guard/sdk/go/client_rbac.go:205.16,207.3 1 0
github.com/corvusHold/guard/sdk/go/client_rbac.go:208.2,208.115 1 1
github.com/corvusHold/guard/sdk/go/client_rbac.go:208.115,210.3 1 0
github.com/corvusHold/guard/sdk/go/client_rbac.go:211.2,211.12 1 1
github.com/corvusHold/guard/sdk/go/client_rbac.go:215.113,220.16 3 1
github.com/corvusHold/guard/sdk/go/client_rbac.go:220.16,222.3 1 0
github.com/corvusHold/guard/sdk/go/client_rbac.go:223.2,223.158 1 1
github.com/corvusHold/guard/sdk/go/client_rbac.go:223.158,225.3 1 0
github.com/corvusHold/guard/sdk/go/client_rbac.go:226.2,226.12 1 1
github.com/corvusHold/guard/sdk/go/client_rbac.go:230.108,235.16 3 1
github.com/corvusHold/guard/sdk/go/client_rbac.go:235.16,237.3 1 0
github.com/corvusHold/guard/sdk/go/client_rbac.go:238.2,238.115 1 1
github.com/corvusHold/guard/sdk/go/client_rbac.go:238.115,240.3 1 0
github.com/corvusHold/guard/sdk/go/client_rbac.go:241.2,241.12 1 1
github.com/corvusHold/guard/sdk/go/client_rbac.go:245.99,251.16 3 1
github.com/corvusHold/guard/sdk/go/client_rbac.go:251.16,253.3 1 0
github.com/corvusHold/guard/sdk/go/client_rbac.go:255.2,255.25 1 1
github.com/corvusHold/guard/sdk/go/client_rbac.go:255.25,257.3 1 0
github.com/corvusHold/guard/sdk/go/client_rbac.go:259.2,260.33 2 1
github.com/corvusHold/guard/sdk/go/client_rbac.go:260.33,263.48 1 1
github.com/corvusHold/guard/sdk/go/client_rbac.go:263.48,265.4 1 2
github.com/corvusHold/guard/sdk/go/client_rbac.go:268.2,268.19 1 1
github.com/corvusHold/guard/sdk/go/client_rbac.go:272.98,279.16 3 1
github.com/corvusHold/guard/sdk/go/client_rbac.go:279.16,281.3 1 0
github.com/corvusHold/guard/sdk/go/client_rbac.go:283.2,283.58 1 1
github.com/corvusHold/guard/sdk/go/client_rbac.go:283.58,285.3 1 0
github.com/corvusHold/guard/sdk/go/client_rbac.go:287.2,287.12 1 1
github.com/corvusHold/guard/sdk/go/client_rbac.go:291.101,298.16 3 1
github.com/corvusHold/guard/sdk/go/client_rbac.go:298.16,300.3 1 0
github.com/corvusHold/guard/sdk/go/client_rbac.go:302.2,302.58 1 1
github.com/corvusHold/guard/sdk/go/client_rbac.go:302.58,304.3 1 0
github.com/corvusHold/guard/sdk/go/client_rbac.go:306.2,306.12 1 1
github.com/corvusHold/guard/sdk/go/client_rbac.go:310.114,316.16 3 1
github.com/corvusHold/guard/sdk/go/client_rbac.go:316.16,318.3 1 0
github.com/corvusHold/guard/sdk/go/client_rbac.go:320.2,320.25 1 1
github.com/corvusHold/guard/sdk/go/client_rbac.go:320.25,322.3 1 0
github.com/corvusHold/guard/sdk/go/client_rbac.go:324.2,325.32 2 1
github.com/corvusHold/guard/sdk/go/client_rbac.go:325.32,326.46 1 1
github.com/corvusHold/guard/sdk/go/client_rbac.go:326.46,328.24 2 1
github.com/corvusHold/guard/sdk/go/client_rbac.go:328.24,330.5 1 1
github.com/corvusHold/guard/sdk/go/client_rbac.go:331.4,331.49 1 1
github.com/corvusHold/guard/sdk/go/client_rbac.go:335.2,335.25 1 1
github.com/corvusHold/guard/sdk/go/client_rbac.go:342.124,344.43 1 4
github.com/corvusHold/guard/sdk/go/client_rbac.go:344.43,346.3 1 1
github.com/corvusHold/guard/sdk/go/client_rbac.go:348.2,348.33 1 3
github.com/corvusHold/guard/sdk/go/client_rbac.go:348.33,354.22 2 4
github.com/corvusHold/guard/sdk/go/client_rbac.go:354.22,356.18 2 3
github.com/corvusHold/guard/sdk/go/client_rbac.go:356.18,358.5 1 0
github.com/corvusHold/guard/sdk/go/client_rbac.go:359.4,359.60 1 3
github.com/corvusHold/guard/sdk/go/client_rbac.go:359.60,361.5 1 1
github.com/corvusHold/guard/sdk/go/client_rbac.go:362.9,364.18 2 1
github.com/corvusHold/guard/sdk/go/client_rbac.go:364.18,366.5 1 0
github.com/corvusHold/guard/sdk/go/client_rbac.go:367.4,367.60 1 1
github.com/corvusHold/guard/sdk/go/client_rbac.go:367.60,369.5 1 0
github.com/corvusHold/guard/sdk/go/client_rbac.go:373.2,373.12 1 2
github.com/corvusHold/guard/sdk/go/client_rbac.go:379.104,386.16 3 1
github.com/corvusHold/guard/sdk/go/client_rbac.go:386.16,388.3 1 0
github.com/corvusHold/guard/sdk/go/client_rbac.go:390.2,390.25 1 1
github.com/corvusHold/guard/sdk/go/client_rbac.go:390.25,392.3 1 0
github.com/corvusHold/guard/sdk/go/client_rbac.go:395.2,396.16 2 1
github.com/corvusHold/guard/sdk/go/client_rbac.go:396.16,398.3 1 0
github.com/corvusHold/guard/sdk/go/client_rbac.go:401.2,402.29 2 1
github.com/corvusHold/guard/sdk/go/client_rbac.go:402.29,404.3 1 2
github.com/corvusHold/guard/sdk/go/client_rbac.go:406.2,407.33 2 1
github.com/corvusHold/guard/sdk/go/client_rbac.go:407.33,408.48 1 1
github.com/corvusHold/guard/sdk/go/client_rbac.go:408.48,409.47 1 1
github.com/corvusHold/guard/sdk/go/client_rbac.go:409.47,411.5 1 1
github.com/corvusHold/guard/sdk/go/client_rbac.go:415.2,415.20 1 1
github.com/corvusHold/guard/sdk/go/client_sso.go:143.102,145.21 2 2
github.com/corvusHold/guard/sdk/go/client_sso.go:145.21,147.3 1 0
github.com/corvusHold/guard/sdk/go/client_sso.go:149.2,150.16 2 2
github.com/corvusHold/guard/sdk/go/client_sso.go:150.16,152.3 1 0
github.com/corvusHold/guard/sdk/go/client_sso.go:154.2,154.25 1 2
github.com/corvusHold/guard/sdk/go/client_sso.go:154.25,156.3 1 0
github.com/corvusHold/guard/sdk/go/client_sso.go:159.2,160.75 2 2
github.com/corvusHold/guard/sdk/go/client_sso.go:160.75,162.35 2 1
github.com/corvusHold/guard/sdk/go/client_sso.go:162.35,163.48 1 1
github.com/corvusHold/guard/sdk/go/client_sso.go:163.48,165.5 1 1
github.com/corvusHold/guard/sdk/go/client_sso.go:167.3,167.21 1 1
github.com/corvusHold/guard/sdk/go/client_sso.go:170.2,170.23 1 1
github.com/corvusHold/guard/sdk/go/client_sso.go:174.100,176.16 2 1
github.com/corvusHold/guard/sdk/go/client_sso.go:176.16,178.3 1 0
github.com/corvusHold/guard/sdk/go/client_sso.go:180.2,180.25 1 1
github.com/corvusHold/guard/sdk/go/client_sso.go:180.25,182.3 1 0
github.com/corvusHold/guard/sdk/go/client_sso.go:184.2,185.23 2 1
github.com/corvusHold/guard/sdk/go/client_sso.go:189.114,193.33 3 1
github.com/corvusHold/guard/sdk/go/client_sso.go:193.33,195.42 2 0
github.com/corvusHold/guard/sdk/go/client_sso.go:195.42,196.35 1 0
github.com/corvusHold/guard/sdk/go/client_sso.go:196.35,198.5 1 0
github.com/corvusHold/guard/sdk/go/client_sso.go:200.3,200.27 1 0
github.com/corvusHold/guard/sdk/go/client_sso.go:202.2,240.16 3 1
github.com/corvusHold/guard/sdk/go/client_sso.go:240.16,242.3 1 0
github.com/corvusHold/guard/sdk/go/client_sso.go:244.2,244.25 1 1
github.com/corvusHold/guard/sdk/go/client_sso.go:244.25,246.3 1 0
github.com/corvusHold/guard/sdk/go/client_sso.go:248.2,249.23 2 1
github.com/corvusHold/guard/sdk/go/client_sso.go:253.133,256.33 2 1
github.com/corvusHold/guard/sdk/go/client_sso.go:256.33,258.42 2 0
github.com/corvusHold/guard/sdk/go/client_sso.go:258.42,259.35 1 0
github.com/corvusHold/guard/sdk/go/client_sso.go:259.35,261.5 1 0
github.com/corvusHold/guard/sdk/go/client_sso.go:263.3,263.27 1 0
github.com/corvusHold/guard/sdk/go/client_sso.go:265.2,300.16 3 1
github.com/corvusHold/guard/sdk/go/client_sso.go:300.16,302.3 1 0
github.com/corvusHold/guard/sdk/go/client_sso.go:304.2,304.25 1 1
github.com/corvusHold/guard/sdk/go/client_sso.go:304.25,306.3 1 0
github.com/corvusHold/guard/sdk/go/client_sso.go:308.2,309.23 2 1
github.com/corvusHold/guard/sdk/go/client_sso.go:313.87,315.16 2 1
github.com/corvusHold/guard/sdk/go/client_sso.go:315.16,317.3 1 0
github.com/corvusHold/guard/sdk/go/client_sso.go:319.2,319.30 1 1
github.com/corvusHold/guard/sdk/go/client_sso.go:319.30,321.3 1 0
github.com/corvusHold/guard/sdk/go/client_sso.go:323.2,323.12 1 1
github.com/corvusHold/guard/sdk/go/client_sso.go:327.113,329.16 2 1
github.com/corvusHold/guard/sdk/go/client_sso.go:329.16,331.3 1 0
github.com/corvusHold/guard/sdk/go/client_sso.go:333.2,333.25 1 1
github.com/corvusHold/guard/sdk/go/client_sso.go:333.25,335.3 1 0
github.com/corvusHold/guard/sdk/go/client_sso.go:337.2,341.58 2 1
github.com/corvusHold/guard/sdk/go/client_sso.go:341.58,343.3 1 1
github.com/corvusHold/guard/sdk/go/client_sso.go:345.2,345.57 1 1
github.com/corvusHold/guard/sdk/go/client_sso.go:345.57,347.3 1 0
github.com/corvusHold/guard/sdk/go/client_sso.go:349.2,349.53 1 1
github.com/corvusHold/guard/sdk/go/client_sso.go:349.53,350.53 1 1
github.com/corvusHold/guard/sdk/go/client_sso.go:350.53,352.4 1 1
github.com/corvusHold/guard/sdk/go/client_sso.go:355.2,355.20 1 1
github.com/corvusHold/guard/sdk/go/client_sso.go:359.74,362.38 2 5
github.com/corvusHold/guard/sdk/go/client_sso.go:362.38,364.3 1 5
github.com/corvusHold/guard/sdk/go/client_sso.go:365.2,365.45 1 5
github.com/corvusHold/guard/sdk/go/client_sso.go:365.45,367.3 1 2
github.com/corvusHold/guard/sdk/go/client_sso.go:368.2,368.40 1 5
github.com/corvusHold/guard/sdk/go/client_sso.go:368.40,370.3 1 5
github.com/corvusHold/guard/sdk/go/client_sso.go:371.2,371.40 1 5
github.com/corvusHold/guard/sdk/go/client_sso.go:371.40,373.3 1 2
github.com/corvusHold/guard/sdk/go/client_sso.go:374.2,374.49 1 5
github.com/corvusHold/guard/sdk/go/client_sso.go:374.49,376.3 1 5
github.com/corvusHold/guard/sdk/go/client_sso.go:377.2,377.41 1 5
github.com/corvusHold/guard/sdk/go/client_sso.go:377.41,379.3 1 2
github.com/corvusHold/guard/sdk/go/client_sso.go:380.2,380.46 1 5
github.com/corvusHold/guard/sdk/go/client_sso.go:380.46,382.3 1 1
github.com/corvusHold/guard/sdk/go/client_sso.go:383.2,383.54 1 5
github.com/corvusHold/guard/sdk/go/client_sso.go:383.54,385.3 1 1
github.com/corvusHold/guard/sdk/go/client_sso.go:386.2,386.50 1 5
github.com/corvusHold/guard/sdk/go/client_sso.go:386.50,388.23 2 1
github.com/corvusHold/guard/sdk/go/client_sso.go:388.23,389.31 1 1
github.com/corvusHold/guard/sdk/go/client_sso.go:389.31,391.5 1 1
github.com/corvusHold/guard/sdk/go/client_sso.go:393.3,393.29 1 1
github.com/corvusHold/guard/sdk/go/client_sso.go:395.2,395.69 1 5
github.com/corvusHold/guard/sdk/go/client_sso.go:395.69,397.3 1 1
github.com/corvusHold/guard/sdk/go/client_sso.go:400.2,400.42 1 5
github.com/corvusHold/guard/sdk/go/client_sso.go:400.42,402.3 1 1
github.com/corvusHold/guard/sdk/go/client_sso.go:403.2,403.58 1 5
github.com/corvusHold/guard/sdk/go/client_sso.go:403.58,405.3 1 1
github.com/corvusHold/guard/sdk/go/client_sso.go:406.2,406.50 1 5
github.com/corvusHold/guard/sdk/go/client_sso.go:406.50,408.3 1 1
github.com/corvusHold/guard/sdk/go/client_sso.go:409.2,409.53 1 5
github.com/corvusHold/guard/sdk/go/client_sso.go:409.53,411.3 1 1
github.com/corvusHold/guard/sdk/go/client_sso.go:412.2,412.44 1 5
github.com/corvusHold/guard/sdk/go/client_sso.go:412.44,414.3 1 1
github.com/corvusHold/guard/sdk/go/client_sso.go:415.2,415.45 1 5
github.com/corvusHold/guard/sdk/go/client_sso.go:415.45,417.3 1 1
github.com/corvusHold/guard/sdk/go/client_sso.go:418.2,418.49 1 5
github.com/corvusHold/guard/sdk/go/client_sso.go:418.49,420.3 1 1
github.com/corvusHold/guard/sdk/go/client_sso.go:421.2,421.49 1 5
github.com/corvusHold/guard/sdk/go/client_sso.go:421.49,423.23 2 1
github.com/corvusHold/guard/sdk/go/client_sso.go:423.23,424.33 1 2
github.com/corvusHold/guard/sdk/go/client_sso.go:424.33,426.5 1 2
github.com/corvusHold/guard/sdk/go/client_sso.go:428.3,428.27 1 1
github.com/corvusHold/guard/sdk/go/client_sso.go:430.2,430.49 1 5
github.com/corvusHold/guard/sdk/go/client_sso.go:430.49,432.3 1 1
github.com/corvusHold/guard/sdk/go/client_sso.go:433.2,433.49 1 5
github.com/corvusHold/guard/sdk/go/client_sso.go:433.49,435.3 1 1
github.com/corvusHold/guard/sdk/go/client_sso.go:438.2,438.45 1 5
github.com/corvusHold/guard/sdk/go/client_sso.go:438.45,440.3 1 1
github.com/corvusHold/guard/sdk/go/client_sso.go:441.2,441.43 1 5
github.com/corvusHold/guard/sdk/go/client_sso.go:441.43,443.3 1 1
github.com/corvusHold/guard/sdk/go/client_sso.go:444.2,444.43 1 5
github.com/corvusHold/guard/sdk/go/client_sso.go:444.43,446.3 1 1
github.com/corvusHold/guard/sdk/go/client_sso.go:447.2,447.52 1 5
github.com/corvusHold/guard/sdk/go/client_sso.go:447.52,449.3 1 1
github.com/corvusHold/guard/sdk/go/client_sso.go:450.2,450.52 1 5
github.com/corvusHold/guard/sdk/go/client_sso.go:450.52,452.3 1 1
github.com/corvusHold/guard/sdk/go/client_sso.go:453.2,453.49 1 5
github.com/corvusHold/guard/sdk/go/client_sso.go:453.49,455.3 1 1
github.com/corvusHold/guard/sdk/go/client_sso.go:456.2,456.47 1 5
github.com/corvusHold/guard/sdk/go/client_sso.go:456.47,458.3 1 1
github.com/corvusHold/guard/sdk/go/client_sso.go:459.2,459.47 1 5
github.com/corvusHold/guard/sdk/go/client_sso.go:459.47,461.3 1 1
github.com/corvusHold/guard/sdk/go/client_sso.go:462.2,462.51 1 5
github.com/corvusHold/guard/sdk/go/client_sso.go:462.51,464.3 1 1
github.com/corvusHold/guard/sdk/go/client_sso.go:465.2,465.50 1 5
github.com/corvusHold/guard/sdk/go/client_sso.go:465.50,467.3 1 1
github.com/corvusHold/guard/sdk/go/client_sso.go:468.2,468.50 1 5
github.com/corvusHold/guard/sdk/go/client_sso.go:468.50,470.3 1 1
github.com/corvusHold/guard/sdk/go/client_sso.go:471.2,471.56 1 5
github.com/corvusHold/guard/sdk/go/client_sso.go:471.56,473.3 1 1
github.com/corvusHold/guard/sdk/go/client_sso.go:474.2,474.54 1 5
github.com/corvusHold/guard/sdk/go/client_sso.go:474.54,476.3 1 1
github.com/corvusHold/guard/sdk/go/client_sso.go:477.2,477.47 1 5
github.com/corvusHold/guard/sdk/go/client_sso.go:477.47,479.3 1 1
github.com/corvusHold/guard/sdk/go/client_sso.go:480.2,480.45 1 5
github.com/corvusHold/guard/sdk/go/client_sso.go:480.45,482.3 1 1
github.com/corvusHold/guard/sdk/go/client_sso.go:484.2,484.46 1 5
github.com/corvusHold/guard/sdk/go/client_sso.go:484.46,486.3 1 1
github.com/corvusHold/guard/sdk/go/client_sso.go:487.2,487.46 1 5
github.com/corvusHold/guard/sdk/go/client_sso.go:487.46,489.3 1 1
github.com/corvusHold/guard/sdk/go/client_sso.go:491.2,491.17 1 5
github.com/corvusHold/guard/sdk/go/client_tenant.go:23.107,26.16 3 1
github.com/corvusHold/guard/sdk/go/client_tenant.go:26.16,28.3 1 0
github.com/corvusHold/guard/sdk/go/client_tenant.go:29.2,29.25 1 1
github.com/corvusHold/guard/sdk/go/client_tenant.go:29.25,31.3 1 0
github.com/corvusHold/guard/sdk/go/client_tenant.go:33.2,35.22 3 1
github.com/corvusHold/guard/sdk/go/client_tenant.go:35.22,37.3 1 1
github.com/corvusHold/guard/sdk/go/client_tenant.go:38.2,38.24 1 1
github.com/corvusHold/guard/sdk/go/client_tenant.go:38.24,40.3 1 1
github.com/corvusHold/guard/sdk/go/client_tenant.go:41.2,41.28 1 1
github.com/corvusHold/guard/sdk/go/client_tenant.go:41.28,43.3 1 1
github.com/corvusHold/guard/sdk/go/client_tenant.go:44.2,44.29 1 1
github.com/corvusHold/guard/sdk/go/client_tenant.go:44.29,46.3 1 0
github.com/corvusHold/guard/sdk/go/client_tenant.go:47.2,47.29 1 1
github.com/corvusHold/guard/sdk/go/client_tenant.go:47.29,49.3 1 0
github.com/corvusHold/guard/sdk/go/client_tenant.go:51.2,51.20 1 1
github.com/corvusHold/guard/sdk/go/client_tenant.go:55.96,56.20 1 1
github.com/corvusHold/guard/sdk/go/client_tenant.go:56.20,58.3 1 1
github.com/corvusHold/guard/sdk/go/client_tenant.go:59.2,59.20 1 1
github.com/corvusHold/guard/sdk/go/client_tenant.go:59.20,61.3 1 0
github.com/corvusHold/guard/sdk/go/client_tenant.go:63.2,64.16 2 1
github.com/corvusHold/guard/sdk/go/client_tenant.go:64.16,66.3 1 0
github.com/corvusHold/guard/sdk/go/client_tenant.go:67.2,67.25 1 1
github.com/corvusHold/guard/sdk/go/client_tenant.go:67.25,69.3 1 0
github.com/corvusHold/guard/sdk/go/client_tenant.go:71.2,72.28 2 1
github.com/corvusHold/guard/sdk/go/client_tenant.go:72.28,74.3 1 1
github.com/corvusHold/guard/sdk/go/client_tenant.go:75.2,75.30 1 1
github.com/corvusHold/guard/sdk/go/client_tenant.go:75.30,77.3 1 1
github.com/corvusHold/guard/sdk/go/client_tenant.go:78.2,78.34 1 1
github.com/corvusHold/guard/sdk/go/client_tenant.go:78.34,80.3 1 1
github.com/corvusHold/guard/sdk/go/client_tenant.go:81.2,81.35 1 1
github.com/corvusHold/guard/sdk/go/client_tenant.go:81.35,83.3 1 0
github.com/corvusHold/guard/sdk/go/client_tenant.go:84.2,84.35 1 1
github.com/corvusHold/guard/sdk/go/client_tenant.go:84.35,86.3 1 0
github.com/corvusHold/guard/sdk/go/client_tenant.go:88.2,88.20 1 1
github.com/corvusHold/guard/sdk/go/crypto_helpers.go:11.66,15.20 2 5
github.com/corvusHold/guard/sdk/go/crypto_helpers.go:15.20,19.3 3 3
github.com/corvusHold/guard/sdk/go/crypto_helpers.go:22.2,23.16 2 2
github.com/corvusHold/guard/sdk/go/crypto_helpers.go:23.16,25.3 1 1
github.com/corvusHold/guard/sdk/go/crypto_helpers.go:26.2,26.41 1 1
github.com/corvusHold/guard/sdk/go/crypto_helpers.go:30.51,35.2 4 2
github.com/corvusHold/guard/sdk/go/crypto_helpers.go:38.64,40.36 1 3
github.com/corvusHold/guard/sdk/go/crypto_helpers.go:40.36,42.3 1 2
github.com/corvusHold/guard/sdk/go/crypto_helpers.go:44.2,47.41 2 1
github.com/corvusHold/guard/sdk/go/crypto_helpers.go:47.41,49.3 1 0
github.com/corvusHold/guard/sdk/go/crypto_helpers.go:50.2,53.25 4 1
github.com/corvusHold/guard/sdk/go/crypto_helpers.go:53.25,55.3 1 0
github.com/corvusHold/guard/sdk/go/crypto_helpers.go:56.2,60.41 3 1
github.com/corvusHold/guard/sdk/go/crypto_helpers.go:60.41,62.3 1 0
github.com/corvusHold/guard/sdk/go/crypto_helpers.go:63.2,66.25 4 1
github.com/corvusHold/guard/sdk/go/crypto_helpers.go:66.25,68.3 1 0
github.com/corvusHold/guard/sdk/go/crypto_helpers.go:69.2,71.18 2 1
github.com/corvusHold/guard/sdk/go/token_validator.go:57.67,58.33 1 2
github.com/corvusHold/guard/sdk/go/token_validator.go:58.33,58.53 1 2
github.com/corvusHold/guard/sdk/go/token_validator.go:62.61,63.33 1 1
github.com/corvusHold/guard/sdk/go/token_validator.go:63.33,63.51 1 1
github.com/corvusHold/guard/sdk/go/token_validator.go:68.66,69.33 1 1
github.com/corvusHold/guard/sdk/go/token_validator.go:69.33,69.77 1 1
github.com/corvusHold/guard/sdk/go/token_validator.go:73.87,80.25 2 6
github.com/corvusHold/guard/sdk/go/token_validator.go:80.25,82.3 1 4
github.com/corvusHold/guard/sdk/go/token_validator.go:83.2,83.10 1 6
github.com/corvusHold/guard/sdk/go/token_validator.go:87.98,90.16 2 5
github.com/corvusHold/guard/sdk/go/token_validator.go:90.16,92.3 1 0
github.com/corvusHold/guard/sdk/go/token_validator.go:94.2,97.20 3 5
github.com/corvusHold/guard/sdk/go/token_validator.go:97.20,99.3 1 1
github.com/corvusHold/guard/sdk/go/token_validator.go:100.2,100.47 1 4
github.com/corvusHold/guard/sdk/go/token_validator.go:104.108,106.16 2 4
github.com/corvusHold/guard/sdk/go/token_validator.go:106.16,108.3 1 1
github.com/corvusHold/guard/sdk/go/token_validator.go:110.2,111.16 2 3
github.com/corvusHold/guard/sdk/go/token_validator.go:111.16,113.3 1 0
github.com/corvusHold/guard/sdk/go/token_validator.go:116.2,117.16 2 3
github.com/corvusHold/guard/sdk/go/token_validator.go:117.16,119.3 1 0
github.com/corvusHold/guard/sdk/go/token_validator.go:121.2,122.50 2 3
github.com/corvusHold/guard/sdk/go/token_validator.go:122.50,124.3 1 1
github.com/corvusHold/guard/sdk/go/token_validator.go:127.2,128.16 2 2
github.com/corvusHold/guard/sdk/go/token_validator.go:128.16,130.3 1 0
github.com/corvusHold/guard/sdk/go/token_validator.go:133.2,133.60 1 2
github.com/corvusHold/guard/sdk/go/token_validator.go:133.60,135.3 1 1
github.com/corvusHold/guard/sdk/go/token_validator.go:137.2,137.20 1 1
github.com/corvusHold/guard/sdk/go/token_validator.go:141.92,147.18 5 6
github.com/corvusHold/guard/sdk/go/token_validator.go:147.18,149.3 1 4
github.com/corvusHold/guard/sdk/go/token_validator.go:152.2,152.41 1 2
github.com/corvusHold/guard/sdk/go/token_validator.go:152.41,154.9 1 2
github.com/corvusHold/guard/sdk/go/token_validator.go:154.9,156.4 1 1
github.com/corvusHold/guard/sdk/go/token_validator.go:157.3,157.18 1 1
github.com/corvusHold/guard/sdk/go/token_validator.go:160.2,164.9 4 0
github.com/corvusHold/guard/sdk/go/token_validator.go:164.9,166.3 1 0
github.com/corvusHold/guard/sdk/go/token_validator.go:167.2,167.17 1 0
github.com/corvusHold/guard/sdk/go/token_validator.go:171.63,173.22 2 5
github.com/corvusHold/guard/sdk/go/token_validator.go:173.22,175.3 1 1
github.com/corvusHold/guard/sdk/go/token_validator.go:176.2,177.16 2 5
github.com/corvusHold/guard/sdk/go/token_validator.go:177.16,179.3 1 0
github.com/corvusHold/guard/sdk/go/token_validator.go:181.2,182.16 2 5
github.com/corvusHold/guard/sdk/go/token_validator.go:182.16,184.3 1 2
github.com/corvusHold/guard/sdk/go/token_validator.go:185.2,187.38 2 3
github.com/corvusHold/guard/sdk/go/token_validator.go:187.38,189.3 1 2
github.com/corvusHold/guard/sdk/go/token_validator.go:191.2,192.65 2 1
github.com/corvusHold/guard/sdk/go/token_validator.go:192.65,194.3 1 0
github.com/corvusHold/guard/sdk/go/token_validator.go:196.2,197.30 2 1
github.com/corvusHold/guard/sdk/go/token_validator.go:197.30,198.40 1 2
github.com/corvusHold/guard/sdk/go/token_validator.go:198.40,199.12 1 1
github.com/corvusHold/guard/sdk/go/token_validator.go:201.3,202.17 2 1
github.com/corvusHold/guard/sdk/go/token_validator.go:202.17,203.12 1 0
github.com/corvusHold/guard/sdk/go/token_validator.go:205.3,205.23 1 1
github.com/corvusHold/guard/sdk/go/token_validator.go:208.2,213.12 5 1
github.com/corvusHold/guard/sdk/go/token_validator.go:232.59,234.16 2 2
github.com/corvusHold/guard/sdk/go/token_validator.go:234.16,236.3 1 1
github.com/corvusHold/guard/sdk/go/token_validator.go:237.2,238.16 2 1
github.com/corvusHold/guard/sdk/go/token_validator.go:238.16,240.3 1 0
github.com/corvusHold/guard/sdk/go/token_validator.go:241.2,245.8 1 1
github.com/corvusHold/guard/sdk/go/token_validator.go:250.67,252.16 2 7
github.com/corvusHold/guard/sdk/go/token_validator.go:252.16,254.3 1 0
github.com/corvusHold/guard/sdk/go/token_validator.go:255.2,256.16 2 7
github.com/corvusHold/guard/sdk/go/token_validator.go:256.16,258.3 1 1
github.com/corvusHold/guard/sdk/go/token_validator.go:259.2,260.61 2 6
github.com/corvusHold/guard/sdk/go/token_validator.go:260.61,262.3 1 0
github.com/corvusHold/guard/sdk/go/token_validator.go:263.2,263.20 1 6
github.com/corvusHold/guard/sdk/go/token_validator.go:266.47,271.34 4 13
github.com/corvusHold/guard/sdk/go/token_validator.go:271.34,272.22 1 1778
github.com/corvusHold/guard/sdk/go/token_validator.go:272.22,276.4 3 25
github.com/corvusHold/guard/sdk/go/token_validator.go:278.2,279.21 2 13
github.com/corvusHold/guard/sdk/go/token_validator.go:279.21,281.3 1 1
github.com/corvusHold/guard/sdk/go/token_validator.go:282.2,282.19 1 12
github.com/corvusHold/guard/sdk/go/token_validator.go:285.58,287.16 2 4
github.com/corvusHold/guard/sdk/go/token_validator.go:287.16,289.3 1 1
github.com/corvusHold/guard/sdk/go/token_validator.go:292.2,293.59 2 3
github.com/corvusHold/guard/sdk/go/token_validator.go:293.59,295.3 1 0
github.com/corvusHold/guard/sdk/go/token_validator.go:297.2,298.38 2 3
github.com/corvusHold/guard/sdk/go/token_validator.go:298.38,300.3 1 3
github.com/corvusHold/guard/sdk/go/token_validator.go:301.2,301.38 1 3
github.com/corvusHold/guard/sdk/go/token_validator.go:301.38,303.3 1 3
github.com/corvusHold/guard/sdk/go/token_validator.go:304.2,304.40 1 3
github.com/corvusHold/guard/sdk/go/token_validator.go:304.40,306.3 1 2
github.com/corvusHold/guard/sdk/go/token_validator.go:307.2,307.39 1 3
github.com/corvusHold/guard/sdk/go/token_validator.go:307.39,309.3 1 2
github.com/corvusHold/guard/sdk/go/token_validator.go:310.2,310.38 1 3
github.com/corvusHold/guard/sdk/go/token_validator.go:310.38,312.3 1 2
github.com/corvusHold/guard/sdk/go/token_validator.go:313.2,313.38 1 3
github.com/corvusHold/guard/sdk/go/token_validator.go:313.38,315.3 1 2
github.com/corvusHold/guard/sdk/go/token_validator.go:316.2,316.39 1 3
github.com/corvusHold/guard/sdk/go/token_validator.go:316.39,318.3 1 2
github.com/corvusHold/guard/sdk/go/token_validator.go:319.2,319.39 1 3
github.com/corvusHold/guard/sdk/go/token_validator.go:319.39,321.3 1 3
github.com/corvusHold/guard/sdk/go/token_validator.go:322.2,322.49 1 3
github.com/corvusHold/guard/sdk/go/token_validator.go:322.49,323.25 1 2
github.com/corvusHold/guard/sdk/go/token_validator.go:323.25,324.31 1 5
github.com/corvusHold/guard/sdk/go/token_validator.go:324.31,326.5 1 4
github.com/corvusHold/guard/sdk/go/token_validator.go:330.2,330.20 1 3
